OrderID,OrderDate,CustomerID,CustomerName,City,State,ProductID,ProductName,Category,Quantity,UnitPrice,Discount,Sales,Cost,Profit,PaymentMethod,Month,Month Number,Year,Profit Margin,,,,
10001,2/25/2026,1360.00,Customer 137,Delhi,Delhi,215.00,Notebook,Office,3.00,"$25,082.00 ",1000.00%,"$67,721.40","$54,102.17","$13,619.23",UPI,February,2,2026,79.89%,,,,
10002,4/28/2026,1085.00,Customer 298,Mumbai,Maharashtra,287.00,Pen,Office,8.00,"$35,485.00 ",500.00%,"$269,686.00","$228,090.18","$41,595.82",Debit Card,April,4,2026,84.58%,,,,
10003,5/16/2026,1058.00,Customer 403,Bengaluru,Karnataka,240.00,Desk,Furniture,8.00,"$37,532.00 ",2000.00%,"$240,204.80","$208,326.24","$31,878.56",Credit Card,May,5,2026,86.73%,,,,
10004,7/20/2025,1205.00,Customer 274,Mumbai,Maharashtra,286.00,Monitor,Electronics,6.00,"$16,992.00 ",0.00%,"$101,952.00","$68,745.60","$33,206.40",Cash,July,7,2025,67.43%,,,,
10005,3/8/2026,1306.00,Customer 103,Hyderabad,Telangana,247.00,Table,Furniture,6.00,"$35,089.00 ",500.00%,"$200,007.30","$128,846.50","$71,160.80",Debit Card,March,3,2026,64.42%,,,,
10006,11/2/2026,1354.00,Customer 47,Mumbai,Maharashtra,215.00,Monitor,Electronics,3.00,"$12,003.00 ",0.00%,"$36,009.00","$31,739.79","$4,269.21",UPI,November,11,2026,88.14%,,,,
10007,6/7/2026,1119.00,Customer 299,Chennai,Tamil Nadu,251.00,Table,Furniture,8.00,"$33,415.00 ",0.00%,"$267,320.00","$165,990.78","$101,329.22",UPI,June,6,2026,62.09%,,,,
10008,10/30/2025,1245.00,Customer 359,Bengaluru,Karnataka,283.00,Paper,Office,2.00,"$28,113.00 ",500.00%,"$53,414.70","$35,226.64","$18,188.06",Credit Card,October,10,2025,65.95%,,,,
10009,10/1/2026,1028.00,Customer 161,Bengaluru,Karnataka,204.00,Desk,Furniture,5.00,"$25,903.00 ",1500.00%,"$110,087.75","$87,560.38","$22,527.37",Cash,October,10,2026,79.54%,,,,
10010,11/4/2025,1246.00,Customer 94,Mumbai,Maharashtra,270.00,Chair,Furniture,5.00,"$11,790.00 ",500.00%,"$56,002.50","$39,269.39","$16,733.11",UPI,November,11,2025,70.12%,,,,
10011,4/1/2025,1024.00,Customer 198,Mumbai,Maharashtra,253.00,Pen,Office,2.00,"$41,869.00 ",500.00%,"$79,551.10","$65,924.40","$13,626.70",Debit Card,April,4,2025,82.87%,,,,
10012,12/23/2025,1407.00,Customer 122,Chennai,Tamil Nadu,228.00,Desk,Furniture,7.00,"$13,772.00 ",0.00%,"$96,404.00","$76,112.43","$20,291.57",UPI,December,12,2025,78.95%,,,,
10013,8/13/2025,1130.00,Customer 268,Hyderabad,Telangana,213.00,Pen,Office,1.00,"$10,070.00 ",1500.00%,"$8,559.50","$6,220.41","$2,339.09",Cash,August,8,2025,72.67%,,,,
10014,2/24/2025,1048.00,Customer 60,Hyderabad,Telangana,265.00,Monitor,Electronics,6.00,"$31,815.00 ",500.00%,"$181,345.50","$132,374.34","$48,971.16",UPI,February,2,2025,73.00%,,,,
10015,4/9/2026,1304.00,Customer 18,Bengaluru,Karnataka,257.00,Notebook,Office,4.00,"$42,955.00 ",1500.00%,"$146,047.00","$127,702.13","$18,344.87",Debit Card,April,4,2026,87.44%,,,,5
10016,9/17/2025,1114.00,Customer 205,Delhi,Delhi,205.00,Paper,Office,8.00,"$3,623.00 ",1000.00%,"$26,085.60","$21,500.11","$4,585.49",Credit Card,September,9,2025,82.42%,,,,
10017,10/30/2026,1179.00,Customer 310,Mumbai,Maharashtra,278.00,Chair,Furniture,7.00,"$14,626.00 ",2000.00%,"$81,905.60","$55,922.03","$25,983.57",Cash,October,10,2026,68.28%,,,,
10018,8/6/2025,1333.00,Customer 85,Pune,Maharashtra,264.00,Mouse,Electronics,7.00,"$28,118.00 ",2000.00%,"$157,460.80","$119,282.74","$38,178.06",Credit Card,August,8,2025,75.75%,,,,
10019,1/13/2025,1355.00,Customer 216,Bengaluru,Karnataka,281.00,Mouse,Electronics,5.00,"$8,913.00 ",1500.00%,"$37,880.25","$30,035.43","$7,844.82",Cash,January,1,2025,79.29%,,,,4.4698
10020,11/8/2025,1304.00,Customer 195,Chennai,Tamil Nadu,250.00,Paper,Office,1.00,"$32,094.00 ",1000.00%,"$28,884.60","$20,488.91","$8,395.69",UPI,November,11,2025,70.93%,,,,
10021,3/24/2026,1312.00,Customer 353,Pune,Maharashtra,252.00,Desk,Furniture,4.00,"$47,623.00 ",2000.00%,"$152,393.60","$100,441.28","$51,952.32",Cash,March,3,2026,65.91%,,,,
10022,7/16/2026,1196.00,Customer 315,Hyderabad,Telangana,296.00,Paper,Office,6.00,"$30,346.00 ",1000.00%,"$163,868.40","$137,670.24","$26,198.16",Cash,July,7,2026,84.01%,,,,
10023,6/6/2026,1097.00,Customer 482,Bengaluru,Karnataka,293.00,Paper,Office,5.00,"$18,722.00 ",1000.00%,"$84,249.00","$64,494.50","$19,754.50",UPI,June,6,2026,76.55%,,,,
10024,1/19/2026,1466.00,Customer 3,Bengaluru,Karnataka,270.00,Paper,Office,7.00,"$11,326.00 ",1000.00%,"$71,353.80","$58,096.18","$13,257.62",Cash,January,1,2026,81.42%,,,,
10025,4/28/2026,1480.00,Customer 378,Pune,Maharashtra,252.00,Monitor,Electronics,4.00,"$23,975.00 ",0.00%,"$95,900.00","$59,960.52","$35,939.48",Credit Card,April,4,2026,62.52%,,,,
10026,9/4/2026,1378.00,Customer 72,Delhi,Delhi,229.00,Desk,Furniture,4.00,"$26,865.00 ",1000.00%,"$96,714.00","$58,851.31","$37,862.69",Credit Card,September,9,2026,60.85%,,,,
10027,12/17/2025,1187.00,Customer 378,Chennai,Tamil Nadu,262.00,Table,Furniture,3.00,"$26,475.00 ",1500.00%,"$67,511.25","$47,332.47","$20,178.78",Credit Card,December,12,2025,70.11%,,,,
10028,12/18/2026,1456.00,Customer 333,Delhi,Delhi,221.00,Chair,Furniture,2.00,"$4,109.00 ",2000.00%,"$6,574.40","$5,873.41",$700.99,UPI,December,12,2026,89.34%,,,,
10029,11/27/2025,1054.00,Customer 155,Mumbai,Maharashtra,222.00,Chair,Furniture,3.00,"$10,459.00 ",500.00%,"$29,808.15","$22,154.40","$7,653.75",Credit Card,November,11,2025,74.32%,,,,
10030,3/13/2025,1097.00,Customer 297,Mumbai,Maharashtra,277.00,Table,Furniture,6.00,"$15,390.00 ",2000.00%,"$73,872.00","$62,774.77","$11,097.23",Credit Card,March,3,2025,84.98%,,,,
10031,1/23/2025,1313.00,Customer 54,Mumbai,Maharashtra,265.00,Paper,Office,6.00,"$28,420.00 ",2000.00%,"$136,416.00","$93,666.02","$42,749.98",Debit Card,January,1,2025,68.66%,,,,
10032,12/8/2025,1245.00,Customer 254,Mumbai,Maharashtra,248.00,Pen,Office,6.00,"$8,289.00 ",1000.00%,"$44,760.60","$30,769.07","$13,991.53",Credit Card,December,12,2025,68.74%,,,,
10033,5/28/2026,1133.00,Customer 439,Chennai,Tamil Nadu,288.00,Pen,Office,7.00,"$41,767.00 ",1500.00%,"$248,513.65","$186,068.62","$62,445.03",Debit Card,May,5,2026,74.87%,,,,
10034,12/9/2026,1302.00,Customer 316,Bengaluru,Karnataka,237.00,Chair,Furniture,6.00,"$39,948.00 ",500.00%,"$227,703.60","$182,720.93","$44,982.67",UPI,December,12,2026,80.25%,,,,
10035,9/23/2025,1159.00,Customer 425,Pune,Maharashtra,211.00,Notebook,Office,4.00,"$5,277.00 ",0.00%,"$21,108.00","$15,551.63","$5,556.37",Credit Card,September,9,2025,73.68%,,,,
10036,3/30/2026,1016.00,Customer 488,Bengaluru,Karnataka,237.00,Desk,Furniture,5.00,"$44,470.00 ",1000.00%,"$200,115.00","$127,720.33","$72,394.67",Credit Card,March,3,2026,63.82%,,,,
10037,2/22/2026,1439.00,Customer 494,Bengaluru,Karnataka,260.00,Mouse,Electronics,1.00,"$40,431.00 ",500.00%,"$38,409.45","$33,955.05","$4,454.40",UPI,February,2,2026,88.40%,,,,
10038,11/18/2025,1256.00,Customer 132,Mumbai,Maharashtra,250.00,Table,Furniture,2.00,"$21,808.00 ",500.00%,"$41,435.20","$36,618.19","$4,817.01",Credit Card,November,11,2025,88.37%,,,,
10039,6/12/2025,1086.00,Customer 288,Hyderabad,Telangana,214.00,Chair,Furniture,4.00,"$34,026.00 ",0.00%,"$136,104.00","$105,593.40","$30,510.60",Credit Card,June,6,2025,77.58%,,,,
10040,8/12/2026,1319.00,Customer 450,Mumbai,Maharashtra,248.00,Pen,Office,8.00,"$38,501.00 ",1500.00%,"$261,806.80","$159,320.25","$102,486.55",Debit Card,August,8,2026,60.85%,,,,
10041,1/14/2025,1243.00,Customer 46,Hyderabad,Telangana,277.00,Paper,Office,5.00,"$21,978.00 ",2000.00%,"$87,912.00","$62,185.41","$25,726.59",UPI,January,1,2025,70.74%,,,,
10042,10/22/2026,1379.00,Customer 441,Delhi,Delhi,287.00,Notebook,Office,7.00,"$22,085.00 ",1000.00%,"$139,135.50","$96,572.26","$42,563.24",UPI,October,10,2026,69.41%,,,,
10043,9/24/2025,1354.00,Customer 432,Mumbai,Maharashtra,222.00,Mouse,Electronics,4.00,"$36,565.00 ",1500.00%,"$124,321.00","$80,138.39","$44,182.61",Credit Card,September,9,2025,64.46%,,,,
10044,3/3/2026,1227.00,Customer 71,Bengaluru,Karnataka,225.00,Paper,Office,6.00,"$42,884.00 ",500.00%,"$244,438.80","$215,624.85","$28,813.95",UPI,March,3,2026,88.21%,,,,
10045,2/19/2026,1307.00,Customer 135,Pune,Maharashtra,223.00,Table,Furniture,4.00,"$17,101.00 ",2000.00%,"$54,723.20","$43,597.11","$11,126.09",UPI,February,2,2026,79.67%,,,,
10046,12/24/2026,1199.00,Customer 268,Delhi,Delhi,253.00,Pen,Office,1.00,"$28,471.00 ",1500.00%,"$24,200.35","$19,281.31","$4,919.04",Cash,December,12,2026,79.67%,,,,
10047,1/30/2026,1163.00,Customer 358,Hyderabad,Telangana,223.00,Keyboard,Electronics,8.00,"$2,486.00 ",1000.00%,"$17,899.20","$15,798.22","$2,100.98",UPI,January,1,2026,88.26%,,,,
10048,6/27/2026,1355.00,Customer 221,Bengaluru,Karnataka,241.00,Desk,Furniture,4.00,"$41,222.00 ",2000.00%,"$131,910.40","$94,761.09","$37,149.31",Credit Card,June,6,2026,71.84%,,,,
10049,5/24/2025,1450.00,Customer 398,Hyderabad,Telangana,261.00,Notebook,Office,7.00,"$26,622.00 ",500.00%,"$177,036.30","$156,966.78","$20,069.52",Cash,May,5,2025,88.66%,,,,
10050,3/31/2026,1059.00,Customer 459,Delhi,Delhi,247.00,Table,Furniture,6.00,"$30,333.00 ",1500.00%,"$154,698.30","$113,608.46","$41,089.84",UPI,March,3,2026,73.44%,,,,
10051,3/16/2026,1291.00,Customer 232,Pune,Maharashtra,291.00,Paper,Office,2.00,"$6,943.00 ",2000.00%,"$11,108.80","$7,317.07","$3,791.73",UPI,March,3,2026,65.87%,,,,
10052,11/23/2025,1043.00,Customer 114,Delhi,Delhi,227.00,Mouse,Electronics,1.00,"$47,939.00 ",1000.00%,"$43,145.10","$32,342.43","$10,802.67",Cash,November,11,2025,74.96%,,,,
10053,2/12/2026,1277.00,Customer 228,Mumbai,Maharashtra,220.00,Chair,Furniture,7.00,"$28,035.00 ",1000.00%,"$176,620.50","$118,701.49","$57,919.01",Debit Card,February,2,2026,67.21%,,,,
10054,2/14/2025,1393.00,Customer 370,Hyderabad,Telangana,285.00,Chair,Furniture,4.00,"$5,541.00 ",500.00%,"$21,055.80","$14,341.76","$6,714.04",Debit Card,February,2,2025,68.11%,,,,
10055,12/24/2025,1317.00,Customer 69,Mumbai,Maharashtra,280.00,Chair,Furniture,7.00,"$33,817.00 ",0.00%,"$236,719.00","$144,426.99","$92,292.01",Cash,December,12,2025,61.01%,,,,
10056,7/25/2026,1271.00,Customer 492,Pune,Maharashtra,240.00,Pen,Office,2.00,"$10,595.00 ",0.00%,"$21,190.00","$13,251.50","$7,938.50",Debit Card,July,7,2026,62.54%,,,,
10057,10/25/2026,1097.00,Customer 101,Mumbai,Maharashtra,251.00,Laptop,Electronics,4.00,"$24,097.00 ",1000.00%,"$86,749.20","$67,063.51","$19,685.69",Debit Card,October,10,2026,77.31%,,,,
10058,3/7/2025,1405.00,Customer 214,Chennai,Tamil Nadu,228.00,Mouse,Electronics,2.00,"$17,368.00 ",500.00%,"$32,999.20","$24,870.86","$8,128.34",Cash,March,3,2025,75.37%,,,,
10059,10/10/2025,1071.00,Customer 337,Delhi,Delhi,232.00,Keyboard,Electronics,8.00,"$22,486.00 ",1000.00%,"$161,899.20","$123,921.10","$37,978.10",Debit Card,October,10,2025,76.54%,,,,
10060,3/17/2025,1197.00,Customer 29,Delhi,Delhi,300.00,Notebook,Office,4.00,"$12,312.00 ",500.00%,"$46,785.60","$39,691.50","$7,094.10",Debit Card,March,3,2025,84.84%,,,,
10061,8/8/2025,1407.00,Customer 336,Chennai,Tamil Nadu,278.00,Keyboard,Electronics,4.00,"$2,343.00 ",1500.00%,"$7,966.20","$5,702.56","$2,263.64",UPI,August,8,2025,71.58%,,,,
10062,1/2/2025,1253.00,Customer 476,Pune,Maharashtra,275.00,Pen,Office,8.00,"$40,457.00 ",1500.00%,"$275,107.60","$197,375.29","$77,732.31",Debit Card,January,1,2025,71.74%,,,,
10063,8/8/2025,1436.00,Customer 38,Hyderabad,Telangana,227.00,Chair,Furniture,7.00,"$15,580.00 ",2000.00%,"$87,248.00","$55,140.95","$32,107.05",UPI,August,8,2025,63.20%,,,,
10064,10/29/2026,1267.00,Customer 418,Chennai,Tamil Nadu,239.00,Pen,Office,2.00,"$17,977.00 ",500.00%,"$34,156.30","$30,489.22","$3,667.08",UPI,October,10,2026,89.26%,,,,
10065,6/12/2025,1374.00,Customer 453,Pune,Maharashtra,207.00,Monitor,Electronics,6.00,"$37,165.00 ",500.00%,"$211,840.50","$188,396.08","$23,444.42",Debit Card,June,6,2025,88.93%,,,,
10066,7/1/2026,1111.00,Customer 367,Chennai,Tamil Nadu,265.00,Paper,Office,1.00,"$2,046.00 ",1500.00%,"$1,739.10","$1,240.61",$498.49,Debit Card,July,7,2026,71.34%,,,,
10067,6/9/2025,1468.00,Customer 195,Bengaluru,Karnataka,217.00,Notebook,Office,3.00,"$7,217.00 ",1500.00%,"$18,403.35","$13,897.78","$4,505.57",Cash,June,6,2025,75.52%,,,,
10068,4/27/2025,1090.00,Customer 471,Delhi,Delhi,226.00,Monitor,Electronics,5.00,"$7,981.00 ",500.00%,"$37,909.75","$28,338.68","$9,571.07",Cash,April,4,2025,74.75%,,,,
10069,11/27/2025,1031.00,Customer 137,Delhi,Delhi,243.00,Mouse,Electronics,5.00,"$24,565.00 ",2000.00%,"$98,260.00","$83,960.25","$14,299.75",Cash,November,11,2025,85.45%,,,,
10070,10/16/2025,1050.00,Customer 416,Hyderabad,Telangana,221.00,Desk,Furniture,2.00,"$4,785.00 ",500.00%,"$9,091.50","$6,550.53","$2,540.97",Debit Card,October,10,2025,72.05%,,,,
10071,1/10/2026,1219.00,Customer 342,Delhi,Delhi,249.00,Paper,Office,3.00,"$49,916.00 ",1000.00%,"$134,773.20","$105,384.83","$29,388.37",UPI,January,1,2026,78.19%,,,,
10072,7/9/2026,1434.00,Customer 46,Delhi,Delhi,263.00,Keyboard,Electronics,8.00,"$37,692.00 ",1000.00%,"$271,382.40","$180,459.10","$90,923.30",Debit Card,July,7,2026,66.50%,,,,
10073,3/1/2026,1440.00,Customer 273,Hyderabad,Telangana,290.00,Paper,Office,7.00,"$1,801.00 ",1000.00%,"$11,346.30","$9,266.44","$2,079.86",Credit Card,March,3,2026,81.67%,,,,
10074,6/13/2026,1468.00,Customer 395,Pune,Maharashtra,261.00,Laptop,Electronics,7.00,"$16,417.00 ",0.00%,"$114,919.00","$82,670.50","$32,248.50",Credit Card,June,6,2026,71.94%,,,,
10075,6/28/2025,1215.00,Customer 208,Delhi,Delhi,257.00,Monitor,Electronics,1.00,"$49,864.00 ",500.00%,"$47,370.80","$38,631.76","$8,739.04",Cash,June,6,2025,81.55%,,,,
10076,7/10/2025,1042.00,Customer 373,Mumbai,Maharashtra,241.00,Chair,Furniture,4.00,"$33,257.00 ",2000.00%,"$106,422.40","$88,309.18","$18,113.22",Cash,July,7,2025,82.98%,,,,
10077,8/31/2026,1093.00,Customer 262,Chennai,Tamil Nadu,287.00,Table,Furniture,1.00,"$16,653.00 ",1000.00%,"$14,987.70","$11,664.32","$3,323.38",Credit Card,August,8,2026,77.83%,,,,
10078,10/8/2026,1365.00,Customer 366,Mumbai,Maharashtra,269.00,Desk,Furniture,2.00,"$19,443.00 ",2000.00%,"$31,108.80","$23,065.33","$8,043.47",Debit Card,October,10,2026,74.14%,,,,
10079,6/15/2025,1254.00,Customer 306,Chennai,Tamil Nadu,266.00,Chair,Furniture,4.00,"$41,816.00 ",500.00%,"$158,900.80","$125,096.67","$33,804.13",Cash,June,6,2025,78.73%,,,,
10080,1/31/2025,1227.00,Customer 265,Chennai,Tamil Nadu,231.00,Pen,Office,3.00,"$3,296.00 ",0.00%,"$9,888.00","$8,036.06","$1,851.94",Debit Card,January,1,2025,81.27%,,,,
10081,7/25/2026,1197.00,Customer 124,Delhi,Delhi,204.00,Monitor,Electronics,8.00,"$13,390.00 ",2000.00%,"$85,696.00","$70,877.98","$14,818.02",Debit Card,July,7,2026,82.71%,,,,
10082,4/26/2025,1201.00,Customer 56,Chennai,Tamil Nadu,231.00,Pen,Office,2.00,"$48,628.00 ",1500.00%,"$82,667.60","$52,729.54","$29,938.06",Debit Card,April,4,2025,63.79%,,,,
10083,2/13/2025,1052.00,Customer 339,Pune,Maharashtra,285.00,Notebook,Office,7.00,"$14,715.00 ",1500.00%,"$87,554.25","$68,877.67","$18,676.58",Credit Card,February,2,2025,78.67%,,,,
10084,6/19/2025,1189.00,Customer 184,Chennai,Tamil Nadu,276.00,Chair,Furniture,4.00,"$9,135.00 ",1000.00%,"$32,886.00","$26,102.94","$6,783.06",UPI,June,6,2025,79.37%,,,,
10085,2/25/2026,1377.00,Customer 74,Chennai,Tamil Nadu,256.00,Pen,Office,4.00,"$40,886.00 ",1500.00%,"$139,012.40","$95,582.85","$43,429.55",Debit Card,February,2,2026,68.76%,,,,
10086,9/22/2025,1441.00,Customer 72,Pune,Maharashtra,248.00,Pen,Office,1.00,"$35,652.00 ",1500.00%,"$30,304.20","$18,296.68","$12,007.52",Credit Card,September,9,2025,60.38%,,,,
10087,1/9/2025,1067.00,Customer 53,Hyderabad,Telangana,241.00,Keyboard,Electronics,6.00,"$17,161.00 ",1500.00%,"$87,521.10","$60,571.87","$26,949.23",Cash,January,1,2025,69.21%,,,,
10088,10/1/2025,1406.00,Customer 280,Mumbai,Maharashtra,225.00,Notebook,Office,8.00,"$27,381.00 ",2000.00%,"$175,238.40","$135,540.49","$39,697.91",Cash,October,10,2025,77.35%,,,,
10089,6/1/2025,1166.00,Customer 244,Pune,Maharashtra,224.00,Mouse,Electronics,5.00,"$5,693.00 ",0.00%,"$28,465.00","$19,367.37","$9,097.63",Debit Card,June,6,2025,68.04%,,,,
10090,5/19/2026,1463.00,Customer 250,Bengaluru,Karnataka,257.00,Chair,Furniture,1.00,"$37,745.00 ",1500.00%,"$32,083.25","$25,842.87","$6,240.38",Credit Card,May,5,2026,80.55%,,,,
10091,4/26/2026,1044.00,Customer 268,Bengaluru,Karnataka,239.00,Mouse,Electronics,6.00,"$18,089.00 ",1500.00%,"$92,253.90","$73,442.57","$18,811.33",Debit Card,April,4,2026,79.61%,,,,
10092,11/28/2026,1162.00,Customer 312,Hyderabad,Telangana,269.00,Paper,Office,7.00,"$27,532.00 ",1000.00%,"$173,451.60","$108,279.06","$65,172.54",Debit Card,November,11,2026,62.43%,,,,
10093,12/25/2025,1198.00,Customer 196,Chennai,Tamil Nadu,222.00,Chair,Furniture,1.00,"$10,256.00 ",1000.00%,"$9,230.40","$7,369.16","$1,861.24",Cash,December,12,2025,79.84%,,,,
10094,4/11/2026,1393.00,Customer 347,Delhi,Delhi,222.00,Chair,Furniture,7.00,"$38,492.00 ",0.00%,"$269,444.00","$200,890.64","$68,553.36",Debit Card,April,4,2026,74.56%,,,,
10095,9/4/2025,1337.00,Customer 494,Mumbai,Maharashtra,254.00,Pen,Office,3.00,"$18,136.00 ",500.00%,"$51,687.60","$32,909.07","$18,778.53",Debit Card,September,9,2025,63.67%,,,,
10096,2/2/2026,1299.00,Customer 125,Delhi,Delhi,296.00,Mouse,Electronics,8.00,"$26,605.00 ",0.00%,"$212,840.00","$140,635.14","$72,204.86",Cash,February,2,2026,66.08%,,,,
10097,3/15/2026,1199.00,Customer 350,Mumbai,Maharashtra,245.00,Paper,Office,1.00,"$33,691.00 ",2000.00%,"$26,952.80","$21,018.54","$5,934.26",UPI,March,3,2026,77.98%,,,,
10098,4/8/2026,1426.00,Customer 141,Mumbai,Maharashtra,246.00,Mouse,Electronics,1.00,"$40,493.00 ",1000.00%,"$36,443.70","$28,549.50","$7,894.20",Debit Card,April,4,2026,78.34%,,,,
10099,12/17/2026,1287.00,Customer 308,Mumbai,Maharashtra,206.00,Table,Furniture,4.00,"$37,069.00 ",500.00%,"$140,862.20","$110,596.30","$30,265.90",Debit Card,December,12,2026,78.51%,,,,
10100,3/5/2026,1099.00,Customer 202,Chennai,Tamil Nadu,255.00,Laptop,Electronics,5.00,"$15,419.00 ",1500.00%,"$65,530.75","$48,781.58","$16,749.17",Credit Card,March,3,2026,74.44%,,,,
10101,4/4/2026,1136.00,Customer 276,Mumbai,Maharashtra,260.00,Desk,Furniture,2.00,"$24,510.00 ",1000.00%,"$44,118.00","$33,020.64","$11,097.36",UPI,April,4,2026,74.85%,,,,
10102,12/18/2025,1084.00,Customer 185,Delhi,Delhi,255.00,Chair,Furniture,1.00,"$21,012.00 ",2000.00%,"$16,809.60","$11,148.28","$5,661.32",Debit Card,December,12,2025,66.32%,,,,
10103,4/14/2025,1025.00,Customer 126,Hyderabad,Telangana,278.00,Chair,Furniture,3.00,"$23,384.00 ",1500.00%,"$59,629.20","$41,094.89","$18,534.31",UPI,April,4,2025,68.92%,,,,
10104,7/10/2025,1105.00,Customer 66,Mumbai,Maharashtra,244.00,Desk,Furniture,2.00,"$10,499.00 ",2000.00%,"$16,798.40","$15,018.02","$1,780.38",Debit Card,July,7,2025,89.40%,,,,
10105,3/17/2025,1476.00,Customer 17,Delhi,Delhi,219.00,Keyboard,Electronics,4.00,"$16,606.00 ",2000.00%,"$53,139.20","$38,272.31","$14,866.89",Debit Card,March,3,2025,72.02%,,,,
10106,2/20/2025,1365.00,Customer 460,Chennai,Tamil Nadu,295.00,Keyboard,Electronics,2.00,"$10,981.00 ",2000.00%,"$17,569.60","$11,295.72","$6,273.88",Debit Card,February,2,2025,64.29%,,,,
10107,7/12/2026,1369.00,Customer 377,Pune,Maharashtra,252.00,Pen,Office,3.00,"$21,147.00 ",0.00%,"$63,441.00","$41,974.89","$21,466.11",Credit Card,July,7,2026,66.16%,,,,
10108,1/9/2025,1049.00,Customer 194,Mumbai,Maharashtra,300.00,Monitor,Electronics,6.00,"$27,123.00 ",500.00%,"$154,601.10","$98,321.08","$56,280.02",Cash,January,1,2025,63.60%,,,,
10109,10/3/2026,1262.00,Customer 190,Chennai,Tamil Nadu,231.00,Monitor,Electronics,5.00,"$20,277.00 ",0.00%,"$101,385.00","$62,199.73","$39,185.27",UPI,October,10,2026,61.35%,,,,
10110,12/13/2025,1296.00,Customer 346,Pune,Maharashtra,246.00,Desk,Furniture,3.00,"$13,130.00 ",0.00%,"$39,390.00","$30,819.07","$8,570.93",Cash,December,12,2025,78.24%,,,,
10111,10/9/2026,1245.00,Customer 112,Pune,Maharashtra,292.00,Table,Furniture,3.00,"$33,044.00 ",1500.00%,"$84,262.20","$51,321.10","$32,941.10",Credit Card,October,10,2026,60.91%,,,,
10112,10/14/2025,1327.00,Customer 341,Chennai,Tamil Nadu,285.00,Table,Furniture,3.00,"$6,828.00 ",500.00%,"$19,459.80","$16,822.95","$2,636.85",Cash,October,10,2025,86.45%,,,,
10113,6/22/2025,1052.00,Customer 136,Bengaluru,Karnataka,244.00,Mouse,Electronics,8.00,"$17,309.00 ",0.00%,"$138,472.00","$107,837.16","$30,634.84",Credit Card,June,6,2025,77.88%,,,,
10114,6/7/2025,1050.00,Customer 39,Pune,Maharashtra,223.00,Pen,Office,5.00,"$22,264.00 ",0.00%,"$111,320.00","$69,081.58","$42,238.42",UPI,June,6,2025,62.06%,,,,
10115,6/2/2026,1041.00,Customer 328,Mumbai,Maharashtra,206.00,Laptop,Electronics,3.00,"$25,759.00 ",500.00%,"$73,413.15","$64,966.19","$8,446.96",Cash,June,6,2026,88.49%,,,,
10116,8/30/2026,1440.00,Customer 329,Hyderabad,Telangana,255.00,Chair,Furniture,8.00,"$35,071.00 ",1500.00%,"$238,482.80","$200,953.99","$37,528.81",Cash,August,8,2026,84.26%,,,,
10117,2/11/2026,1449.00,Customer 237,Chennai,Tamil Nadu,292.00,Table,Furniture,6.00,"$35,248.00 ",0.00%,"$211,488.00","$175,972.54","$35,515.46",Cash,February,2,2026,83.21%,,,,
10118,11/20/2025,1183.00,Customer 62,Delhi,Delhi,296.00,Pen,Office,5.00,$982.00 ,1000.00%,"$4,419.00","$2,748.01","$1,670.99",Debit Card,November,11,2025,62.19%,,,,
10119,4/20/2026,1347.00,Customer 496,Pune,Maharashtra,208.00,Table,Furniture,1.00,"$20,177.00 ",500.00%,"$19,168.15","$14,486.52","$4,681.63",Credit Card,April,4,2026,75.58%,,,,
10120,1/24/2026,1443.00,Customer 343,Delhi,Delhi,226.00,Laptop,Electronics,4.00,"$29,971.00 ",1000.00%,"$107,895.60","$77,303.04","$30,592.56",Debit Card,January,1,2026,71.65%,,,,
10121,9/25/2026,1195.00,Customer 218,Hyderabad,Telangana,282.00,Laptop,Electronics,7.00,"$40,305.00 ",1000.00%,"$253,921.50","$215,974.42","$37,947.08",Cash,September,9,2026,85.06%,,,,
10122,9/21/2025,1128.00,Customer 464,Hyderabad,Telangana,204.00,Notebook,Office,4.00,"$29,352.00 ",0.00%,"$117,408.00","$98,601.02","$18,806.98",Cash,September,9,2025,83.98%,,,,
10123,10/20/2026,1355.00,Customer 450,Mumbai,Maharashtra,290.00,Laptop,Electronics,1.00,"$18,009.00 ",2000.00%,"$14,407.20","$11,542.45","$2,864.75",UPI,October,10,2026,80.12%,,,,
10124,3/5/2026,1395.00,Customer 307,Chennai,Tamil Nadu,228.00,Table,Furniture,2.00,"$39,487.00 ",1000.00%,"$71,076.60","$61,601.70","$9,474.90",Credit Card,March,3,2026,86.67%,,,,
10125,7/14/2025,1339.00,Customer 359,Bengaluru,Karnataka,244.00,Notebook,Office,8.00,"$24,711.00 ",500.00%,"$187,803.60","$113,364.99","$74,438.61",UPI,July,7,2025,60.36%,,,,
10126,4/8/2025,1451.00,Customer 28,Chennai,Tamil Nadu,247.00,Desk,Furniture,7.00,"$28,593.00 ",0.00%,"$200,151.00","$146,266.17","$53,884.83",Credit Card,April,4,2025,73.08%,,,,
10127,8/21/2025,1212.00,Customer 219,Chennai,Tamil Nadu,245.00,Paper,Office,2.00,"$6,526.00 ",1000.00%,"$11,746.80","$10,440.85","$1,305.95",Debit Card,August,8,2025,88.88%,,,,
10128,2/17/2025,1196.00,Customer 145,Pune,Maharashtra,204.00,Notebook,Office,4.00,"$21,412.00 ",1000.00%,"$77,083.20","$47,867.66","$29,215.54",Debit Card,February,2,2025,62.10%,,,,
10129,10/27/2026,1222.00,Customer 500,Pune,Maharashtra,231.00,Desk,Furniture,5.00,"$42,183.00 ",500.00%,"$200,369.25","$136,371.37","$63,997.88",Credit Card,October,10,2026,68.06%,,,,
10130,4/24/2026,1180.00,Customer 36,Delhi,Delhi,241.00,Chair,Furniture,3.00,"$16,466.00 ",1500.00%,"$41,988.30","$35,218.49","$6,769.81",Cash,April,4,2026,83.88%,,,,
10131,9/2/2025,1423.00,Customer 375,Mumbai,Maharashtra,275.00,Mouse,Electronics,3.00,"$36,524.00 ",0.00%,"$109,572.00","$79,732.28","$29,839.72",Debit Card,September,9,2025,72.77%,,,,
10132,4/11/2025,1259.00,Customer 98,Chennai,Tamil Nadu,275.00,Desk,Furniture,8.00,"$46,956.00 ",2000.00%,"$300,518.40","$204,677.91","$95,840.49",Credit Card,April,4,2025,68.11%,,,,
10133,2/14/2025,1467.00,Customer 485,Mumbai,Maharashtra,277.00,Chair,Furniture,1.00,"$3,479.00 ",1500.00%,"$2,957.15","$2,346.09",$611.06,Cash,February,2,2025,79.34%,,,,
10134,12/17/2026,1397.00,Customer 355,Hyderabad,Telangana,227.00,Paper,Office,6.00,"$28,981.00 ",500.00%,"$165,191.70","$108,078.61","$57,113.09",Credit Card,December,12,2026,65.43%,,,,
10135,3/20/2025,1408.00,Customer 105,Bengaluru,Karnataka,228.00,Chair,Furniture,7.00,"$1,119.00 ",500.00%,"$7,441.35","$6,542.58",$898.77,Cash,March,3,2025,87.92%,,,,
10136,6/13/2026,1119.00,Customer 66,Bengaluru,Karnataka,273.00,Mouse,Electronics,1.00,"$20,375.00 ",1000.00%,"$18,337.50","$11,736.98","$6,600.52",Credit Card,June,6,2026,64.01%,,,,
10137,10/31/2025,1014.00,Customer 130,Bengaluru,Karnataka,271.00,Mouse,Electronics,8.00,"$18,263.00 ",1500.00%,"$124,188.40","$105,063.97","$19,124.43",Debit Card,October,10,2025,84.60%,,,,
10138,7/15/2025,1410.00,Customer 39,Chennai,Tamil Nadu,294.00,Paper,Office,3.00,"$47,434.00 ",0.00%,"$142,302.00","$102,500.18","$39,801.82",UPI,July,7,2025,72.03%,,,,
10139,1/27/2025,1133.00,Customer 205,Mumbai,Maharashtra,276.00,Paper,Office,2.00,"$6,932.00 ",0.00%,"$13,864.00","$11,898.86","$1,965.14",Debit Card,January,1,2025,85.83%,,,,
10140,1/17/2026,1172.00,Customer 162,Chennai,Tamil Nadu,266.00,Desk,Furniture,5.00,"$22,108.00 ",500.00%,"$105,013.00","$84,336.60","$20,676.40",Credit Card,January,1,2026,80.31%,,,,
10141,3/21/2026,1254.00,Customer 336,Chennai,Tamil Nadu,205.00,Pen,Office,5.00,"$47,007.00 ",500.00%,"$223,283.25","$169,235.15","$54,048.10",Credit Card,March,3,2026,75.79%,,,,
10142,8/29/2026,1130.00,Customer 284,Mumbai,Maharashtra,238.00,Monitor,Electronics,5.00,"$38,784.00 ",2000.00%,"$155,136.00","$136,987.77","$18,148.23",Debit Card,August,8,2026,88.30%,,,,
10143,8/22/2025,1235.00,Customer 133,Bengaluru,Karnataka,218.00,Table,Furniture,5.00,"$16,112.00 ",500.00%,"$76,532.00","$45,969.95","$30,562.05",Cash,August,8,2025,60.07%,,,,
10144,2/11/2026,1202.00,Customer 204,Hyderabad,Telangana,244.00,Laptop,Electronics,3.00,"$4,860.00 ",1500.00%,"$12,393.00","$8,545.05","$3,847.95",Cash,February,2,2026,68.95%,,,,
10145,4/19/2025,1388.00,Customer 323,Hyderabad,Telangana,232.00,Desk,Furniture,5.00,"$9,056.00 ",2000.00%,"$36,224.00","$25,330.93","$10,893.07",UPI,April,4,2025,69.93%,,,,
10146,3/3/2025,1388.00,Customer 372,Chennai,Tamil Nadu,235.00,Chair,Furniture,7.00,"$45,368.00 ",500.00%,"$301,697.20","$246,409.71","$55,287.49",Cash,March,3,2025,81.67%,,,,
10147,7/20/2026,1174.00,Customer 133,Delhi,Delhi,274.00,Chair,Furniture,8.00,"$10,952.00 ",1500.00%,"$74,473.60","$48,208.74","$26,264.86",Cash,July,7,2026,64.73%,,,,
10148,2/16/2026,1386.00,Customer 429,Bengaluru,Karnataka,255.00,Pen,Office,8.00,"$32,904.00 ",0.00%,"$263,232.00","$161,942.71","$101,289.29",UPI,February,2,2026,61.52%,,,,
10149,1/18/2026,1422.00,Customer 77,Bengaluru,Karnataka,297.00,Notebook,Office,4.00,"$41,632.00 ",500.00%,"$158,201.60","$134,832.28","$23,369.32",Debit Card,January,1,2026,85.23%,,,,
10150,10/3/2025,1407.00,Customer 222,Delhi,Delhi,251.00,Mouse,Electronics,3.00,"$10,405.00 ",500.00%,"$29,654.25","$26,572.19","$3,082.06",Credit Card,October,10,2025,89.61%,,,,
10151,4/11/2026,1456.00,Customer 58,Hyderabad,Telangana,258.00,Mouse,Electronics,2.00,"$44,304.00 ",0.00%,"$88,608.00","$74,205.26","$14,402.74",Cash,April,4,2026,83.75%,,,,
10152,10/17/2025,1091.00,Customer 8,Delhi,Delhi,236.00,Monitor,Electronics,2.00,"$10,029.00 ",500.00%,"$19,055.10","$16,493.73","$2,561.37",UPI,October,10,2025,86.56%,,,,
10153,11/18/2025,1276.00,Customer 433,Bengaluru,Karnataka,287.00,Table,Furniture,7.00,"$17,203.00 ",1500.00%,"$102,357.85","$74,853.13","$27,504.72",UPI,November,11,2025,73.13%,,,,
10154,5/6/2026,1241.00,Customer 89,Mumbai,Maharashtra,240.00,Notebook,Office,8.00,"$33,004.00 ",0.00%,"$264,032.00","$213,573.48","$50,458.52",Cash,May,5,2026,80.89%,,,,
10155,6/26/2026,1082.00,Customer 101,Chennai,Tamil Nadu,229.00,Pen,Office,5.00,"$46,436.00 ",1000.00%,"$208,962.00","$139,679.16","$69,282.84",Cash,June,6,2026,66.84%,,,,
10156,1/17/2025,1218.00,Customer 306,Bengaluru,Karnataka,263.00,Monitor,Electronics,1.00,"$31,942.00 ",1500.00%,"$27,150.70","$23,449.47","$3,701.23",Cash,January,1,2025,86.37%,,,,
10157,4/17/2025,1048.00,Customer 142,Mumbai,Maharashtra,217.00,Desk,Furniture,1.00,"$46,438.00 ",500.00%,"$44,116.10","$27,965.83","$16,150.27",Credit Card,April,4,2025,63.39%,,,,
10158,2/1/2025,1227.00,Customer 11,Delhi,Delhi,225.00,Laptop,Electronics,8.00,"$45,971.00 ",1000.00%,"$330,991.20","$218,731.68","$112,259.52",Debit Card,February,2,2025,66.08%,,,,
10159,12/29/2026,1022.00,Customer 374,Delhi,Delhi,245.00,Pen,Office,2.00,"$10,006.00 ",0.00%,"$20,012.00","$17,920.67","$2,091.33",UPI,December,12,2026,89.55%,,,,
10160,2/27/2025,1444.00,Customer 372,Bengaluru,Karnataka,216.00,Paper,Office,7.00,"$39,678.00 ",2000.00%,"$222,196.80","$153,839.41","$68,357.39",UPI,February,2,2025,69.24%,,,,
10161,3/26/2025,1289.00,Customer 311,Pune,Maharashtra,256.00,Desk,Furniture,5.00,"$26,911.00 ",2000.00%,"$107,644.00","$67,341.60","$40,302.40",Cash,March,3,2025,62.56%,,,,
10162,4/22/2025,1189.00,Customer 40,Delhi,Delhi,204.00,Notebook,Office,7.00,"$44,861.00 ",1000.00%,"$282,624.30","$176,699.81","$105,924.49",Cash,April,4,2025,62.52%,,,,
10163,9/6/2026,1345.00,Customer 59,Pune,Maharashtra,256.00,Notebook,Office,1.00,"$16,107.00 ",0.00%,"$16,107.00","$11,145.32","$4,961.68",Debit Card,September,9,2026,69.20%,,,,
10164,5/28/2025,1399.00,Customer 33,Pune,Maharashtra,267.00,Notebook,Office,7.00,"$18,366.00 ",2000.00%,"$102,849.60","$68,316.30","$34,533.30",Credit Card,May,5,2025,66.42%,,,,
10165,5/6/2025,1422.00,Customer 152,Mumbai,Maharashtra,208.00,Keyboard,Electronics,1.00,"$20,646.00 ",1000.00%,"$18,581.40","$16,611.26","$1,970.14",Debit Card,May,5,2025,89.40%,,,,
10166,8/8/2026,1024.00,Customer 343,Hyderabad,Telangana,273.00,Chair,Furniture,8.00,"$32,708.00 ",2000.00%,"$209,331.20","$142,811.11","$66,520.09",Debit Card,August,8,2026,68.22%,,,,
10167,11/24/2026,1035.00,Customer 302,Hyderabad,Telangana,264.00,Keyboard,Electronics,6.00,"$42,480.00 ",0.00%,"$254,880.00","$216,720.41","$38,159.59",Debit Card,November,11,2026,85.03%,,,,
10168,6/12/2026,1345.00,Customer 187,Bengaluru,Karnataka,297.00,Monitor,Electronics,2.00,"$32,522.00 ",2000.00%,"$52,035.20","$32,164.30","$19,870.90",Debit Card,June,6,2026,61.81%,,,,
10169,11/16/2026,1474.00,Customer 221,Mumbai,Maharashtra,300.00,Laptop,Electronics,3.00,$481.00 ,1500.00%,"$1,226.55",$929.83,$296.72,Cash,November,11,2026,75.81%,,,,
10170,12/11/2025,1419.00,Customer 94,Delhi,Delhi,292.00,Chair,Furniture,8.00,"$47,288.00 ",500.00%,"$359,388.80","$230,796.97","$128,591.83",Credit Card,December,12,2025,64.22%,,,,
10171,9/21/2025,1167.00,Customer 35,Hyderabad,Telangana,261.00,Table,Furniture,5.00,"$37,393.00 ",500.00%,"$177,616.75","$130,205.88","$47,410.87",Credit Card,September,9,2025,73.31%,,,,
10172,9/16/2026,1093.00,Customer 310,Delhi,Delhi,203.00,Pen,Office,7.00,"$16,414.00 ",500.00%,"$109,153.10","$89,209.11","$19,943.99",UPI,September,9,2026,81.73%,,,,
10173,3/10/2025,1117.00,Customer 60,Delhi,Delhi,266.00,Table,Furniture,5.00,"$20,231.00 ",0.00%,"$101,155.00","$72,494.48","$28,660.52",UPI,March,3,2025,71.67%,,,,
10174,3/13/2026,1379.00,Customer 87,Hyderabad,Telangana,204.00,Table,Furniture,7.00,"$1,826.00 ",2000.00%,"$10,225.60","$7,884.73","$2,340.87",UPI,March,3,2026,77.11%,,,,
10175,11/26/2026,1258.00,Customer 298,Chennai,Tamil Nadu,232.00,Mouse,Electronics,5.00,"$31,425.00 ",1500.00%,"$133,556.25","$116,155.76","$17,400.49",UPI,November,11,2026,86.97%,,,,
10176,4/8/2025,1083.00,Customer 500,Chennai,Tamil Nadu,246.00,Pen,Office,8.00,"$19,669.00 ",0.00%,"$157,352.00","$130,807.99","$26,544.01",Cash,April,4,2025,83.13%,,,,
10177,2/10/2026,1485.00,Customer 202,Hyderabad,Telangana,214.00,Laptop,Electronics,1.00,"$36,402.00 ",1500.00%,"$30,941.70","$23,758.58","$7,183.12",Cash,February,2,2026,76.78%,,,,
10178,10/14/2026,1456.00,Customer 144,Hyderabad,Telangana,232.00,Chair,Furniture,5.00,"$30,248.00 ",2000.00%,"$120,992.00","$106,674.63","$14,317.37",UPI,October,10,2026,88.17%,,,,
10179,9/15/2025,1131.00,Customer 70,Mumbai,Maharashtra,215.00,Table,Furniture,5.00,"$30,771.00 ",2000.00%,"$123,084.00","$108,123.60","$14,960.40",Credit Card,September,9,2025,87.85%,,,,
10180,5/29/2026,1376.00,Customer 434,Mumbai,Maharashtra,253.00,Desk,Furniture,4.00,"$15,459.00 ",2000.00%,"$49,468.80","$37,816.34","$11,652.46",Cash,May,5,2026,76.44%,,,,
10181,10/18/2025,1455.00,Customer 299,Chennai,Tamil Nadu,226.00,Monitor,Electronics,7.00,"$18,941.00 ",1500.00%,"$112,698.95","$80,302.83","$32,396.12",Debit Card,October,10,2025,71.25%,,,,
10182,7/9/2026,1051.00,Customer 262,Mumbai,Maharashtra,277.00,Notebook,Office,8.00,"$15,727.00 ",1500.00%,"$106,943.60","$66,477.06","$40,466.54",Cash,July,7,2026,62.16%,,,,
10183,11/1/2025,1302.00,Customer 18,Pune,Maharashtra,294.00,Paper,Office,5.00,"$16,898.00 ",1500.00%,"$71,816.50","$45,644.13","$26,172.37",UPI,November,11,2025,63.56%,,,,
10184,11/22/2025,1055.00,Customer 328,Pune,Maharashtra,219.00,Chair,Furniture,4.00,"$1,956.00 ",1500.00%,"$6,650.40","$5,579.19","$1,071.21",Cash,November,11,2025,83.89%,,,,
10185,3/22/2025,1088.00,Customer 276,Chennai,Tamil Nadu,209.00,Monitor,Electronics,1.00,"$27,810.00 ",2000.00%,"$22,248.00","$17,313.60","$4,934.40",Debit Card,March,3,2025,77.82%,,,,
10186,3/12/2026,1167.00,Customer 462,Pune,Maharashtra,273.00,Chair,Furniture,8.00,"$9,506.00 ",0.00%,"$76,048.00","$55,920.40","$20,127.60",Cash,March,3,2026,73.53%,,,,
10187,9/8/2026,1366.00,Customer 406,Bengaluru,Karnataka,263.00,Keyboard,Electronics,2.00,"$29,071.00 ",2000.00%,"$46,513.60","$31,014.17","$15,499.43",UPI,September,9,2026,66.68%,,,,
10188,11/27/2026,1119.00,Customer 367,Bengaluru,Karnataka,211.00,Notebook,Office,2.00,"$6,210.00 ",0.00%,"$12,420.00","$7,461.11","$4,958.89",UPI,November,11,2026,60.07%,,,,
10189,1/21/2025,1292.00,Customer 393,Pune,Maharashtra,231.00,Notebook,Office,7.00,"$1,333.00 ",1500.00%,"$7,931.35","$6,067.37","$1,863.98",Debit Card,January,1,2025,76.50%,,,,
10190,6/4/2025,1035.00,Customer 427,Hyderabad,Telangana,251.00,Chair,Furniture,4.00,"$44,146.00 ",1500.00%,"$150,096.40","$122,266.12","$27,830.28",Cash,June,6,2025,81.46%,,,,
10191,11/8/2025,1120.00,Customer 495,Bengaluru,Karnataka,259.00,Monitor,Electronics,2.00,"$36,463.00 ",1500.00%,"$61,987.10","$47,549.29","$14,437.81",Cash,November,11,2025,76.71%,,,,
10192,6/10/2025,1230.00,Customer 18,Pune,Maharashtra,236.00,Laptop,Electronics,6.00,"$32,813.00 ",1500.00%,"$167,346.30","$123,406.12","$43,940.18",UPI,June,6,2025,73.74%,,,,
10193,1/21/2026,1104.00,Customer 268,Bengaluru,Karnataka,281.00,Pen,Office,3.00,"$17,930.00 ",1500.00%,"$45,721.50","$28,064.12","$17,657.38",Debit Card,January,1,2026,61.38%,,,,
10194,3/14/2025,1105.00,Customer 35,Delhi,Delhi,232.00,Laptop,Electronics,4.00,"$14,711.00 ",2000.00%,"$47,075.20","$39,456.73","$7,618.47",Cash,March,3,2025,83.82%,,,,
10195,8/8/2026,1493.00,Customer 168,Hyderabad,Telangana,203.00,Monitor,Electronics,2.00,"$17,322.00 ",2000.00%,"$27,715.20","$22,397.03","$5,318.17",Cash,August,8,2026,80.81%,,,,
10196,1/1/2025,1180.00,Customer 78,Pune,Maharashtra,241.00,Monitor,Electronics,4.00,"$15,149.00 ",500.00%,"$57,566.20","$45,565.06","$12,001.14",Credit Card,January,1,2025,79.15%,,,,
10197,9/23/2025,1005.00,Customer 444,Pune,Maharashtra,242.00,Notebook,Office,4.00,"$47,416.00 ",0.00%,"$189,664.00","$167,219.54","$22,444.46",Debit Card,September,9,2025,88.17%,,,,
10198,10/19/2025,1361.00,Customer 384,Bengaluru,Karnataka,231.00,Notebook,Office,4.00,"$35,567.00 ",1500.00%,"$120,927.80","$103,269.70","$17,658.10",Debit Card,October,10,2025,85.40%,,,,
10199,4/24/2026,1247.00,Customer 452,Pune,Maharashtra,268.00,Chair,Furniture,3.00,"$15,071.00 ",2000.00%,"$36,170.40","$28,435.93","$7,734.47",Debit Card,April,4,2026,78.62%,,,,
10200,3/22/2026,1065.00,Customer 183,Bengaluru,Karnataka,225.00,Notebook,Office,6.00,"$1,905.00 ",1000.00%,"$10,287.00","$6,841.02","$3,445.98",Credit Card,March,3,2026,66.50%,,,,
10201,3/19/2026,1125.00,Customer 439,Mumbai,Maharashtra,291.00,Mouse,Electronics,5.00,"$8,840.00 ",1500.00%,"$37,570.00","$32,842.03","$4,727.97",Credit Card,March,3,2026,87.42%,,,,
10202,6/6/2025,1445.00,Customer 142,Pune,Maharashtra,267.00,Chair,Furniture,5.00,"$38,103.00 ",1000.00%,"$171,463.50","$147,912.67","$23,550.83",UPI,June,6,2025,86.26%,,,,
10203,3/24/2025,1198.00,Customer 34,Pune,Maharashtra,277.00,Table,Furniture,1.00,"$8,286.00 ",1500.00%,"$7,043.10","$5,867.23","$1,175.87",UPI,March,3,2025,83.30%,,,,
10204,2/20/2025,1105.00,Customer 14,Chennai,Tamil Nadu,247.00,Monitor,Electronics,3.00,"$26,619.00 ",500.00%,"$75,864.15","$53,674.45","$22,189.70",Credit Card,February,2,2025,70.75%,,,,
10205,10/22/2026,1478.00,Customer 274,Chennai,Tamil Nadu,252.00,Table,Furniture,2.00,"$22,063.00 ",1500.00%,"$37,507.10","$23,028.25","$14,478.85",UPI,October,10,2026,61.40%,,,,
10206,11/8/2026,1385.00,Customer 30,Chennai,Tamil Nadu,225.00,Paper,Office,5.00,"$44,730.00 ",1000.00%,"$201,285.00","$178,662.19","$22,622.81",Debit Card,November,11,2026,88.76%,,,,
10207,11/21/2025,1381.00,Customer 334,Bengaluru,Karnataka,281.00,Chair,Furniture,2.00,"$1,847.00 ",1000.00%,"$3,324.60","$2,236.44","$1,088.16",Cash,November,11,2025,67.27%,,,,
10208,3/15/2025,1332.00,Customer 89,Pune,Maharashtra,223.00,Notebook,Office,4.00,"$18,530.00 ",1000.00%,"$66,708.00","$53,018.06","$13,689.94",UPI,March,3,2025,79.48%,,,,
10209,4/27/2026,1248.00,Customer 484,Delhi,Delhi,270.00,Pen,Office,5.00,"$33,055.00 ",500.00%,"$157,011.25","$121,906.84","$35,104.41",Debit Card,April,4,2026,77.64%,,,,
10210,6/28/2026,1120.00,Customer 138,Delhi,Delhi,256.00,Chair,Furniture,7.00,"$28,269.00 ",500.00%,"$187,988.85","$148,206.92","$39,781.93",Debit Card,June,6,2026,78.84%,,,,
10211,2/12/2026,1017.00,Customer 306,Pune,Maharashtra,224.00,Keyboard,Electronics,1.00,"$3,079.00 ",2000.00%,"$2,463.20","$1,967.54",$495.66,UPI,February,2,2026,79.88%,,,,
10212,2/25/2025,1226.00,Customer 340,Delhi,Delhi,282.00,Table,Furniture,4.00,"$45,964.00 ",1500.00%,"$156,277.60","$127,766.76","$28,510.84",Debit Card,February,2,2025,81.76%,,,,
10213,11/3/2025,1025.00,Customer 332,Bengaluru,Karnataka,220.00,Monitor,Electronics,6.00,"$21,213.00 ",1000.00%,"$114,550.20","$97,857.67","$16,692.53",Credit Card,November,11,2025,85.43%,,,,
10214,12/6/2025,1445.00,Customer 221,Hyderabad,Telangana,246.00,Desk,Furniture,6.00,"$10,071.00 ",0.00%,"$60,426.00","$37,480.94","$22,945.06",Cash,December,12,2025,62.03%,,,,
10215,4/7/2026,1063.00,Customer 491,Bengaluru,Karnataka,234.00,Mouse,Electronics,7.00,$241.00 ,0.00%,"$1,687.00","$1,268.89",$418.11,Debit Card,April,4,2026,75.22%,,,,
10216,2/21/2025,1054.00,Customer 95,Hyderabad,Telangana,231.00,Desk,Furniture,2.00,"$6,360.00 ",1500.00%,"$10,812.00","$9,495.85","$1,316.15",Debit Card,February,2,2025,87.83%,,,,
10217,12/6/2026,1367.00,Customer 150,Bengaluru,Karnataka,225.00,Paper,Office,2.00,"$28,161.00 ",1000.00%,"$50,689.80","$42,382.81","$8,306.99",UPI,December,12,2026,83.61%,,,,
10218,8/25/2025,1362.00,Customer 260,Chennai,Tamil Nadu,227.00,Desk,Furniture,3.00,"$2,156.00 ",1500.00%,"$5,497.80","$4,332.85","$1,164.95",Credit Card,August,8,2025,78.81%,,,,
10219,11/21/2026,1155.00,Customer 60,Mumbai,Maharashtra,275.00,Keyboard,Electronics,5.00,"$25,651.00 ",1000.00%,"$115,429.50","$103,327.14","$12,102.36",Debit Card,November,11,2026,89.52%,,,,
10220,2/3/2026,1030.00,Customer 178,Delhi,Delhi,249.00,Pen,Office,6.00,"$8,459.00 ",500.00%,"$48,216.30","$33,393.56","$14,822.74",Cash,February,2,2026,69.26%,,,,
10221,5/3/2026,1041.00,Customer 218,Mumbai,Maharashtra,231.00,Pen,Office,8.00,"$22,127.00 ",2000.00%,"$141,612.80","$113,708.27","$27,904.53",Cash,May,5,2026,80.30%,,,,
10222,4/8/2025,1207.00,Customer 482,Mumbai,Maharashtra,265.00,Desk,Furniture,7.00,"$49,961.00 ",1000.00%,"$314,754.30","$192,376.24","$122,378.06",Debit Card,April,4,2025,61.12%,,,,
10223,3/20/2025,1199.00,Customer 158,Delhi,Delhi,282.00,Monitor,Electronics,1.00,"$21,327.00 ",1500.00%,"$18,127.95","$11,562.67","$6,565.28",Debit Card,March,3,2025,63.78%,,,,
10224,9/22/2026,1292.00,Customer 217,Chennai,Tamil Nadu,261.00,Pen,Office,7.00,"$27,956.00 ",1500.00%,"$166,338.20","$145,618.85","$20,719.35",Credit Card,September,9,2026,87.54%,,,,
10225,12/18/2025,1077.00,Customer 417,Mumbai,Maharashtra,265.00,Monitor,Electronics,1.00,"$45,491.00 ",2000.00%,"$36,392.80","$22,579.68","$13,813.12",Credit Card,December,12,2025,62.04%,,,,
10226,12/18/2025,1275.00,Customer 259,Delhi,Delhi,228.00,Pen,Office,2.00,"$30,282.00 ",2000.00%,"$48,451.20","$42,935.57","$5,515.63",Cash,December,12,2025,88.62%,,,,
10227,1/9/2026,1396.00,Customer 151,Mumbai,Maharashtra,264.00,Paper,Office,5.00,"$41,163.00 ",2000.00%,"$164,652.00","$132,371.39","$32,280.61",Cash,January,1,2026,80.39%,,,,
10228,9/3/2025,1297.00,Customer 459,Pune,Maharashtra,291.00,Notebook,Office,2.00,"$26,310.00 ",1000.00%,"$47,358.00","$28,635.74","$18,722.26",Debit Card,September,9,2025,60.47%,,,,
10229,7/10/2026,1415.00,Customer 375,Chennai,Tamil Nadu,239.00,Notebook,Office,2.00,"$49,292.00 ",500.00%,"$93,654.80","$84,246.66","$9,408.14",UPI,July,7,2026,89.95%,,,,
10230,12/15/2025,1483.00,Customer 147,Bengaluru,Karnataka,272.00,Laptop,Electronics,4.00,"$39,078.00 ",1000.00%,"$140,680.80","$120,579.87","$20,100.93",Cash,December,12,2025,85.71%,,,,
10231,4/2/2026,1144.00,Customer 163,Delhi,Delhi,235.00,Pen,Office,2.00,"$21,719.00 ",500.00%,"$41,266.10","$30,979.81","$10,286.29",Debit Card,April,4,2026,75.07%,,,,
10232,10/29/2025,1096.00,Customer 301,Pune,Maharashtra,277.00,Paper,Office,1.00,"$37,852.00 ",1500.00%,"$32,174.20","$21,927.91","$10,246.29",Debit Card,October,10,2025,68.15%,,,,
10233,1/23/2026,1498.00,Customer 66,Chennai,Tamil Nadu,212.00,Mouse,Electronics,2.00,"$3,453.00 ",2000.00%,"$5,524.80","$4,074.88","$1,449.92",Debit Card,January,1,2026,73.76%,,,,
10234,3/5/2025,1002.00,Customer 348,Pune,Maharashtra,272.00,Chair,Furniture,4.00,"$32,457.00 ",1000.00%,"$116,845.20","$96,646.89","$20,198.31",Credit Card,March,3,2025,82.71%,,,,
10235,5/25/2025,1495.00,Customer 32,Pune,Maharashtra,237.00,Keyboard,Electronics,7.00,"$26,056.00 ",0.00%,"$182,392.00","$149,806.15","$32,585.85",Cash,May,5,2025,82.13%,,,,
10236,11/12/2025,1075.00,Customer 430,Hyderabad,Telangana,270.00,Monitor,Electronics,2.00,"$40,721.00 ",0.00%,"$81,442.00","$59,541.07","$21,900.93",UPI,November,11,2025,73.11%,,,,
10237,10/21/2026,1197.00,Customer 156,Pune,Maharashtra,264.00,Pen,Office,1.00,"$39,291.00 ",1000.00%,"$35,361.90","$31,452.23","$3,909.67",Cash,October,10,2026,88.94%,,,,
10238,3/4/2025,1364.00,Customer 412,Bengaluru,Karnataka,218.00,Pen,Office,5.00,"$3,745.00 ",500.00%,"$17,788.75","$15,931.01","$1,857.74",UPI,March,3,2025,89.56%,,,,
10239,7/27/2025,1393.00,Customer 111,Delhi,Delhi,203.00,Mouse,Electronics,2.00,"$35,997.00 ",1500.00%,"$61,194.90","$48,965.92","$12,228.98",Debit Card,July,7,2025,80.02%,,,,
10240,8/21/2025,1412.00,Customer 307,Delhi,Delhi,222.00,Notebook,Office,3.00,"$12,644.00 ",1000.00%,"$34,138.80","$25,676.17","$8,462.63",UPI,August,8,2025,75.21%,,,,
10241,6/15/2025,1484.00,Customer 209,Mumbai,Maharashtra,212.00,Pen,Office,6.00,"$30,300.00 ",2000.00%,"$145,440.00","$127,699.97","$17,740.03",Debit Card,June,6,2025,87.80%,,,,
10242,10/26/2026,1181.00,Customer 471,Hyderabad,Telangana,221.00,Table,Furniture,8.00,"$22,457.00 ",500.00%,"$170,673.20","$126,544.11","$44,129.09",Debit Card,October,10,2026,74.14%,,,,
10243,6/28/2026,1402.00,Customer 385,Chennai,Tamil Nadu,283.00,Paper,Office,3.00,"$22,682.00 ",1500.00%,"$57,839.10","$44,507.96","$13,331.14",Credit Card,June,6,2026,76.95%,,,,
10244,4/29/2026,1036.00,Customer 344,Hyderabad,Telangana,269.00,Desk,Furniture,7.00,"$1,381.00 ",500.00%,"$9,183.65","$7,980.44","$1,203.21",Credit Card,April,4,2026,86.90%,,,,
10245,11/18/2025,1108.00,Customer 22,Delhi,Delhi,253.00,Monitor,Electronics,2.00,"$7,158.00 ",2000.00%,"$11,452.80","$9,767.64","$1,685.16",UPI,November,11,2025,85.29%,,,,
10246,6/10/2025,1066.00,Customer 384,Pune,Maharashtra,230.00,Laptop,Electronics,4.00,"$12,378.00 ",1500.00%,"$42,085.20","$35,161.46","$6,923.74",Cash,June,6,2025,83.55%,,,,
10247,4/8/2025,1308.00,Customer 248,Pune,Maharashtra,264.00,Chair,Furniture,1.00,"$18,090.00 ",0.00%,"$18,090.00","$11,794.76","$6,295.24",UPI,April,4,2025,65.20%,,,,
10248,9/7/2026,1366.00,Customer 315,Pune,Maharashtra,264.00,Table,Furniture,7.00,"$15,924.00 ",0.00%,"$111,468.00","$92,414.06","$19,053.94",Credit Card,September,9,2026,82.91%,,,,
10249,5/29/2025,1208.00,Customer 109,Hyderabad,Telangana,273.00,Laptop,Electronics,3.00,"$33,981.00 ",1000.00%,"$91,748.70","$67,534.04","$24,214.66",Credit Card,May,5,2025,73.61%,,,,
10250,12/14/2026,1103.00,Customer 229,Chennai,Tamil Nadu,277.00,Chair,Furniture,7.00,"$42,570.00 ",0.00%,"$297,990.00","$235,537.01","$62,452.99",Credit Card,December,12,2026,79.04%,,,,
10251,12/27/2026,1046.00,Customer 10,Mumbai,Maharashtra,241.00,Mouse,Electronics,5.00,"$19,629.00 ",500.00%,"$93,237.75","$82,019.95","$11,217.80",Debit Card,December,12,2026,87.97%,,,,
10252,4/6/2025,1192.00,Customer 105,Bengaluru,Karnataka,290.00,Table,Furniture,1.00,"$2,994.00 ",1000.00%,"$2,694.60","$1,939.62",$754.98,Cash,April,4,2025,71.98%,,,,
10253,1/22/2026,1089.00,Customer 111,Delhi,Delhi,233.00,Mouse,Electronics,1.00,"$13,377.00 ",500.00%,"$12,708.15","$7,989.49","$4,718.66",Cash,January,1,2026,62.87%,,,,
10254,7/3/2026,1500.00,Customer 210,Pune,Maharashtra,257.00,Desk,Furniture,2.00,"$5,170.00 ",2000.00%,"$8,272.00","$5,998.37","$2,273.63",Debit Card,July,7,2026,72.51%,,,,
10255,3/18/2026,1187.00,Customer 443,Hyderabad,Telangana,234.00,Laptop,Electronics,5.00,"$5,593.00 ",0.00%,"$27,965.00","$20,209.18","$7,755.82",UPI,March,3,2026,72.27%,,,,
10256,8/9/2026,1060.00,Customer 90,Pune,Maharashtra,202.00,Keyboard,Electronics,1.00,"$35,874.00 ",500.00%,"$34,080.30","$20,493.63","$13,586.67",Credit Card,August,8,2026,60.13%,,,,
10257,3/12/2025,1409.00,Customer 253,Delhi,Delhi,229.00,Table,Furniture,6.00,"$20,865.00 ",500.00%,"$118,930.50","$97,536.90","$21,393.60",Cash,March,3,2025,82.01%,,,,
10258,4/26/2026,1131.00,Customer 280,Pune,Maharashtra,298.00,Chair,Furniture,3.00,"$18,006.00 ",1500.00%,"$45,915.30","$31,922.52","$13,992.78",Debit Card,April,4,2026,69.52%,,,,
10259,7/8/2026,1148.00,Customer 317,Mumbai,Maharashtra,271.00,Notebook,Office,6.00,"$38,951.00 ",0.00%,"$233,706.00","$191,221.38","$42,484.62",Debit Card,July,7,2026,81.82%,,,,
10260,12/8/2026,1099.00,Customer 339,Hyderabad,Telangana,214.00,Notebook,Office,7.00,"$7,968.00 ",1500.00%,"$47,409.60","$28,962.48","$18,447.12",UPI,December,12,2026,61.09%,,,,
10261,4/6/2026,1057.00,Customer 455,Pune,Maharashtra,252.00,Mouse,Electronics,3.00,"$41,817.00 ",500.00%,"$119,178.45","$102,803.08","$16,375.37",UPI,April,4,2026,86.26%,,,,
10262,4/20/2026,1002.00,Customer 145,Chennai,Tamil Nadu,235.00,Table,Furniture,4.00,"$28,110.00 ",1000.00%,"$101,196.00","$87,919.24","$13,276.76",UPI,April,4,2026,86.88%,,,,
10263,9/24/2026,1266.00,Customer 36,Hyderabad,Telangana,213.00,Laptop,Electronics,4.00,"$13,027.00 ",0.00%,"$52,108.00","$43,194.84","$8,913.16",Credit Card,September,9,2026,82.89%,,,,
10264,3/18/2026,1170.00,Customer 323,Chennai,Tamil Nadu,250.00,Table,Furniture,2.00,"$17,387.00 ",2000.00%,"$27,819.20","$24,083.03","$3,736.17",Credit Card,March,3,2026,86.57%,,,,
10265,1/29/2026,1136.00,Customer 79,Bengaluru,Karnataka,246.00,Notebook,Office,2.00,"$25,949.00 ",1500.00%,"$44,113.30","$38,936.57","$5,176.73",Credit Card,January,1,2026,88.26%,,,,
10266,6/18/2026,1411.00,Customer 138,Pune,Maharashtra,280.00,Keyboard,Electronics,2.00,"$47,705.00 ",2000.00%,"$76,328.00","$47,087.76","$29,240.24",UPI,June,6,2026,61.69%,,,,
10267,7/2/2026,1361.00,Customer 420,Hyderabad,Telangana,204.00,Monitor,Electronics,5.00,"$37,017.00 ",500.00%,"$175,830.75","$108,184.63","$67,646.12",UPI,July,7,2026,61.53%,,,,
10268,5/30/2026,1001.00,Customer 144,Mumbai,Maharashtra,213.00,Notebook,Office,8.00,"$38,083.00 ",0.00%,"$304,664.00","$210,915.68","$93,748.32",UPI,May,5,2026,69.23%,,,,
10269,1/24/2026,1084.00,Customer 107,Delhi,Delhi,212.00,Laptop,Electronics,2.00,"$43,312.00 ",2000.00%,"$69,299.20","$59,884.90","$9,414.30",Debit Card,January,1,2026,86.41%,,,,
10270,11/2/2025,1011.00,Customer 408,Pune,Maharashtra,258.00,Paper,Office,2.00,"$10,771.00 ",1000.00%,"$19,387.80","$14,032.79","$5,355.01",Credit Card,November,11,2025,72.38%,,,,
10271,12/8/2025,1248.00,Customer 434,Hyderabad,Telangana,227.00,Desk,Furniture,4.00,"$3,839.00 ",1000.00%,"$13,820.40","$9,901.44","$3,918.96",UPI,December,12,2025,71.64%,,,,
10272,12/2/2025,1306.00,Customer 58,Chennai,Tamil Nadu,278.00,Pen,Office,4.00,"$25,188.00 ",500.00%,"$95,714.40","$75,741.99","$19,972.41",Credit Card,December,12,2025,79.13%,,,,
10273,9/7/2026,1292.00,Customer 440,Bengaluru,Karnataka,247.00,Notebook,Office,2.00,"$11,883.00 ",0.00%,"$23,766.00","$18,316.23","$5,449.77",Cash,September,9,2026,77.07%,,,,
10274,4/11/2026,1420.00,Customer 411,Mumbai,Maharashtra,235.00,Chair,Furniture,5.00,"$37,792.00 ",1000.00%,"$170,064.00","$128,277.53","$41,786.47",Credit Card,April,4,2026,75.43%,,,,
10275,11/5/2026,1201.00,Customer 299,Hyderabad,Telangana,203.00,Keyboard,Electronics,3.00,"$47,072.00 ",1500.00%,"$120,033.60","$101,211.54","$18,822.06",Debit Card,November,11,2026,84.32%,,,,
10276,8/6/2025,1194.00,Customer 38,Pune,Maharashtra,297.00,Laptop,Electronics,3.00,"$46,554.00 ",2000.00%,"$111,729.60","$91,183.65","$20,545.95",UPI,August,8,2025,81.61%,,,,
10277,11/16/2025,1493.00,Customer 228,Mumbai,Maharashtra,209.00,Pen,Office,4.00,"$10,712.00 ",2000.00%,"$34,278.40","$24,556.00","$9,722.40",Cash,November,11,2025,71.64%,,,,
10278,8/3/2025,1420.00,Customer 169,Mumbai,Maharashtra,251.00,Table,Furniture,1.00,"$24,390.00 ",500.00%,"$23,170.50","$16,244.68","$6,925.82",Debit Card,August,8,2025,70.11%,,,,
10279,3/1/2026,1418.00,Customer 334,Chennai,Tamil Nadu,275.00,Notebook,Office,8.00,"$17,829.00 ",2000.00%,"$114,105.60","$81,682.23","$32,423.37",Debit Card,March,3,2026,71.58%,,,,
10280,8/2/2026,1079.00,Customer 83,Pune,Maharashtra,235.00,Pen,Office,8.00,"$48,654.00 ",1500.00%,"$330,847.20","$240,426.69","$90,420.51",Debit Card,August,8,2026,72.67%,,,,
10281,11/19/2026,1165.00,Customer 407,Hyderabad,Telangana,273.00,Paper,Office,4.00,"$8,408.00 ",500.00%,"$31,950.40","$20,808.15","$11,142.25",Cash,November,11,2026,65.13%,,,,
10282,7/3/2025,1252.00,Customer 428,Hyderabad,Telangana,232.00,Chair,Furniture,3.00,"$27,516.00 ",500.00%,"$78,420.60","$70,021.73","$8,398.87",Debit Card,July,7,2025,89.29%,,,,
10283,10/17/2025,1252.00,Customer 173,Bengaluru,Karnataka,216.00,Paper,Office,1.00,"$33,834.00 ",0.00%,"$33,834.00","$27,217.08","$6,616.92",Cash,October,10,2025,80.44%,,,,
10284,1/29/2026,1072.00,Customer 47,Pune,Maharashtra,289.00,Keyboard,Electronics,5.00,"$10,569.00 ",2000.00%,"$42,276.00","$30,509.59","$11,766.41",Debit Card,January,1,2026,72.17%,,,,
10285,5/18/2025,1123.00,Customer 134,Hyderabad,Telangana,201.00,Chair,Furniture,1.00,"$26,659.00 ",1000.00%,"$23,993.10","$15,089.09","$8,904.01",UPI,May,5,2025,62.89%,,,,
10286,10/28/2025,1202.00,Customer 439,Delhi,Delhi,296.00,Chair,Furniture,4.00,"$29,673.00 ",2000.00%,"$94,953.60","$81,192.01","$13,761.59",Cash,October,10,2025,85.51%,,,,
10287,2/21/2026,1131.00,Customer 400,Delhi,Delhi,262.00,Notebook,Office,1.00,"$32,883.00 ",1500.00%,"$27,950.55","$22,065.51","$5,885.04",Debit Card,February,2,2026,78.94%,,,,
10288,7/17/2026,1248.00,Customer 156,Pune,Maharashtra,240.00,Table,Furniture,5.00,"$31,204.00 ",1000.00%,"$140,418.00","$117,722.02","$22,695.98",Debit Card,July,7,2026,83.84%,,,,
10289,7/12/2026,1411.00,Customer 361,Delhi,Delhi,298.00,Table,Furniture,2.00,"$40,845.00 ",1500.00%,"$69,436.50","$58,614.73","$10,821.77",UPI,July,7,2026,84.41%,,,,
10290,2/4/2026,1025.00,Customer 244,Hyderabad,Telangana,237.00,Monitor,Electronics,1.00,"$24,899.00 ",1000.00%,"$22,409.10","$14,729.30","$7,679.80",Cash,February,2,2026,65.73%,,,,
10291,7/17/2025,1112.00,Customer 477,Delhi,Delhi,230.00,Desk,Furniture,1.00,"$3,075.00 ",0.00%,"$3,075.00","$2,404.46",$670.54,UPI,July,7,2025,78.19%,,,,
10292,7/27/2026,1100.00,Customer 347,Hyderabad,Telangana,289.00,Pen,Office,6.00,"$20,412.00 ",0.00%,"$122,472.00","$99,161.62","$23,310.38",Credit Card,July,7,2026,80.97%,,,,
10293,8/6/2026,1167.00,Customer 437,Pune,Maharashtra,250.00,Notebook,Office,7.00,"$31,993.00 ",0.00%,"$223,951.00","$196,232.95","$27,718.05",Credit Card,August,8,2026,87.62%,,,,
10294,5/24/2026,1405.00,Customer 25,Pune,Maharashtra,224.00,Pen,Office,8.00,"$17,786.00 ",0.00%,"$142,288.00","$110,922.81","$31,365.19",Credit Card,May,5,2026,77.96%,,,,
10295,4/5/2025,1449.00,Customer 211,Bengaluru,Karnataka,264.00,Notebook,Office,8.00,"$5,677.00 ",1000.00%,"$40,874.40","$25,302.44","$15,571.96",Debit Card,April,4,2025,61.90%,,,,
10296,9/19/2026,1245.00,Customer 205,Mumbai,Maharashtra,223.00,Desk,Furniture,3.00,"$43,857.00 ",1500.00%,"$111,835.35","$69,979.53","$41,855.82",Cash,September,9,2026,62.57%,,,,
10297,6/27/2025,1192.00,Customer 351,Delhi,Delhi,238.00,Laptop,Electronics,5.00,"$24,875.00 ",1500.00%,"$105,718.75","$66,948.89","$38,769.86",Credit Card,June,6,2025,63.33%,,,,
10298,5/14/2026,1300.00,Customer 404,Hyderabad,Telangana,258.00,Chair,Furniture,2.00,"$37,968.00 ",2000.00%,"$60,748.80","$45,893.18","$14,855.62",Credit Card,May,5,2026,75.55%,,,,
10299,5/28/2025,1223.00,Customer 129,Mumbai,Maharashtra,285.00,Table,Furniture,2.00,"$6,927.00 ",2000.00%,"$11,083.20","$8,947.88","$2,135.32",Debit Card,May,5,2025,80.73%,,,,
10300,5/20/2026,1230.00,Customer 476,Bengaluru,Karnataka,243.00,Paper,Office,8.00,"$13,585.00 ",1500.00%,"$92,378.00","$64,378.23","$27,999.77",UPI,May,5,2026,69.69%,,,,
10301,4/14/2025,1045.00,Customer 215,Bengaluru,Karnataka,221.00,Laptop,Electronics,6.00,"$13,099.00 ",1500.00%,"$66,804.90","$43,907.95","$22,896.95",UPI,April,4,2025,65.73%,,,,
10302,3/1/2026,1085.00,Customer 484,Mumbai,Maharashtra,280.00,Table,Furniture,8.00,"$7,792.00 ",0.00%,"$62,336.00","$48,929.29","$13,406.71",Cash,March,3,2026,78.49%,,,,
10303,9/23/2026,1387.00,Customer 355,Hyderabad,Telangana,267.00,Notebook,Office,3.00,"$38,743.00 ",1500.00%,"$98,794.65","$68,288.42","$30,506.23",UPI,September,9,2026,69.12%,,,,
10304,8/25/2025,1419.00,Customer 295,Chennai,Tamil Nadu,266.00,Laptop,Electronics,5.00,"$25,580.00 ",500.00%,"$121,505.00","$104,355.02","$17,149.98",Debit Card,August,8,2025,85.89%,,,,
10305,10/12/2025,1046.00,Customer 72,Bengaluru,Karnataka,220.00,Chair,Furniture,4.00,"$34,470.00 ",2000.00%,"$110,304.00","$88,482.58","$21,821.42",UPI,October,10,2025,80.22%,,,,
10306,1/28/2025,1343.00,Customer 302,Pune,Maharashtra,261.00,Pen,Office,2.00,"$35,808.00 ",0.00%,"$71,616.00","$52,158.33","$19,457.67",Credit Card,January,1,2025,72.83%,,,,
10307,10/29/2026,1385.00,Customer 182,Mumbai,Maharashtra,261.00,Monitor,Electronics,6.00,"$34,625.00 ",1500.00%,"$176,587.50","$136,424.38","$40,163.12",Credit Card,October,10,2026,77.26%,,,,
10308,1/24/2025,1051.00,Customer 389,Bengaluru,Karnataka,270.00,Mouse,Electronics,5.00,"$39,128.00 ",500.00%,"$185,858.00","$127,002.68","$58,855.32",UPI,January,1,2025,68.33%,,,,
10309,5/8/2026,1398.00,Customer 138,Mumbai,Maharashtra,240.00,Chair,Furniture,4.00,"$36,557.00 ",2000.00%,"$116,982.40","$73,596.56","$43,385.84",Cash,May,5,2026,62.91%,,,,
10310,2/21/2026,1154.00,Customer 31,Mumbai,Maharashtra,223.00,Notebook,Office,2.00,"$11,960.00 ",1500.00%,"$20,332.00","$14,434.66","$5,897.34",Debit Card,February,2,2026,70.99%,,,,
10311,8/17/2026,1372.00,Customer 462,Hyderabad,Telangana,263.00,Table,Furniture,4.00,"$14,397.00 ",500.00%,"$54,708.60","$35,091.50","$19,617.10",Cash,August,8,2026,64.14%,,,,
10312,12/22/2025,1138.00,Customer 93,Chennai,Tamil Nadu,224.00,Keyboard,Electronics,5.00,"$14,231.00 ",2000.00%,"$56,924.00","$40,015.93","$16,908.07",Cash,December,12,2025,70.30%,,,,
10313,9/21/2026,1408.00,Customer 108,Pune,Maharashtra,273.00,Laptop,Electronics,8.00,"$13,478.00 ",500.00%,"$102,432.80","$91,211.02","$11,221.78",Debit Card,September,9,2026,89.04%,,,,
10314,11/1/2025,1010.00,Customer 316,Delhi,Delhi,251.00,Mouse,Electronics,3.00,"$37,497.00 ",1500.00%,"$95,617.35","$63,002.26","$32,615.09",Credit Card,November,11,2025,65.89%,,,,
10315,10/29/2026,1121.00,Customer 293,Pune,Maharashtra,295.00,Keyboard,Electronics,2.00,"$25,902.00 ",500.00%,"$49,213.80","$29,931.29","$19,282.51",Credit Card,October,10,2026,60.82%,,,,
10316,3/8/2025,1444.00,Customer 318,Bengaluru,Karnataka,260.00,Monitor,Electronics,8.00,"$18,798.00 ",1000.00%,"$135,345.60","$102,302.69","$33,042.91",Debit Card,March,3,2025,75.59%,,,,
10317,3/5/2026,1266.00,Customer 49,Hyderabad,Telangana,221.00,Paper,Office,7.00,"$14,383.00 ",0.00%,"$100,681.00","$78,972.57","$21,708.43",Cash,March,3,2026,78.44%,,,,
10318,1/17/2025,1310.00,Customer 318,Bengaluru,Karnataka,250.00,Paper,Office,8.00,"$29,672.00 ",0.00%,"$237,376.00","$211,903.85","$25,472.15",Credit Card,January,1,2025,89.27%,,,,
10319,4/3/2026,1337.00,Customer 463,Bengaluru,Karnataka,235.00,Chair,Furniture,4.00,"$21,541.00 ",1000.00%,"$77,547.60","$54,985.11","$22,562.49",Cash,April,4,2026,70.90%,,,,
10320,4/23/2025,1048.00,Customer 311,Hyderabad,Telangana,214.00,Mouse,Electronics,6.00,"$33,772.00 ",2000.00%,"$162,105.60","$115,634.67","$46,470.93",UPI,April,4,2025,71.33%,,,,
10321,3/3/2025,1341.00,Customer 231,Mumbai,Maharashtra,247.00,Monitor,Electronics,6.00,"$8,980.00 ",1500.00%,"$45,798.00","$34,430.04","$11,367.96",Debit Card,March,3,2025,75.18%,,,,
10322,2/7/2025,1236.00,Customer 398,Bengaluru,Karnataka,209.00,Pen,Office,1.00,"$25,005.00 ",2000.00%,"$20,004.00","$15,077.83","$4,926.17",Debit Card,February,2,2025,75.37%,,,,
10323,3/5/2025,1461.00,Customer 99,Mumbai,Maharashtra,226.00,Keyboard,Electronics,6.00,"$46,910.00 ",2000.00%,"$225,168.00","$202,107.25","$23,060.75",UPI,March,3,2025,89.76%,,,,
10324,6/29/2026,1007.00,Customer 470,Delhi,Delhi,256.00,Keyboard,Electronics,1.00,"$37,404.00 ",2000.00%,"$29,923.20","$24,496.47","$5,426.73",Cash,June,6,2026,81.86%,,,,
10325,9/5/2026,1248.00,Customer 28,Mumbai,Maharashtra,249.00,Chair,Furniture,5.00,"$9,624.00 ",0.00%,"$48,120.00","$31,686.66","$16,433.34",Credit Card,September,9,2026,65.85%,,,,
10326,12/26/2026,1186.00,Customer 325,Chennai,Tamil Nadu,271.00,Mouse,Electronics,3.00,"$41,860.00 ",1000.00%,"$113,022.00","$77,208.15","$35,813.85",Cash,December,12,2026,68.31%,,,,
10327,6/2/2025,1232.00,Customer 104,Bengaluru,Karnataka,252.00,Desk,Furniture,3.00,"$39,689.00 ",0.00%,"$119,067.00","$102,346.59","$16,720.41",Cash,June,6,2025,85.96%,,,,
10328,2/25/2026,1069.00,Customer 436,Hyderabad,Telangana,225.00,Desk,Furniture,5.00,"$23,301.00 ",0.00%,"$116,505.00","$80,683.34","$35,821.66",Cash,February,2,2026,69.25%,,,,
10329,1/29/2026,1162.00,Customer 276,Pune,Maharashtra,209.00,Desk,Furniture,2.00,"$4,546.00 ",0.00%,"$9,092.00","$7,027.85","$2,064.15",Cash,January,1,2026,77.30%,,,,
10330,10/14/2026,1311.00,Customer 25,Bengaluru,Karnataka,290.00,Paper,Office,6.00,"$18,155.00 ",500.00%,"$103,483.50","$86,559.07","$16,924.43",UPI,October,10,2026,83.65%,,,,
10331,4/9/2025,1357.00,Customer 289,Mumbai,Maharashtra,258.00,Paper,Office,6.00,"$28,076.00 ",500.00%,"$160,033.20","$140,558.50","$19,474.70",Debit Card,April,4,2025,87.83%,,,,
10332,8/16/2026,1013.00,Customer 263,Bengaluru,Karnataka,253.00,Keyboard,Electronics,6.00,"$13,760.00 ",0.00%,"$82,560.00","$58,003.58","$24,556.42",Debit Card,August,8,2026,70.26%,,,,
10333,2/24/2026,1319.00,Customer 137,Mumbai,Maharashtra,209.00,Table,Furniture,7.00,"$16,383.00 ",500.00%,"$108,946.95","$91,075.86","$17,871.09",Credit Card,February,2,2026,83.60%,,,,
10334,9/15/2025,1109.00,Customer 331,Chennai,Tamil Nadu,257.00,Table,Furniture,5.00,"$49,167.00 ",1500.00%,"$208,959.75","$128,483.92","$80,475.83",UPI,September,9,2025,61.49%,,,,
10335,7/9/2025,1059.00,Customer 166,Mumbai,Maharashtra,234.00,Pen,Office,2.00,"$2,159.00 ",2000.00%,"$3,454.40","$2,419.63","$1,034.77",Credit Card,July,7,2025,70.04%,,,,
10336,6/26/2026,1087.00,Customer 488,Delhi,Delhi,297.00,Paper,Office,8.00,"$1,936.00 ",0.00%,"$15,488.00","$10,698.66","$4,789.34",Debit Card,June,6,2026,69.08%,,,,
10337,2/15/2025,1230.00,Customer 380,Hyderabad,Telangana,296.00,Notebook,Office,6.00,"$31,272.00 ",1000.00%,"$168,868.80","$150,583.00","$18,285.80",Debit Card,February,2,2025,89.17%,,,,
10338,8/10/2025,1361.00,Customer 278,Delhi,Delhi,212.00,Notebook,Office,4.00,"$49,061.00 ",1500.00%,"$166,807.40","$111,442.04","$55,365.36",Cash,August,8,2025,66.81%,,,,
10339,9/27/2026,1134.00,Customer 408,Delhi,Delhi,209.00,Paper,Office,6.00,"$19,890.00 ",1500.00%,"$101,439.00","$61,873.90","$39,565.10",Credit Card,September,9,2026,61.00%,,,,
10340,1/30/2025,1402.00,Customer 38,Chennai,Tamil Nadu,253.00,Mouse,Electronics,5.00,"$48,124.00 ",1500.00%,"$204,527.00","$133,703.76","$70,823.24",Cash,January,1,2025,65.37%,,,,
10341,6/4/2025,1351.00,Customer 1,Pune,Maharashtra,248.00,Paper,Office,3.00,"$24,726.00 ",1000.00%,"$66,760.20","$52,898.75","$13,861.45",Cash,June,6,2025,79.24%,,,,
10342,9/9/2026,1490.00,Customer 208,Mumbai,Maharashtra,268.00,Paper,Office,1.00,"$35,311.00 ",1000.00%,"$31,779.90","$24,482.00","$7,297.90",UPI,September,9,2026,77.04%,,,,
10343,11/24/2026,1422.00,Customer 309,Pune,Maharashtra,228.00,Table,Furniture,2.00,"$3,768.00 ",1000.00%,"$6,782.40","$4,491.40","$2,291.00",Cash,November,11,2026,66.22%,,,,
10344,1/10/2026,1345.00,Customer 181,Pune,Maharashtra,212.00,Table,Furniture,1.00,"$20,362.00 ",1000.00%,"$18,325.80","$16,441.09","$1,884.71",Debit Card,January,1,2026,89.72%,,,,
10345,6/7/2025,1123.00,Customer 453,Mumbai,Maharashtra,299.00,Keyboard,Electronics,3.00,"$33,887.00 ",2000.00%,"$81,328.80","$54,092.96","$27,235.84",Cash,June,6,2025,66.51%,,,,
10346,2/14/2026,1065.00,Customer 145,Bengaluru,Karnataka,240.00,Monitor,Electronics,8.00,"$10,152.00 ",1000.00%,"$73,094.40","$45,276.24","$27,818.16",Cash,February,2,2026,61.94%,,,,
10347,6/26/2025,1150.00,Customer 256,Delhi,Delhi,244.00,Notebook,Office,2.00,"$12,363.00 ",0.00%,"$24,726.00","$21,869.93","$2,856.07",UPI,June,6,2025,88.45%,,,,
10348,8/26/2026,1145.00,Customer 481,Bengaluru,Karnataka,276.00,Pen,Office,5.00,"$9,419.00 ",2000.00%,"$37,676.00","$23,266.10","$14,409.90",Debit Card,August,8,2026,61.75%,,,,
10349,2/11/2025,1333.00,Customer 331,Delhi,Delhi,257.00,Paper,Office,5.00,"$21,544.00 ",1500.00%,"$91,562.00","$80,849.02","$10,712.98",UPI,February,2,2025,88.30%,,,,
10350,1/6/2026,1345.00,Customer 23,Delhi,Delhi,267.00,Pen,Office,5.00,"$32,441.00 ",500.00%,"$154,094.75","$112,157.42","$41,937.33",Debit Card,January,1,2026,72.78%,,,,
10351,10/14/2026,1368.00,Customer 186,Delhi,Delhi,270.00,Mouse,Electronics,3.00,"$34,631.00 ",1000.00%,"$93,503.70","$82,286.37","$11,217.33",Debit Card,October,10,2026,88.00%,,,,
10352,9/23/2026,1004.00,Customer 134,Mumbai,Maharashtra,202.00,Table,Furniture,3.00,"$13,514.00 ",1500.00%,"$34,460.70","$26,532.21","$7,928.49",Credit Card,September,9,2026,76.99%,,,,
10353,7/17/2026,1344.00,Customer 496,Bengaluru,Karnataka,298.00,Chair,Furniture,1.00,"$25,056.00 ",0.00%,"$25,056.00","$21,199.80","$3,856.20",Debit Card,July,7,2026,84.61%,,,,
10354,12/14/2025,1464.00,Customer 192,Pune,Maharashtra,263.00,Mouse,Electronics,4.00,"$2,080.00 ",1500.00%,"$7,072.00","$6,332.67",$739.33,Debit Card,December,12,2025,89.55%,,,,
10355,2/27/2025,1265.00,Customer 91,Bengaluru,Karnataka,297.00,Laptop,Electronics,7.00,"$28,336.00 ",0.00%,"$198,352.00","$134,076.06","$64,275.94",Cash,February,2,2025,67.60%,,,,
10356,9/13/2026,1010.00,Customer 182,Delhi,Delhi,270.00,Mouse,Electronics,8.00,"$22,981.00 ",1000.00%,"$165,463.20","$108,652.40","$56,810.80",UPI,September,9,2026,65.67%,,,,
10357,1/7/2026,1488.00,Customer 150,Delhi,Delhi,245.00,Mouse,Electronics,2.00,"$41,553.00 ",2000.00%,"$66,484.80","$43,430.43","$23,054.37",UPI,January,1,2026,65.32%,,,,
10358,3/26/2025,1003.00,Customer 432,Bengaluru,Karnataka,210.00,Table,Furniture,1.00,"$29,763.00 ",0.00%,"$29,763.00","$20,080.41","$9,682.59",Cash,March,3,2025,67.47%,,,,
10359,4/3/2026,1419.00,Customer 30,Hyderabad,Telangana,283.00,Keyboard,Electronics,6.00,"$6,565.00 ",1500.00%,"$33,481.50","$29,371.57","$4,109.93",Credit Card,April,4,2026,87.72%,,,,
10360,4/17/2026,1056.00,Customer 284,Pune,Maharashtra,238.00,Paper,Office,7.00,"$9,849.00 ",1000.00%,"$62,048.70","$44,188.49","$17,860.21",Credit Card,April,4,2026,71.22%,,,,
10361,2/1/2025,1067.00,Customer 114,Chennai,Tamil Nadu,267.00,Mouse,Electronics,7.00,"$30,776.00 ",0.00%,"$215,432.00","$157,790.14","$57,641.86",UPI,February,2,2025,73.24%,,,,
10362,7/12/2025,1464.00,Customer 148,Delhi,Delhi,267.00,Table,Furniture,5.00,"$31,584.00 ",1500.00%,"$134,232.00","$102,571.49","$31,660.51",Cash,July,7,2025,76.41%,,,,
10363,5/4/2025,1198.00,Customer 277,Hyderabad,Telangana,218.00,Pen,Office,5.00,"$19,192.00 ",0.00%,"$95,960.00","$76,788.12","$19,171.88",Debit Card,May,5,2025,80.02%,,,,
10364,7/17/2026,1181.00,Customer 423,Hyderabad,Telangana,240.00,Pen,Office,6.00,"$32,359.00 ",1000.00%,"$174,738.60","$149,745.74","$24,992.86",UPI,July,7,2026,85.70%,,,,
10365,4/2/2025,1337.00,Customer 126,Mumbai,Maharashtra,254.00,Chair,Furniture,6.00,"$34,103.00 ",0.00%,"$204,618.00","$138,207.91","$66,410.09",Credit Card,April,4,2025,67.54%,,,,
10366,3/31/2026,1241.00,Customer 221,Mumbai,Maharashtra,205.00,Notebook,Office,8.00,"$38,621.00 ",0.00%,"$308,968.00","$223,084.59","$85,883.41",UPI,March,3,2026,72.20%,,,,
10367,8/9/2025,1119.00,Customer 397,Hyderabad,Telangana,237.00,Laptop,Electronics,7.00,"$41,782.00 ",0.00%,"$292,474.00","$195,007.82","$97,466.18",UPI,August,8,2025,66.68%,,,,
10368,9/20/2025,1211.00,Customer 79,Hyderabad,Telangana,213.00,Mouse,Electronics,5.00,"$8,346.00 ",1000.00%,"$37,557.00","$31,728.02","$5,828.98",Debit Card,September,9,2025,84.48%,,,,
10369,2/26/2025,1406.00,Customer 234,Bengaluru,Karnataka,239.00,Table,Furniture,4.00,"$35,380.00 ",1500.00%,"$120,292.00","$103,737.79","$16,554.21",Credit Card,February,2,2025,86.24%,,,,
10370,10/20/2026,1405.00,Customer 22,Chennai,Tamil Nadu,232.00,Pen,Office,4.00,"$14,439.00 ",1500.00%,"$49,092.60","$37,729.76","$11,362.84",Debit Card,October,10,2026,76.85%,,,,
10371,8/27/2026,1144.00,Customer 293,Pune,Maharashtra,259.00,Monitor,Electronics,2.00,"$49,354.00 ",1500.00%,"$83,901.80","$56,954.51","$26,947.29",Cash,August,8,2026,67.88%,,,,
10372,4/14/2026,1446.00,Customer 214,Hyderabad,Telangana,206.00,Monitor,Electronics,6.00,"$44,150.00 ",1500.00%,"$225,165.00","$163,251.04","$61,913.96",UPI,April,4,2026,72.50%,,,,
10373,2/7/2026,1415.00,Customer 149,Chennai,Tamil Nadu,265.00,Table,Furniture,3.00,"$1,618.00 ",1000.00%,"$4,368.60","$3,918.62",$449.98,UPI,February,2,2026,89.70%,,,,
10374,10/27/2025,1149.00,Customer 73,Pune,Maharashtra,239.00,Chair,Furniture,6.00,"$7,352.00 ",1500.00%,"$37,495.20","$25,481.61","$12,013.59",Debit Card,October,10,2025,67.96%,,,,
10375,11/11/2025,1058.00,Customer 82,Mumbai,Maharashtra,279.00,Chair,Furniture,1.00,"$48,950.00 ",0.00%,"$48,950.00","$37,697.74","$11,252.26",Cash,November,11,2025,77.01%,,,,
10376,9/26/2026,1113.00,Customer 401,Hyderabad,Telangana,253.00,Laptop,Electronics,5.00,"$16,834.00 ",500.00%,"$79,961.50","$65,084.40","$14,877.10",Debit Card,September,9,2026,81.39%,,,,
10377,10/31/2026,1302.00,Customer 321,Bengaluru,Karnataka,249.00,Notebook,Office,6.00,"$11,477.00 ",1000.00%,"$61,975.80","$55,421.93","$6,553.87",Cash,October,10,2026,89.43%,,,,
10378,7/19/2026,1347.00,Customer 449,Chennai,Tamil Nadu,254.00,Keyboard,Electronics,2.00,"$20,534.00 ",1500.00%,"$34,907.80","$26,398.13","$8,509.67",Credit Card,July,7,2026,75.62%,,,,
10379,4/8/2025,1336.00,Customer 408,Mumbai,Maharashtra,274.00,Monitor,Electronics,1.00,"$34,881.00 ",1000.00%,"$31,392.90","$25,203.45","$6,189.45",Cash,April,4,2025,80.28%,,,,
10380,5/17/2025,1500.00,Customer 126,Pune,Maharashtra,284.00,Mouse,Electronics,7.00,"$20,408.00 ",0.00%,"$142,856.00","$86,351.81","$56,504.19",Credit Card,May,5,2025,60.45%,,,,
10381,10/16/2025,1359.00,Customer 467,Delhi,Delhi,284.00,Chair,Furniture,4.00,"$4,810.00 ",1500.00%,"$16,354.00","$11,534.39","$4,819.61",Credit Card,October,10,2025,70.53%,,,,
10382,10/23/2025,1090.00,Customer 219,Bengaluru,Karnataka,251.00,Pen,Office,8.00,"$25,396.00 ",500.00%,"$193,009.60","$143,025.08","$49,984.52",Credit Card,October,10,2025,74.10%,,,,
10383,8/4/2026,1161.00,Customer 30,Chennai,Tamil Nadu,237.00,Monitor,Electronics,1.00,"$40,353.00 ",500.00%,"$38,335.35","$30,087.58","$8,247.77",Cash,August,8,2026,78.49%,,,,
10384,7/14/2026,1341.00,Customer 411,Hyderabad,Telangana,278.00,Notebook,Office,5.00,"$17,665.00 ",1500.00%,"$75,076.25","$53,405.96","$21,670.29",Debit Card,July,7,2026,71.14%,,,,
10385,3/24/2026,1299.00,Customer 489,Bengaluru,Karnataka,217.00,Desk,Furniture,1.00,"$17,026.00 ",2000.00%,"$13,620.80","$8,704.10","$4,916.70",UPI,March,3,2026,63.90%,,,,
10386,4/4/2026,1233.00,Customer 350,Bengaluru,Karnataka,286.00,Monitor,Electronics,8.00,"$18,557.00 ",1500.00%,"$126,187.60","$92,464.61","$33,722.99",Cash,April,4,2026,73.28%,,,,
10387,5/9/2025,1405.00,Customer 251,Mumbai,Maharashtra,205.00,Pen,Office,7.00,"$1,071.00 ",500.00%,"$7,122.15","$5,326.32","$1,795.83",Cash,May,5,2025,74.79%,,,,
10388,1/3/2025,1451.00,Customer 116,Hyderabad,Telangana,252.00,Pen,Office,7.00,"$6,560.00 ",2000.00%,"$36,736.00","$26,694.33","$10,041.67",Credit Card,January,1,2025,72.67%,,,,
10389,6/8/2025,1273.00,Customer 344,Mumbai,Maharashtra,240.00,Mouse,Electronics,5.00,"$19,003.00 ",1500.00%,"$80,762.75","$62,721.46","$18,041.29",Credit Card,June,6,2025,77.66%,,,,
10390,4/23/2025,1083.00,Customer 158,Bengaluru,Karnataka,292.00,Desk,Furniture,2.00,"$31,965.00 ",1000.00%,"$57,537.00","$34,869.20","$22,667.80",Debit Card,April,4,2025,60.60%,,,,
10391,1/3/2025,1074.00,Customer 164,Chennai,Tamil Nadu,232.00,Notebook,Office,4.00,"$6,328.00 ",1000.00%,"$22,780.80","$17,267.00","$5,513.80",Debit Card,January,1,2025,75.80%,,,,
10392,6/24/2026,1039.00,Customer 360,Chennai,Tamil Nadu,271.00,Pen,Office,2.00,"$39,613.00 ",0.00%,"$79,226.00","$58,885.92","$20,340.08",Credit Card,June,6,2026,74.33%,,,,
10393,12/8/2026,1337.00,Customer 275,Mumbai,Maharashtra,220.00,Notebook,Office,7.00,"$2,767.00 ",1500.00%,"$16,463.65","$12,938.61","$3,525.04",Cash,December,12,2026,78.59%,,,,
10394,7/2/2026,1345.00,Customer 86,Hyderabad,Telangana,207.00,Chair,Furniture,5.00,"$5,358.00 ",2000.00%,"$21,432.00","$17,969.87","$3,462.13",Debit Card,July,7,2026,83.85%,,,,
10395,5/21/2026,1332.00,Customer 27,Bengaluru,Karnataka,275.00,Paper,Office,6.00,"$20,235.00 ",0.00%,"$121,410.00","$88,643.77","$32,766.23",Debit Card,May,5,2026,73.01%,,,,
10396,12/3/2025,1101.00,Customer 226,Hyderabad,Telangana,238.00,Laptop,Electronics,3.00,"$11,574.00 ",500.00%,"$32,985.90","$22,086.13","$10,899.77",Debit Card,December,12,2025,66.96%,,,,
10397,3/20/2025,1329.00,Customer 455,Pune,Maharashtra,222.00,Keyboard,Electronics,3.00,"$28,395.00 ",1000.00%,"$76,666.50","$55,893.15","$20,773.35",Credit Card,March,3,2025,72.90%,,,,
10398,6/30/2026,1424.00,Customer 95,Delhi,Delhi,248.00,Keyboard,Electronics,1.00,"$42,352.00 ",1000.00%,"$38,116.80","$24,064.04","$14,052.76",UPI,June,6,2026,63.13%,,,,
10399,8/14/2025,1380.00,Customer 19,Bengaluru,Karnataka,286.00,Desk,Furniture,6.00,"$14,927.00 ",2000.00%,"$71,649.60","$60,561.14","$11,088.46",Debit Card,August,8,2025,84.52%,,,,
10400,10/7/2026,1121.00,Customer 49,Pune,Maharashtra,280.00,Chair,Furniture,8.00,"$48,523.00 ",1000.00%,"$349,365.60","$257,676.25","$91,689.35",Debit Card,October,10,2026,73.76%,,,,
10401,2/12/2025,1411.00,Customer 458,Mumbai,Maharashtra,275.00,Chair,Furniture,1.00,"$14,092.00 ",1500.00%,"$11,978.20","$8,422.04","$3,556.16",Cash,February,2,2025,70.31%,,,,
10402,12/2/2026,1355.00,Customer 462,Mumbai,Maharashtra,205.00,Chair,Furniture,7.00,"$14,729.00 ",1500.00%,"$87,637.55","$59,769.61","$27,867.94",Cash,December,12,2026,68.20%,,,,
10403,4/7/2026,1218.00,Customer 215,Pune,Maharashtra,217.00,Table,Furniture,1.00,"$36,460.00 ",0.00%,"$36,460.00","$31,283.74","$5,176.26",UPI,April,4,2026,85.80%,,,,
10404,9/8/2026,1045.00,Customer 138,Mumbai,Maharashtra,223.00,Mouse,Electronics,7.00,"$34,197.00 ",500.00%,"$227,410.05","$149,263.89","$78,146.16",UPI,September,9,2026,65.64%,,,,
10405,2/5/2025,1062.00,Customer 74,Mumbai,Maharashtra,233.00,Paper,Office,5.00,"$37,688.00 ",1500.00%,"$160,174.00","$107,437.98","$52,736.02",Cash,February,2,2025,67.08%,,,,
10406,5/1/2025,1247.00,Customer 373,Bengaluru,Karnataka,234.00,Paper,Office,6.00,"$28,161.00 ",2000.00%,"$135,172.80","$82,621.85","$52,550.95",Credit Card,May,5,2025,61.12%,,,,
10407,10/26/2025,1117.00,Customer 431,Hyderabad,Telangana,276.00,Desk,Furniture,5.00,"$10,399.00 ",0.00%,"$51,995.00","$36,090.91","$15,904.09",UPI,October,10,2025,69.41%,,,,
10408,3/7/2025,1008.00,Customer 472,Bengaluru,Karnataka,212.00,Chair,Furniture,4.00,"$25,948.00 ",500.00%,"$98,602.40","$65,860.42","$32,741.98",UPI,March,3,2025,66.79%,,,,
10409,1/23/2026,1339.00,Customer 458,Pune,Maharashtra,261.00,Notebook,Office,4.00,"$35,422.00 ",500.00%,"$134,603.60","$90,976.24","$43,627.36",Cash,January,1,2026,67.59%,,,,
10410,9/4/2026,1092.00,Customer 25,Delhi,Delhi,227.00,Table,Furniture,1.00,"$3,870.00 ",1000.00%,"$3,483.00","$2,683.08",$799.92,UPI,September,9,2026,77.03%,,,,
10411,2/19/2026,1218.00,Customer 386,Bengaluru,Karnataka,253.00,Laptop,Electronics,4.00,"$9,251.00 ",1000.00%,"$33,303.60","$23,722.37","$9,581.23",Cash,February,2,2026,71.23%,,,,
10412,6/7/2025,1005.00,Customer 348,Pune,Maharashtra,202.00,Notebook,Office,2.00,"$19,616.00 ",1500.00%,"$33,347.20","$30,011.73","$3,335.47",Cash,June,6,2025,90.00%,,,,
10413,12/4/2026,1110.00,Customer 110,Hyderabad,Telangana,222.00,Mouse,Electronics,1.00,"$17,022.00 ",0.00%,"$17,022.00","$11,993.33","$5,028.67",Credit Card,December,12,2026,70.46%,,,,
10414,12/18/2025,1334.00,Customer 245,Bengaluru,Karnataka,299.00,Paper,Office,8.00,"$49,505.00 ",0.00%,"$396,040.00","$284,532.61","$111,507.39",UPI,December,12,2025,71.84%,,,,
10415,1/19/2025,1155.00,Customer 169,Hyderabad,Telangana,242.00,Monitor,Electronics,8.00,"$4,721.00 ",1500.00%,"$32,102.80","$24,684.73","$7,418.07",Cash,January,1,2025,76.89%,,,,
10416,11/4/2025,1309.00,Customer 48,Bengaluru,Karnataka,265.00,Keyboard,Electronics,7.00,"$45,355.00 ",1000.00%,"$285,736.50","$251,105.42","$34,631.08",UPI,November,11,2025,87.88%,,,,
10417,4/16/2026,1356.00,Customer 420,Hyderabad,Telangana,204.00,Desk,Furniture,7.00,"$9,199.00 ",1500.00%,"$54,734.05","$33,454.31","$21,279.74",Debit Card,April,4,2026,61.12%,,,,
10418,7/16/2026,1192.00,Customer 409,Mumbai,Maharashtra,289.00,Keyboard,Electronics,2.00,"$20,085.00 ",1000.00%,"$36,153.00","$23,415.85","$12,737.15",Credit Card,July,7,2026,64.77%,,,,
10419,6/14/2026,1332.00,Customer 327,Bengaluru,Karnataka,236.00,Monitor,Electronics,1.00,"$47,145.00 ",1500.00%,"$40,073.25","$31,454.43","$8,618.82",UPI,June,6,2026,78.49%,,,,
10420,9/28/2026,1362.00,Customer 446,Chennai,Tamil Nadu,253.00,Laptop,Electronics,4.00,"$21,120.00 ",500.00%,"$80,256.00","$66,771.52","$13,484.48",Cash,September,9,2026,83.20%,,,,
10421,5/20/2025,1181.00,Customer 165,Mumbai,Maharashtra,214.00,Table,Furniture,1.00,"$38,583.00 ",1500.00%,"$32,795.55","$20,436.28","$12,359.27",Debit Card,May,5,2025,62.31%,,,,
10422,11/11/2025,1170.00,Customer 319,Delhi,Delhi,210.00,Mouse,Electronics,5.00,"$27,077.00 ",0.00%,"$135,385.00","$91,521.42","$43,863.58",Debit Card,November,11,2025,67.60%,,,,
10423,1/20/2025,1306.00,Customer 454,Delhi,Delhi,203.00,Mouse,Electronics,8.00,"$5,246.00 ",1000.00%,"$37,771.20","$33,517.17","$4,254.03",Credit Card,January,1,2025,88.74%,,,,
10424,8/24/2025,1450.00,Customer 7,Pune,Maharashtra,210.00,Keyboard,Electronics,8.00,"$34,919.00 ",1000.00%,"$251,416.80","$157,018.42","$94,398.38",Cash,August,8,2025,62.45%,,,,
10425,10/19/2026,1436.00,Customer 257,Chennai,Tamil Nadu,287.00,Desk,Furniture,6.00,"$1,332.00 ",1500.00%,"$6,793.20","$5,750.09","$1,043.11",Cash,October,10,2026,84.64%,,,,
10426,11/1/2025,1092.00,Customer 352,Chennai,Tamil Nadu,270.00,Table,Furniture,8.00,"$5,097.00 ",0.00%,"$40,776.00","$26,098.63","$14,677.37",Credit Card,November,11,2025,64.00%,,,,
10427,3/11/2025,1242.00,Customer 262,Bengaluru,Karnataka,281.00,Paper,Office,3.00,"$28,892.00 ",500.00%,"$82,342.20","$65,154.38","$17,187.82",Debit Card,March,3,2025,79.13%,,,,
10428,8/3/2025,1228.00,Customer 446,Delhi,Delhi,261.00,Desk,Furniture,1.00,"$38,225.00 ",1500.00%,"$32,491.25","$26,723.80","$5,767.45",UPI,August,8,2025,82.25%,,,,
10429,11/22/2026,1473.00,Customer 241,Bengaluru,Karnataka,296.00,Paper,Office,3.00,"$19,550.00 ",1000.00%,"$52,785.00","$41,198.49","$11,586.51",Debit Card,November,11,2026,78.05%,,,,
10430,3/16/2025,1318.00,Customer 456,Hyderabad,Telangana,295.00,Notebook,Office,8.00,"$32,252.00 ",1000.00%,"$232,214.40","$208,042.16","$24,172.24",Cash,March,3,2025,89.59%,,,,
10431,12/29/2026,1424.00,Customer 191,Mumbai,Maharashtra,225.00,Laptop,Electronics,3.00,"$49,218.00 ",1500.00%,"$125,505.90","$90,215.57","$35,290.33",UPI,December,12,2026,71.88%,,,,
10432,7/8/2025,1288.00,Customer 298,Delhi,Delhi,274.00,Monitor,Electronics,4.00,"$47,231.00 ",1500.00%,"$160,585.40","$129,439.57","$31,145.83",UPI,July,7,2025,80.60%,,,,
10433,8/18/2025,1152.00,Customer 398,Bengaluru,Karnataka,296.00,Pen,Office,5.00,"$25,929.00 ",1000.00%,"$116,680.50","$90,459.40","$26,221.10",Debit Card,August,8,2025,77.53%,,,,
10434,6/12/2025,1404.00,Customer 410,Bengaluru,Karnataka,290.00,Notebook,Office,1.00,"$43,534.00 ",500.00%,"$41,357.30","$27,353.03","$14,004.27",Debit Card,June,6,2025,66.14%,,,,
10435,10/20/2026,1393.00,Customer 318,Mumbai,Maharashtra,216.00,Chair,Furniture,3.00,"$8,072.00 ",0.00%,"$24,216.00","$16,469.79","$7,746.21",Credit Card,October,10,2026,68.01%,,,,
10436,2/18/2026,1174.00,Customer 491,Mumbai,Maharashtra,296.00,Desk,Furniture,8.00,"$13,427.00 ",2000.00%,"$85,932.80","$62,971.05","$22,961.75",Debit Card,February,2,2026,73.28%,,,,
10437,11/25/2026,1470.00,Customer 204,Chennai,Tamil Nadu,275.00,Chair,Furniture,8.00,"$15,917.00 ",2000.00%,"$101,868.80","$77,063.27","$24,805.53",Cash,November,11,2026,75.65%,,,,
10438,1/11/2026,1438.00,Customer 350,Bengaluru,Karnataka,251.00,Paper,Office,1.00,$820.00 ,1000.00%,$738.00,$459.75,$278.25,Cash,January,1,2026,62.30%,,,,
10439,1/14/2026,1397.00,Customer 245,Bengaluru,Karnataka,231.00,Paper,Office,4.00,"$31,837.00 ",2000.00%,"$101,878.40","$70,781.40","$31,097.00",Cash,January,1,2026,69.48%,,,,
10440,2/6/2026,1493.00,Customer 52,Mumbai,Maharashtra,237.00,Laptop,Electronics,2.00,"$40,342.00 ",0.00%,"$80,684.00","$59,513.33","$21,170.67",UPI,February,2,2026,73.76%,,,,
10441,11/13/2025,1388.00,Customer 427,Mumbai,Maharashtra,294.00,Mouse,Electronics,2.00,"$22,749.00 ",500.00%,"$43,223.10","$28,709.66","$14,513.44",Debit Card,November,11,2025,66.42%,,,,
10442,9/17/2026,1403.00,Customer 50,Bengaluru,Karnataka,244.00,Pen,Office,2.00,"$7,353.00 ",0.00%,"$14,706.00","$9,949.61","$4,756.39",Cash,September,9,2026,67.66%,,,,
10443,6/11/2026,1313.00,Customer 265,Pune,Maharashtra,260.00,Laptop,Electronics,4.00,"$14,691.00 ",500.00%,"$55,825.80","$40,454.58","$15,371.22",Debit Card,June,6,2026,72.47%,,,,
10444,2/20/2025,1019.00,Customer 27,Chennai,Tamil Nadu,208.00,Notebook,Office,6.00,"$13,033.00 ",1500.00%,"$66,468.30","$56,178.55","$10,289.75",Debit Card,February,2,2025,84.52%,,,,
10445,1/4/2026,1123.00,Customer 357,Pune,Maharashtra,289.00,Table,Furniture,1.00,"$33,522.00 ",1500.00%,"$28,493.70","$23,904.25","$4,589.45",Debit Card,January,1,2026,83.89%,,,,
10446,9/21/2026,1180.00,Customer 62,Bengaluru,Karnataka,255.00,Monitor,Electronics,7.00,"$8,622.00 ",500.00%,"$57,336.30","$39,034.03","$18,302.27",Debit Card,September,9,2026,68.08%,,,,
10447,9/11/2026,1443.00,Customer 94,Mumbai,Maharashtra,264.00,Laptop,Electronics,8.00,"$16,557.00 ",1500.00%,"$112,587.60","$76,989.97","$35,597.63",UPI,September,9,2026,68.38%,,,,
10448,1/14/2026,1364.00,Customer 487,Hyderabad,Telangana,295.00,Notebook,Office,3.00,"$44,436.00 ",0.00%,"$133,308.00","$109,503.22","$23,804.78",UPI,January,1,2026,82.14%,,,,
10449,8/23/2026,1279.00,Customer 234,Chennai,Tamil Nadu,206.00,Table,Furniture,3.00,"$37,385.00 ",1500.00%,"$95,331.75","$59,779.98","$35,551.77",Debit Card,August,8,2026,62.71%,,,,
10450,7/15/2025,1452.00,Customer 86,Chennai,Tamil Nadu,237.00,Paper,Office,3.00,"$21,324.00 ",1500.00%,"$54,376.20","$35,598.96","$18,777.24",Credit Card,July,7,2025,65.47%,,,,
10451,3/25/2026,1173.00,Customer 186,Hyderabad,Telangana,259.00,Table,Furniture,3.00,"$19,487.00 ",0.00%,"$58,461.00","$37,862.49","$20,598.51",Cash,March,3,2026,64.77%,,,,
10452,6/4/2026,1433.00,Customer 499,Delhi,Delhi,219.00,Desk,Furniture,5.00,"$45,971.00 ",1000.00%,"$206,869.50","$135,746.57","$71,122.93",Cash,June,6,2026,65.62%,,,,
10453,5/12/2025,1477.00,Customer 293,Bengaluru,Karnataka,209.00,Table,Furniture,7.00,"$45,510.00 ",1500.00%,"$270,784.50","$228,739.14","$42,045.36",Credit Card,May,5,2025,84.47%,,,,
10454,10/14/2025,1323.00,Customer 223,Pune,Maharashtra,257.00,Monitor,Electronics,7.00,"$4,298.00 ",2000.00%,"$24,068.80","$15,770.40","$8,298.40",UPI,October,10,2025,65.52%,,,,
10455,5/7/2025,1182.00,Customer 66,Hyderabad,Telangana,202.00,Pen,Office,2.00,"$18,202.00 ",1500.00%,"$30,943.40","$24,307.48","$6,635.92",UPI,May,5,2025,78.55%,,,,
10456,12/17/2026,1205.00,Customer 78,Delhi,Delhi,295.00,Laptop,Electronics,7.00,"$39,610.00 ",1000.00%,"$249,543.00","$162,717.85","$86,825.15",Debit Card,December,12,2026,65.21%,,,,
10457,1/3/2026,1015.00,Customer 193,Hyderabad,Telangana,240.00,Chair,Furniture,1.00,"$34,658.00 ",1500.00%,"$29,459.30","$22,711.54","$6,747.76",UPI,January,1,2026,77.09%,,,,
10458,1/12/2025,1050.00,Customer 65,Mumbai,Maharashtra,282.00,Notebook,Office,6.00,"$15,654.00 ",1000.00%,"$84,531.60","$54,194.46","$30,337.14",Debit Card,January,1,2025,64.11%,,,,
10459,12/10/2026,1318.00,Customer 454,Chennai,Tamil Nadu,288.00,Paper,Office,7.00,"$1,841.00 ",1500.00%,"$10,953.95","$9,260.99","$1,692.96",Debit Card,December,12,2026,84.54%,,,,
10460,10/29/2025,1317.00,Customer 2,Chennai,Tamil Nadu,265.00,Mouse,Electronics,7.00,"$35,662.00 ",500.00%,"$237,152.30","$186,816.79","$50,335.51",Credit Card,October,10,2025,78.78%,,,,
10461,10/1/2025,1466.00,Customer 360,Bengaluru,Karnataka,243.00,Keyboard,Electronics,8.00,"$48,562.00 ",0.00%,"$388,496.00","$282,031.14","$106,464.86",UPI,October,10,2025,72.60%,,,,
10462,7/26/2026,1362.00,Customer 155,Delhi,Delhi,253.00,Keyboard,Electronics,1.00,"$20,193.00 ",2000.00%,"$16,154.40","$12,120.49","$4,033.91",UPI,July,7,2026,75.03%,,,,
10463,10/29/2026,1366.00,Customer 196,Mumbai,Maharashtra,264.00,Chair,Furniture,3.00,"$4,652.00 ",500.00%,"$13,258.20","$9,694.01","$3,564.19",Cash,October,10,2026,73.12%,,,,
10464,1/1/2026,1206.00,Customer 41,Pune,Maharashtra,220.00,Pen,Office,4.00,"$44,932.00 ",1500.00%,"$152,768.80","$124,960.57","$27,808.23",Cash,January,1,2026,81.80%,,,,
10465,4/15/2026,1469.00,Customer 20,Hyderabad,Telangana,265.00,Chair,Furniture,6.00,"$30,743.00 ",500.00%,"$175,235.10","$130,618.50","$44,616.60",Credit Card,April,4,2026,74.54%,,,,
10466,2/19/2026,1159.00,Customer 244,Pune,Maharashtra,240.00,Pen,Office,3.00,"$26,946.00 ",2000.00%,"$64,670.40","$53,985.85","$10,684.55",UPI,February,2,2026,83.48%,,,,
10467,7/11/2026,1287.00,Customer 304,Pune,Maharashtra,271.00,Desk,Furniture,7.00,"$49,959.00 ",1000.00%,"$314,741.70","$194,435.92","$120,305.78",Cash,July,7,2026,61.78%,,,,
10468,1/17/2026,1168.00,Customer 153,Hyderabad,Telangana,248.00,Notebook,Office,2.00,"$39,949.00 ",1500.00%,"$67,913.30","$50,312.88","$17,600.42",Credit Card,January,1,2026,74.08%,,,,
10469,2/3/2026,1209.00,Customer 164,Pune,Maharashtra,292.00,Desk,Furniture,6.00,"$43,806.00 ",1500.00%,"$223,410.60","$181,296.03","$42,114.57",UPI,February,2,2026,81.15%,,,,
10470,4/20/2025,1445.00,Customer 153,Bengaluru,Karnataka,262.00,Table,Furniture,7.00,"$1,763.00 ",2000.00%,"$9,872.80","$5,990.96","$3,881.84",Cash,April,4,2025,60.68%,,,,
10471,6/9/2026,1055.00,Customer 331,Chennai,Tamil Nadu,212.00,Notebook,Office,5.00,"$42,323.00 ",1000.00%,"$190,453.50","$114,286.35","$76,167.15",Cash,June,6,2026,60.01%,,,,
10472,7/28/2025,1035.00,Customer 371,Pune,Maharashtra,211.00,Mouse,Electronics,1.00,"$25,916.00 ",2000.00%,"$20,732.80","$17,841.74","$2,891.06",UPI,July,7,2025,86.06%,,,,
10473,6/9/2025,1363.00,Customer 73,Pune,Maharashtra,242.00,Desk,Furniture,4.00,"$48,672.00 ",0.00%,"$194,688.00","$172,492.06","$22,195.94",Credit Card,June,6,2025,88.60%,,,,
10474,2/3/2026,1075.00,Customer 485,Mumbai,Maharashtra,273.00,Notebook,Office,5.00,"$28,810.00 ",1500.00%,"$122,442.50","$100,346.15","$22,096.35",Credit Card,February,2,2026,81.95%,,,,
10475,4/13/2025,1476.00,Customer 15,Chennai,Tamil Nadu,265.00,Keyboard,Electronics,2.00,"$45,333.00 ",0.00%,"$90,666.00","$58,469.13","$32,196.87",UPI,April,4,2025,64.49%,,,,
10476,5/25/2025,1438.00,Customer 151,Mumbai,Maharashtra,212.00,Desk,Furniture,1.00,"$2,377.00 ",500.00%,"$2,258.15","$1,808.17",$449.98,Cash,May,5,2025,80.07%,,,,
10477,3/18/2025,1224.00,Customer 53,Chennai,Tamil Nadu,263.00,Paper,Office,8.00,"$49,322.00 ",0.00%,"$394,576.00","$243,160.13","$151,415.87",UPI,March,3,2025,61.63%,,,,
10478,12/20/2026,1141.00,Customer 332,Hyderabad,Telangana,269.00,Paper,Office,6.00,"$38,000.00 ",2000.00%,"$182,400.00","$126,413.09","$55,986.91",Cash,December,12,2026,69.31%,,,,
10479,6/2/2025,1284.00,Customer 76,Hyderabad,Telangana,237.00,Laptop,Electronics,2.00,"$34,387.00 ",1000.00%,"$61,896.60","$43,619.40","$18,277.20",UPI,June,6,2025,70.47%,,,,
10480,2/27/2025,1127.00,Customer 362,Delhi,Delhi,232.00,Desk,Furniture,6.00,"$10,123.00 ",1000.00%,"$54,664.20","$35,020.21","$19,643.99",Credit Card,February,2,2025,64.06%,,,,
10481,1/4/2025,1296.00,Customer 467,Mumbai,Maharashtra,293.00,Table,Furniture,2.00,"$33,220.00 ",1000.00%,"$59,796.00","$37,575.32","$22,220.68",Cash,January,1,2025,62.84%,,,,
10482,3/28/2025,1371.00,Customer 381,Hyderabad,Telangana,265.00,Desk,Furniture,1.00,"$25,579.00 ",0.00%,"$25,579.00","$15,532.00","$10,047.00",Debit Card,March,3,2025,60.72%,,,,
10483,1/14/2026,1006.00,Customer 137,Hyderabad,Telangana,238.00,Chair,Furniture,4.00,"$49,205.00 ",1500.00%,"$167,297.00","$144,519.81","$22,777.19",Cash,January,1,2026,86.39%,,,,
10484,3/8/2026,1414.00,Customer 261,Hyderabad,Telangana,276.00,Monitor,Electronics,5.00,"$1,704.00 ",2000.00%,"$6,816.00","$5,752.55","$1,063.45",Credit Card,March,3,2026,84.40%,,,,
10485,3/4/2025,1147.00,Customer 79,Chennai,Tamil Nadu,224.00,Monitor,Electronics,2.00,"$32,871.00 ",500.00%,"$62,454.90","$52,429.56","$10,025.34",Debit Card,March,3,2025,83.95%,,,,
10486,12/5/2026,1018.00,Customer 103,Hyderabad,Telangana,245.00,Paper,Office,2.00,"$6,584.00 ",500.00%,"$12,509.60","$10,500.78","$2,008.82",Credit Card,December,12,2026,83.94%,,,,
10487,5/12/2025,1330.00,Customer 155,Bengaluru,Karnataka,258.00,Notebook,Office,8.00,"$24,844.00 ",1000.00%,"$178,876.80","$157,017.62","$21,859.18",Debit Card,May,5,2025,87.78%,,,,
10488,2/20/2025,1225.00,Customer 433,Pune,Maharashtra,295.00,Laptop,Electronics,3.00,"$23,678.00 ",500.00%,"$67,482.30","$44,835.66","$22,646.64",Credit Card,February,2,2025,66.44%,,,,
10489,11/13/2026,1092.00,Customer 335,Hyderabad,Telangana,274.00,Table,Furniture,7.00,"$44,077.00 ",2000.00%,"$246,831.20","$189,747.11","$57,084.09",Cash,November,11,2026,76.87%,,,,
10490,4/15/2025,1126.00,Customer 383,Bengaluru,Karnataka,202.00,Mouse,Electronics,7.00,"$45,308.00 ",0.00%,"$317,156.00","$230,729.12","$86,426.88",Debit Card,April,4,2025,72.75%,,,,
10491,9/7/2025,1286.00,Customer 372,Chennai,Tamil Nadu,273.00,Notebook,Office,2.00,"$6,254.00 ",1000.00%,"$11,257.20","$7,800.49","$3,456.71",UPI,September,9,2025,69.29%,,,,
10492,1/2/2026,1307.00,Customer 292,Bengaluru,Karnataka,257.00,Laptop,Electronics,7.00,"$8,168.00 ",2000.00%,"$45,740.80","$35,903.25","$9,837.55",Credit Card,January,1,2026,78.49%,,,,
10493,5/3/2025,1195.00,Customer 426,Delhi,Delhi,265.00,Desk,Furniture,7.00,"$5,116.00 ",500.00%,"$34,021.40","$30,574.58","$3,446.82",Credit Card,May,5,2025,89.87%,,,,
10494,11/18/2025,1141.00,Customer 487,Mumbai,Maharashtra,273.00,Desk,Furniture,3.00,"$46,852.00 ",1000.00%,"$126,500.40","$93,743.67","$32,756.73",Credit Card,November,11,2025,74.11%,,,,
10495,4/1/2026,1238.00,Customer 461,Hyderabad,Telangana,297.00,Keyboard,Electronics,2.00,"$29,708.00 ",1500.00%,"$50,503.60","$43,559.81","$6,943.79",Cash,April,4,2026,86.25%,,,,
10496,8/6/2025,1102.00,Customer 289,Bengaluru,Karnataka,228.00,Chair,Furniture,4.00,$146.00 ,1000.00%,$525.60,$465.44,$60.16,Credit Card,August,8,2025,88.55%,,,,
10497,1/9/2026,1371.00,Customer 20,Hyderabad,Telangana,217.00,Paper,Office,4.00,"$3,360.00 ",1500.00%,"$11,424.00","$9,562.80","$1,861.20",Credit Card,January,1,2026,83.71%,,,,
10498,12/7/2025,1259.00,Customer 7,Bengaluru,Karnataka,211.00,Keyboard,Electronics,5.00,"$19,541.00 ",500.00%,"$92,819.75","$78,812.00","$14,007.75",Debit Card,December,12,2025,84.91%,,,,
10499,3/22/2026,1370.00,Customer 60,Hyderabad,Telangana,272.00,Notebook,Office,5.00,"$28,980.00 ",0.00%,"$144,900.00","$106,576.00","$38,324.00",Credit Card,March,3,2026,73.55%,,,,
10500,2/6/2025,1244.00,Customer 468,Delhi,Delhi,235.00,Chair,Furniture,7.00,$515.00 ,500.00%,"$3,424.75","$2,810.97",$613.78,UPI,February,2,2025,82.08%,,,,
10501,4/10/2026,1247.00,Customer 107,Hyderabad,Telangana,224.00,Notebook,Office,1.00,"$42,645.00 ",500.00%,"$40,512.75","$29,193.25","$11,319.50",Cash,April,4,2026,72.06%,,,,
10502,3/5/2026,1274.00,Customer 459,Mumbai,Maharashtra,277.00,Paper,Office,6.00,"$12,137.00 ",1000.00%,"$65,539.80","$45,877.99","$19,661.81",Cash,March,3,2026,70.00%,,,,
10503,9/15/2025,1059.00,Customer 435,Delhi,Delhi,253.00,Notebook,Office,5.00,"$26,901.00 ",500.00%,"$127,779.75","$85,465.89","$42,313.86",Debit Card,September,9,2025,66.89%,,,,
10504,6/10/2026,1094.00,Customer 138,Hyderabad,Telangana,279.00,Pen,Office,1.00,"$28,686.00 ",2000.00%,"$22,948.80","$15,037.53","$7,911.27",Credit Card,June,6,2026,65.53%,,,,
10505,8/16/2025,1422.00,Customer 149,Delhi,Delhi,242.00,Table,Furniture,7.00,"$23,511.00 ",1000.00%,"$148,119.30","$99,222.96","$48,896.34",Credit Card,August,8,2025,66.99%,,,,
10506,1/14/2025,1274.00,Customer 155,Bengaluru,Karnataka,271.00,Monitor,Electronics,2.00,"$44,838.00 ",2000.00%,"$71,740.80","$63,264.55","$8,476.25",UPI,January,1,2025,88.18%,,,,
10507,2/28/2026,1363.00,Customer 205,Hyderabad,Telangana,292.00,Pen,Office,1.00,"$23,873.00 ",1000.00%,"$21,485.70","$18,936.39","$2,549.31",UPI,February,2,2026,88.13%,,,,
10508,4/2/2026,1197.00,Customer 176,Mumbai,Maharashtra,225.00,Paper,Office,7.00,"$21,801.00 ",2000.00%,"$122,085.60","$79,826.91","$42,258.69",Cash,April,4,2026,65.39%,,,,
10509,5/19/2025,1312.00,Customer 257,Bengaluru,Karnataka,269.00,Chair,Furniture,7.00,"$41,281.00 ",0.00%,"$288,967.00","$202,329.77","$86,637.23",UPI,May,5,2025,70.02%,,,,
10510,8/25/2025,1284.00,Customer 405,Delhi,Delhi,247.00,Notebook,Office,5.00,"$5,548.00 ",0.00%,"$27,740.00","$19,828.54","$7,911.46",Debit Card,August,8,2025,71.48%,,,,
10511,6/25/2026,1326.00,Customer 167,Bengaluru,Karnataka,250.00,Desk,Furniture,8.00,"$6,155.00 ",500.00%,"$46,778.00","$39,258.46","$7,519.54",Debit Card,June,6,2026,83.93%,,,,
10512,10/24/2026,1469.00,Customer 267,Chennai,Tamil Nadu,286.00,Paper,Office,3.00,"$35,866.00 ",1500.00%,"$91,458.30","$81,833.43","$9,624.87",UPI,October,10,2026,89.48%,,,,
10513,7/10/2026,1194.00,Customer 280,Hyderabad,Telangana,235.00,Chair,Furniture,1.00,"$46,002.00 ",0.00%,"$46,002.00","$40,715.86","$5,286.14",UPI,July,7,2026,88.51%,,,,
10514,3/25/2026,1461.00,Customer 398,Hyderabad,Telangana,228.00,Keyboard,Electronics,7.00,"$25,879.00 ",500.00%,"$172,095.35","$114,642.81","$57,452.54",Debit Card,March,3,2026,66.62%,,,,
10515,12/11/2026,1093.00,Customer 489,Chennai,Tamil Nadu,211.00,Paper,Office,3.00,"$26,242.00 ",500.00%,"$74,789.70","$62,731.17","$12,058.53",UPI,December,12,2026,83.88%,,,,
10516,12/12/2026,1489.00,Customer 129,Pune,Maharashtra,281.00,Paper,Office,6.00,"$8,217.00 ",2000.00%,"$39,441.60","$23,919.05","$15,522.55",Cash,December,12,2026,60.64%,,,,
10517,11/5/2025,1203.00,Customer 329,Pune,Maharashtra,285.00,Table,Furniture,1.00,"$6,361.00 ",2000.00%,"$5,088.80","$4,248.42",$840.38,UPI,November,11,2025,83.49%,,,,
10518,1/15/2025,1179.00,Customer 352,Pune,Maharashtra,299.00,Chair,Furniture,1.00,$888.00 ,2000.00%,$710.40,$615.64,$94.76,Cash,January,1,2025,86.66%,,,,
10519,8/21/2025,1177.00,Customer 70,Hyderabad,Telangana,277.00,Notebook,Office,5.00,"$16,384.00 ",1500.00%,"$69,632.00","$52,080.99","$17,551.01",UPI,August,8,2025,74.79%,,,,
10520,4/5/2025,1233.00,Customer 188,Bengaluru,Karnataka,205.00,Monitor,Electronics,5.00,"$42,032.00 ",1000.00%,"$189,144.00","$125,201.97","$63,942.03",UPI,April,4,2025,66.19%,,,,
10521,8/13/2025,1451.00,Customer 244,Hyderabad,Telangana,234.00,Mouse,Electronics,5.00,"$9,320.00 ",2000.00%,"$37,280.00","$27,745.29","$9,534.71",Credit Card,August,8,2025,74.42%,,,,
10522,6/1/2025,1447.00,Customer 101,Chennai,Tamil Nadu,247.00,Monitor,Electronics,1.00,"$32,267.00 ",1000.00%,"$29,040.30","$19,665.53","$9,374.77",Credit Card,June,6,2025,67.72%,,,,
10523,10/6/2025,1087.00,Customer 196,Bengaluru,Karnataka,249.00,Pen,Office,3.00,"$17,667.00 ",2000.00%,"$42,400.80","$35,817.63","$6,583.17",Debit Card,October,10,2025,84.47%,,,,
10524,3/15/2026,1150.00,Customer 487,Pune,Maharashtra,218.00,Chair,Furniture,8.00,"$29,138.00 ",1000.00%,"$209,793.60","$177,567.16","$32,226.44",Credit Card,March,3,2026,84.64%,,,,
10525,1/17/2026,1221.00,Customer 59,Chennai,Tamil Nadu,250.00,Pen,Office,3.00,"$45,535.00 ",1500.00%,"$116,114.25","$96,051.49","$20,062.76",UPI,January,1,2026,82.72%,,,,
10526,8/5/2025,1228.00,Customer 365,Hyderabad,Telangana,259.00,Monitor,Electronics,1.00,"$40,830.00 ",500.00%,"$38,788.50","$34,707.03","$4,081.47",Credit Card,August,8,2025,89.48%,,,,
10527,11/27/2025,1071.00,Customer 478,Delhi,Delhi,230.00,Table,Furniture,4.00,"$36,826.00 ",2000.00%,"$117,843.20","$83,523.02","$34,320.18",UPI,November,11,2025,70.88%,,,,
10528,6/22/2026,1251.00,Customer 272,Pune,Maharashtra,271.00,Notebook,Office,7.00,$691.00 ,1000.00%,"$4,353.30","$3,207.60","$1,145.70",Debit Card,June,6,2026,73.68%,,,,
10529,5/20/2025,1448.00,Customer 464,Hyderabad,Telangana,204.00,Notebook,Office,7.00,"$17,801.00 ",1500.00%,"$105,915.95","$93,332.43","$12,583.52",Debit Card,May,5,2025,88.12%,,,,
10530,3/26/2025,1049.00,Customer 188,Mumbai,Maharashtra,238.00,Table,Furniture,4.00,"$19,139.00 ",1000.00%,"$68,900.40","$51,494.29","$17,406.11",Cash,March,3,2025,74.74%,,,,
10531,9/18/2026,1149.00,Customer 23,Bengaluru,Karnataka,238.00,Paper,Office,2.00,"$47,080.00 ",1500.00%,"$80,036.00","$49,615.37","$30,420.63",Debit Card,September,9,2026,61.99%,,,,
10532,3/17/2026,1235.00,Customer 437,Pune,Maharashtra,265.00,Laptop,Electronics,2.00,"$9,696.00 ",0.00%,"$19,392.00","$15,708.89","$3,683.11",Debit Card,March,3,2026,81.01%,,,,
10533,2/20/2026,1126.00,Customer 119,Chennai,Tamil Nadu,247.00,Monitor,Electronics,7.00,"$25,091.00 ",2000.00%,"$140,509.60","$107,919.98","$32,589.62",Credit Card,February,2,2026,76.81%,,,,
10534,9/21/2026,1019.00,Customer 461,Hyderabad,Telangana,258.00,Keyboard,Electronics,4.00,"$34,046.00 ",500.00%,"$129,374.80","$85,675.87","$43,698.93",Credit Card,September,9,2026,66.22%,,,,
10535,6/1/2026,1288.00,Customer 113,Pune,Maharashtra,262.00,Paper,Office,6.00,"$22,836.00 ",1500.00%,"$116,463.60","$82,055.60","$34,408.00",Cash,June,6,2026,70.46%,,,,
10536,9/28/2026,1202.00,Customer 116,Mumbai,Maharashtra,211.00,Mouse,Electronics,5.00,"$30,320.00 ",0.00%,"$151,600.00","$120,998.85","$30,601.15",Cash,September,9,2026,79.81%,,,,
10537,6/24/2026,1487.00,Customer 188,Delhi,Delhi,283.00,Pen,Office,1.00,"$40,353.00 ",1500.00%,"$34,300.05","$24,645.09","$9,654.96",Credit Card,June,6,2026,71.85%,,,,
10538,3/25/2025,1247.00,Customer 329,Delhi,Delhi,250.00,Notebook,Office,5.00,"$36,025.00 ",1000.00%,"$162,112.50","$139,256.28","$22,856.22",Credit Card,March,3,2025,85.90%,,,,
10539,1/27/2025,1195.00,Customer 484,Hyderabad,Telangana,285.00,Mouse,Electronics,6.00,"$13,229.00 ",500.00%,"$75,405.30","$62,307.09","$13,098.21",Credit Card,January,1,2025,82.63%,,,,
10540,8/3/2025,1456.00,Customer 35,Bengaluru,Karnataka,240.00,Keyboard,Electronics,6.00,"$19,341.00 ",2000.00%,"$92,836.80","$63,558.52","$29,278.28",UPI,August,8,2025,68.46%,,,,
10541,6/15/2026,1139.00,Customer 67,Mumbai,Maharashtra,227.00,Table,Furniture,8.00,"$10,029.00 ",0.00%,"$80,232.00","$67,593.94","$12,638.06",UPI,June,6,2026,84.25%,,,,
10542,4/5/2025,1357.00,Customer 263,Hyderabad,Telangana,205.00,Mouse,Electronics,1.00,"$14,484.00 ",1500.00%,"$12,311.40","$9,225.13","$3,086.27",Credit Card,April,4,2025,74.93%,,,,
10543,1/27/2026,1495.00,Customer 249,Mumbai,Maharashtra,300.00,Notebook,Office,8.00,"$7,191.00 ",1000.00%,"$51,775.20","$35,051.75","$16,723.45",Credit Card,January,1,2026,67.70%,,,,
10544,12/26/2025,1449.00,Customer 85,Chennai,Tamil Nadu,265.00,Table,Furniture,4.00,"$34,046.00 ",0.00%,"$136,184.00","$107,917.53","$28,266.47",Debit Card,December,12,2025,79.24%,,,,
10545,8/2/2025,1288.00,Customer 59,Chennai,Tamil Nadu,282.00,Pen,Office,6.00,"$13,108.00 ",1000.00%,"$70,783.20","$44,786.99","$25,996.21",Debit Card,August,8,2025,63.27%,,,,
10546,12/25/2025,1489.00,Customer 459,Chennai,Tamil Nadu,244.00,Chair,Furniture,2.00,"$18,129.00 ",2000.00%,"$29,006.40","$19,362.86","$9,643.54",Credit Card,December,12,2025,66.75%,,,,
10547,11/20/2026,1258.00,Customer 200,Bengaluru,Karnataka,253.00,Notebook,Office,7.00,"$31,293.00 ",0.00%,"$219,051.00","$182,433.67","$36,617.33",Cash,November,11,2026,83.28%,,,,
10548,9/26/2026,1363.00,Customer 304,Bengaluru,Karnataka,262.00,Table,Furniture,6.00,"$25,321.00 ",500.00%,"$144,329.70","$111,308.18","$33,021.52",UPI,September,9,2026,77.12%,,,,
10549,12/7/2025,1196.00,Customer 230,Bengaluru,Karnataka,235.00,Keyboard,Electronics,6.00,"$41,821.00 ",2000.00%,"$200,740.80","$149,215.77","$51,525.03",UPI,December,12,2025,74.33%,,,,
10550,1/13/2026,1028.00,Customer 64,Pune,Maharashtra,260.00,Table,Furniture,6.00,"$7,918.00 ",0.00%,"$47,508.00","$33,540.47","$13,967.53",Credit Card,January,1,2026,70.60%,,,,
10551,11/4/2025,1083.00,Customer 254,Delhi,Delhi,240.00,Chair,Furniture,3.00,"$15,299.00 ",1000.00%,"$41,307.30","$30,371.37","$10,935.93",Cash,November,11,2025,73.53%,,,,
10552,8/21/2025,1317.00,Customer 256,Chennai,Tamil Nadu,203.00,Paper,Office,2.00,"$15,125.00 ",2000.00%,"$24,200.00","$20,257.58","$3,942.42",Debit Card,August,8,2025,83.71%,,,,
10553,2/26/2026,1189.00,Customer 50,Hyderabad,Telangana,235.00,Table,Furniture,4.00,"$40,564.00 ",1500.00%,"$137,917.60","$110,861.73","$27,055.87",Debit Card,February,2,2026,80.38%,,,,
10554,2/5/2026,1429.00,Customer 479,Mumbai,Maharashtra,242.00,Table,Furniture,1.00,"$15,356.00 ",0.00%,"$15,356.00","$11,584.94","$3,771.06",Debit Card,February,2,2026,75.44%,,,,
10555,10/5/2026,1236.00,Customer 46,Hyderabad,Telangana,298.00,Paper,Office,6.00,"$30,052.00 ",2000.00%,"$144,249.60","$122,973.60","$21,276.00",Cash,October,10,2026,85.25%,,,,
10556,9/26/2025,1219.00,Customer 298,Hyderabad,Telangana,295.00,Monitor,Electronics,8.00,"$27,894.00 ",2000.00%,"$178,521.60","$148,133.40","$30,388.20",Credit Card,September,9,2025,82.98%,,,,
10557,6/30/2026,1039.00,Customer 223,Mumbai,Maharashtra,216.00,Notebook,Office,7.00,"$30,633.00 ",1000.00%,"$192,987.90","$151,592.61","$41,395.29",Credit Card,June,6,2026,78.55%,,,,
10558,11/18/2026,1307.00,Customer 461,Mumbai,Maharashtra,228.00,Desk,Furniture,4.00,"$19,694.00 ",500.00%,"$74,837.20","$66,663.12","$8,174.08",Debit Card,November,11,2026,89.08%,,,,
10559,10/10/2026,1465.00,Customer 38,Delhi,Delhi,266.00,Keyboard,Electronics,2.00,"$8,072.00 ",500.00%,"$15,336.80","$13,713.12","$1,623.68",Credit Card,October,10,2026,89.41%,,,,
10560,6/30/2026,1157.00,Customer 336,Hyderabad,Telangana,258.00,Paper,Office,8.00,"$41,652.00 ",0.00%,"$333,216.00","$235,634.55","$97,581.45",Cash,June,6,2026,70.72%,,,,
10561,4/14/2026,1014.00,Customer 459,Chennai,Tamil Nadu,293.00,Notebook,Office,6.00,"$35,573.00 ",1500.00%,"$181,422.30","$162,790.78","$18,631.52",Credit Card,April,4,2026,89.73%,,,,
10562,9/13/2025,1164.00,Customer 273,Mumbai,Maharashtra,254.00,Table,Furniture,5.00,"$20,584.00 ",1500.00%,"$87,482.00","$72,630.42","$14,851.58",UPI,September,9,2025,83.02%,,,,
10563,11/14/2025,1437.00,Customer 36,Mumbai,Maharashtra,277.00,Chair,Furniture,6.00,"$9,105.00 ",1000.00%,"$49,167.00","$36,467.37","$12,699.63",Debit Card,November,11,2025,74.17%,,,,
10564,1/15/2025,1249.00,Customer 74,Hyderabad,Telangana,282.00,Chair,Furniture,6.00,"$49,659.00 ",2000.00%,"$238,363.20","$210,000.28","$28,362.92",Debit Card,January,1,2025,88.10%,,,,
10565,12/10/2025,1493.00,Customer 185,Delhi,Delhi,259.00,Laptop,Electronics,4.00,"$29,993.00 ",1000.00%,"$107,974.80","$83,565.76","$24,409.04",Credit Card,December,12,2025,77.39%,,,,
10566,9/16/2025,1284.00,Customer 219,Hyderabad,Telangana,269.00,Laptop,Electronics,4.00,"$46,412.00 ",500.00%,"$176,365.60","$134,159.16","$42,206.44",UPI,September,9,2025,76.07%,,,,
10567,10/10/2026,1185.00,Customer 112,Bengaluru,Karnataka,246.00,Keyboard,Electronics,3.00,"$48,271.00 ",500.00%,"$137,572.35","$96,649.31","$40,923.04",Cash,October,10,2026,70.25%,,,,
10568,1/13/2026,1311.00,Customer 68,Hyderabad,Telangana,251.00,Notebook,Office,8.00,"$5,949.00 ",500.00%,"$45,212.40","$37,671.23","$7,541.17",Cash,January,1,2026,83.32%,,,,
10569,7/29/2025,1129.00,Customer 156,Hyderabad,Telangana,285.00,Table,Furniture,4.00,"$48,249.00 ",500.00%,"$183,346.20","$118,611.11","$64,735.09",Cash,July,7,2025,64.69%,,,,
10570,5/3/2026,1055.00,Customer 374,Pune,Maharashtra,266.00,Keyboard,Electronics,2.00,"$23,194.00 ",2000.00%,"$37,110.40","$29,047.82","$8,062.58",UPI,May,5,2026,78.27%,,,,
10571,8/15/2025,1137.00,Customer 489,Mumbai,Maharashtra,272.00,Table,Furniture,6.00,"$16,479.00 ",2000.00%,"$79,099.20","$61,633.21","$17,465.99",UPI,August,8,2025,77.92%,,,,
10572,2/8/2025,1244.00,Customer 313,Bengaluru,Karnataka,222.00,Pen,Office,3.00,"$44,171.00 ",0.00%,"$132,513.00","$79,759.51","$52,753.49",UPI,February,2,2025,60.19%,,,,
10573,1/22/2025,1384.00,Customer 5,Hyderabad,Telangana,218.00,Pen,Office,7.00,"$10,981.00 ",2000.00%,"$61,493.60","$45,652.48","$15,841.12",Debit Card,January,1,2025,74.24%,,,,
10574,6/1/2025,1435.00,Customer 204,Delhi,Delhi,261.00,Notebook,Office,3.00,"$10,603.00 ",1000.00%,"$28,628.10","$19,494.41","$9,133.69",Credit Card,June,6,2025,68.10%,,,,
10575,12/16/2025,1298.00,Customer 50,Hyderabad,Telangana,224.00,Mouse,Electronics,5.00,"$22,609.00 ",500.00%,"$107,392.75","$76,950.27","$30,442.48",UPI,December,12,2025,71.65%,,,,
10576,10/6/2026,1054.00,Customer 298,Pune,Maharashtra,292.00,Desk,Furniture,3.00,"$13,894.00 ",1500.00%,"$35,429.70","$26,485.84","$8,943.86",Credit Card,October,10,2026,74.76%,,,,
10577,9/6/2025,1300.00,Customer 85,Hyderabad,Telangana,230.00,Paper,Office,7.00,"$30,079.00 ",500.00%,"$200,025.35","$172,931.02","$27,094.33",UPI,September,9,2025,86.45%,,,,
10578,2/2/2025,1495.00,Customer 255,Pune,Maharashtra,275.00,Table,Furniture,7.00,"$47,607.00 ",2000.00%,"$266,599.20","$238,416.01","$28,183.19",Debit Card,February,2,2025,89.43%,,,,
10579,6/11/2026,1426.00,Customer 267,Chennai,Tamil Nadu,273.00,Monitor,Electronics,6.00,"$22,684.00 ",2000.00%,"$108,883.20","$89,467.35","$19,415.85",UPI,June,6,2026,82.17%,,,,
10580,7/12/2025,1412.00,Customer 487,Mumbai,Maharashtra,219.00,Laptop,Electronics,3.00,"$30,489.00 ",2000.00%,"$73,173.60","$51,931.45","$21,242.15",Cash,July,7,2025,70.97%,,,,
10581,9/4/2025,1123.00,Customer 173,Delhi,Delhi,245.00,Chair,Furniture,5.00,$995.00 ,1000.00%,"$4,477.50","$2,690.01","$1,787.49",Debit Card,September,9,2025,60.08%,,,,
10582,6/14/2025,1464.00,Customer 116,Delhi,Delhi,295.00,Notebook,Office,6.00,"$34,984.00 ",0.00%,"$209,904.00","$177,658.45","$32,245.55",UPI,June,6,2025,84.64%,,,,
10583,4/20/2025,1182.00,Customer 499,Chennai,Tamil Nadu,250.00,Chair,Furniture,4.00,"$15,969.00 ",1000.00%,"$57,488.40","$46,755.91","$10,732.49",UPI,April,4,2025,81.33%,,,,
10584,8/8/2026,1314.00,Customer 196,Hyderabad,Telangana,288.00,Chair,Furniture,4.00,"$23,860.00 ",0.00%,"$95,440.00","$84,421.33","$11,018.67",Cash,August,8,2026,88.45%,,,,
10585,5/30/2026,1108.00,Customer 175,Mumbai,Maharashtra,218.00,Mouse,Electronics,1.00,"$1,209.00 ",500.00%,"$1,148.55",$941.75,$206.80,Credit Card,May,5,2026,81.99%,,,,
10586,12/3/2025,1303.00,Customer 335,Hyderabad,Telangana,267.00,Chair,Furniture,3.00,"$31,045.00 ",2000.00%,"$74,508.00","$66,218.08","$8,289.92",Debit Card,December,12,2025,88.87%,,,,
10587,5/20/2026,1312.00,Customer 80,Chennai,Tamil Nadu,297.00,Notebook,Office,2.00,"$15,028.00 ",1500.00%,"$25,547.60","$19,944.02","$5,603.58",Credit Card,May,5,2026,78.07%,,,,
10588,10/31/2026,1414.00,Customer 345,Delhi,Delhi,218.00,Mouse,Electronics,3.00,"$37,056.00 ",1500.00%,"$94,492.80","$81,558.33","$12,934.47",Cash,October,10,2026,86.31%,,,,
10589,11/20/2025,1248.00,Customer 51,Delhi,Delhi,228.00,Paper,Office,7.00,"$26,567.00 ",1000.00%,"$167,372.10","$142,292.16","$25,079.94",Cash,November,11,2025,85.02%,,,,
10590,6/25/2026,1072.00,Customer 318,Delhi,Delhi,212.00,Notebook,Office,5.00,"$43,156.00 ",500.00%,"$204,991.00","$154,227.42","$50,763.58",Cash,June,6,2026,75.24%,,,,
10591,4/30/2025,1447.00,Customer 1,Bengaluru,Karnataka,298.00,Desk,Furniture,4.00,"$44,869.00 ",500.00%,"$170,502.20","$135,949.72","$34,552.48",UPI,April,4,2025,79.73%,,,,
10592,4/20/2025,1295.00,Customer 331,Pune,Maharashtra,277.00,Laptop,Electronics,8.00,"$9,929.00 ",0.00%,"$79,432.00","$62,634.60","$16,797.40",UPI,April,4,2025,78.85%,,,,
10593,2/7/2025,1206.00,Customer 200,Chennai,Tamil Nadu,285.00,Chair,Furniture,1.00,"$3,310.00 ",500.00%,"$3,144.50","$1,912.80","$1,231.70",Credit Card,February,2,2025,60.83%,,,,
10594,9/16/2026,1154.00,Customer 300,Pune,Maharashtra,239.00,Desk,Furniture,3.00,"$12,994.00 ",1000.00%,"$35,083.80","$27,034.76","$8,049.04",Debit Card,September,9,2026,77.06%,,,,
10595,9/26/2025,1066.00,Customer 294,Bengaluru,Karnataka,288.00,Chair,Furniture,2.00,"$43,806.00 ",0.00%,"$87,612.00","$69,498.91","$18,113.09",UPI,September,9,2025,79.33%,,,,
10596,5/3/2026,1376.00,Customer 105,Bengaluru,Karnataka,238.00,Paper,Office,5.00,"$34,564.00 ",500.00%,"$164,179.00","$109,436.75","$54,742.25",Credit Card,May,5,2026,66.66%,,,,
10597,7/30/2025,1395.00,Customer 72,Bengaluru,Karnataka,251.00,Notebook,Office,7.00,"$10,703.00 ",500.00%,"$71,174.95","$49,185.35","$21,989.60",Debit Card,July,7,2025,69.10%,,,,
10598,12/13/2025,1425.00,Customer 53,Bengaluru,Karnataka,201.00,Desk,Furniture,7.00,"$6,337.00 ",1000.00%,"$39,923.10","$31,808.40","$8,114.70",Cash,December,12,2025,79.67%,,,,
10599,6/22/2026,1170.00,Customer 141,Bengaluru,Karnataka,267.00,Chair,Furniture,5.00,"$41,439.00 ",0.00%,"$207,195.00","$166,276.73","$40,918.27",Credit Card,June,6,2026,80.25%,,,,
10600,12/1/2025,1008.00,Customer 164,Chennai,Tamil Nadu,206.00,Mouse,Electronics,8.00,"$1,518.00 ",1000.00%,"$10,929.60","$6,873.57","$4,056.03",Credit Card,December,12,2025,62.89%,,,,
10601,10/13/2026,1017.00,Customer 20,Hyderabad,Telangana,300.00,Monitor,Electronics,8.00,"$36,259.00 ",1500.00%,"$246,561.20","$199,625.15","$46,936.05",UPI,October,10,2026,80.96%,,,,
10602,4/9/2025,1183.00,Customer 334,Hyderabad,Telangana,251.00,Monitor,Electronics,1.00,"$28,677.00 ",500.00%,"$27,243.15","$22,378.34","$4,864.81",Debit Card,April,4,2025,82.14%,,,,
10603,1/18/2025,1160.00,Customer 83,Chennai,Tamil Nadu,272.00,Table,Furniture,7.00,"$44,059.00 ",1500.00%,"$262,151.05","$182,427.28","$79,723.77",Cash,January,1,2025,69.59%,,,,
10604,7/29/2026,1170.00,Customer 285,Chennai,Tamil Nadu,245.00,Keyboard,Electronics,7.00,"$48,332.00 ",500.00%,"$321,407.80","$210,465.18","$110,942.62",Cash,July,7,2026,65.48%,,,,
10605,8/25/2025,1337.00,Customer 203,Delhi,Delhi,277.00,Pen,Office,8.00,"$30,518.00 ",1500.00%,"$207,522.40","$164,157.08","$43,365.32",Credit Card,August,8,2025,79.10%,,,,
10606,9/8/2026,1109.00,Customer 430,Delhi,Delhi,209.00,Table,Furniture,1.00,"$18,837.00 ",0.00%,"$18,837.00","$12,692.67","$6,144.33",Debit Card,September,9,2026,67.38%,,,,
10607,6/1/2026,1081.00,Customer 340,Mumbai,Maharashtra,265.00,Laptop,Electronics,8.00,"$17,613.00 ",1500.00%,"$119,768.40","$104,734.98","$15,033.42",Cash,June,6,2026,87.45%,,,,
10608,3/30/2025,1010.00,Customer 148,Hyderabad,Telangana,222.00,Desk,Furniture,2.00,"$42,782.00 ",0.00%,"$85,564.00","$75,507.35","$10,056.65",Credit Card,March,3,2025,88.25%,,,,
10609,1/28/2025,1173.00,Customer 2,Bengaluru,Karnataka,224.00,Pen,Office,8.00,"$31,914.00 ",1000.00%,"$229,780.80","$199,005.07","$30,775.73",Debit Card,January,1,2025,86.61%,,,,
10610,4/13/2026,1461.00,Customer 45,Mumbai,Maharashtra,268.00,Chair,Furniture,7.00,"$22,847.00 ",2000.00%,"$127,943.20","$89,364.82","$38,578.38",Debit Card,April,4,2026,69.85%,,,,
10611,1/1/2027,1162.00,Customer 449,Hyderabad,Telangana,244.00,Table,Furniture,7.00,"$22,326.00 ",1500.00%,"$132,839.70","$80,267.00","$52,572.70",Debit Card,January,1,2027,60.42%,,,,
10612,12/28/2026,1149.00,Customer 67,Bengaluru,Karnataka,240.00,Notebook,Office,7.00,"$40,240.00 ",1500.00%,"$239,428.00","$173,445.04","$65,982.96",Cash,December,12,2026,72.44%,,,,
10613,12/8/2026,1345.00,Customer 355,Pune,Maharashtra,214.00,Desk,Furniture,5.00,"$42,429.00 ",500.00%,"$201,537.75","$165,302.81","$36,234.94",Cash,December,12,2026,82.02%,,,,
10614,10/22/2025,1294.00,Customer 346,Pune,Maharashtra,233.00,Mouse,Electronics,3.00,"$36,292.00 ",2000.00%,"$87,100.80","$75,681.92","$11,418.88",Credit Card,October,10,2025,86.89%,,,,
10615,1/15/2026,1200.00,Customer 337,Hyderabad,Telangana,215.00,Laptop,Electronics,2.00,"$6,413.00 ",2000.00%,"$10,260.80","$6,226.88","$4,033.92",UPI,January,1,2026,60.69%,,,,
10616,7/13/2025,1371.00,Customer 201,Delhi,Delhi,205.00,Paper,Office,2.00,"$8,388.00 ",0.00%,"$16,776.00","$11,281.72","$5,494.28",Credit Card,July,7,2025,67.25%,,,,
10617,7/25/2026,1355.00,Customer 8,Delhi,Delhi,297.00,Paper,Office,5.00,"$21,512.00 ",2000.00%,"$86,048.00","$72,675.00","$13,373.00",Credit Card,July,7,2026,84.46%,,,,
10618,4/20/2025,1418.00,Customer 268,Hyderabad,Telangana,298.00,Keyboard,Electronics,8.00,"$26,478.00 ",0.00%,"$211,824.00","$134,353.10","$77,470.90",Cash,April,4,2025,63.43%,,,,
10619,4/17/2026,1346.00,Customer 9,Mumbai,Maharashtra,226.00,Laptop,Electronics,2.00,"$5,006.00 ",500.00%,"$9,511.40","$6,830.00","$2,681.40",UPI,April,4,2026,71.81%,,,,
10620,9/25/2026,1048.00,Customer 305,Bengaluru,Karnataka,230.00,Chair,Furniture,2.00,"$39,341.00 ",1000.00%,"$70,813.80","$47,527.92","$23,285.88",Credit Card,September,9,2026,67.12%,,,,
10621,5/20/2025,1273.00,Customer 207,Delhi,Delhi,239.00,Monitor,Electronics,8.00,"$9,354.00 ",2000.00%,"$59,865.60","$45,620.01","$14,245.59",Credit Card,May,5,2025,76.20%,,,,
10622,4/9/2026,1148.00,Customer 500,Chennai,Tamil Nadu,227.00,Paper,Office,2.00,"$16,607.00 ",1000.00%,"$29,892.60","$18,563.04","$11,329.56",Cash,April,4,2026,62.10%,,,,
10623,10/12/2026,1187.00,Customer 329,Mumbai,Maharashtra,228.00,Table,Furniture,5.00,"$31,700.00 ",1000.00%,"$142,650.00","$94,376.17","$48,273.83",UPI,October,10,2026,66.16%,,,,
10624,10/5/2026,1070.00,Customer 203,Pune,Maharashtra,252.00,Chair,Furniture,2.00,"$30,843.00 ",1000.00%,"$55,517.40","$34,310.51","$21,206.89",Credit Card,October,10,2026,61.80%,,,,
10625,4/29/2026,1286.00,Customer 132,Hyderabad,Telangana,272.00,Chair,Furniture,5.00,"$32,924.00 ",0.00%,"$164,620.00","$114,055.41","$50,564.59",Cash,April,4,2026,69.28%,,,,
10626,2/19/2026,1229.00,Customer 75,Bengaluru,Karnataka,217.00,Pen,Office,8.00,"$46,691.00 ",1000.00%,"$336,175.20","$291,600.55","$44,574.65",Credit Card,February,2,2026,86.74%,,,,
10627,9/17/2026,1233.00,Customer 25,Chennai,Tamil Nadu,211.00,Pen,Office,7.00,"$29,177.00 ",2000.00%,"$163,391.20","$110,505.78","$52,885.42",Debit Card,September,9,2026,67.63%,,,,
10628,5/6/2025,1091.00,Customer 293,Mumbai,Maharashtra,240.00,Pen,Office,4.00,"$22,479.00 ",1000.00%,"$80,924.40","$66,955.31","$13,969.09",Cash,May,5,2025,82.74%,,,,
10629,6/22/2025,1132.00,Customer 101,Pune,Maharashtra,213.00,Table,Furniture,6.00,"$29,707.00 ",1500.00%,"$151,505.70","$106,900.59","$44,605.11",Credit Card,June,6,2025,70.56%,,,,
10630,2/5/2025,1321.00,Customer 77,Delhi,Delhi,267.00,Paper,Office,2.00,"$32,242.00 ",500.00%,"$61,259.80","$49,173.77","$12,086.03",Debit Card,February,2,2025,80.27%,,,,
10631,3/26/2025,1143.00,Customer 232,Bengaluru,Karnataka,201.00,Notebook,Office,4.00,"$33,636.00 ",500.00%,"$127,816.80","$89,817.69","$37,999.11",Cash,March,3,2025,70.27%,,,,
10632,5/31/2025,1135.00,Customer 389,Delhi,Delhi,233.00,Paper,Office,1.00,"$42,599.00 ",1500.00%,"$36,209.15","$30,873.85","$5,335.30",Cash,May,5,2025,85.27%,,,,
10633,10/7/2026,1410.00,Customer 378,Hyderabad,Telangana,231.00,Desk,Furniture,7.00,"$5,784.00 ",1500.00%,"$34,414.80","$25,296.12","$9,118.68",Cash,October,10,2026,73.50%,,,,
10634,2/19/2025,1034.00,Customer 285,Chennai,Tamil Nadu,212.00,Chair,Furniture,7.00,"$34,555.00 ",1500.00%,"$205,602.25","$150,262.57","$55,339.68",UPI,February,2,2025,73.08%,,,,
10635,12/8/2025,1300.00,Customer 458,Mumbai,Maharashtra,235.00,Chair,Furniture,5.00,"$44,974.00 ",2000.00%,"$179,896.00","$124,537.58","$55,358.42",Debit Card,December,12,2025,69.23%,,,,
10636,1/3/2025,1477.00,Customer 431,Bengaluru,Karnataka,279.00,Laptop,Electronics,6.00,"$29,163.00 ",2000.00%,"$139,982.40","$124,279.19","$15,703.21",Credit Card,January,1,2025,88.78%,,,,
10637,1/6/2025,1033.00,Customer 443,Delhi,Delhi,296.00,Paper,Office,8.00,"$29,556.00 ",1500.00%,"$200,980.80","$166,696.96","$34,283.84",Debit Card,January,1,2025,82.94%,,,,
10638,3/1/2026,1228.00,Customer 38,Bengaluru,Karnataka,300.00,Chair,Furniture,2.00,"$44,470.00 ",1000.00%,"$80,046.00","$63,096.07","$16,949.93",Cash,March,3,2026,78.82%,,,,
10639,3/17/2026,1254.00,Customer 114,Pune,Maharashtra,257.00,Chair,Furniture,5.00,"$5,814.00 ",1000.00%,"$26,163.00","$18,898.52","$7,264.48",Debit Card,March,3,2026,72.23%,,,,
10640,5/7/2025,1474.00,Customer 283,Chennai,Tamil Nadu,224.00,Laptop,Electronics,7.00,"$25,509.00 ",1000.00%,"$160,706.70","$99,778.95","$60,927.75",UPI,May,5,2025,62.09%,,,,
10641,5/21/2026,1426.00,Customer 303,Chennai,Tamil Nadu,297.00,Laptop,Electronics,1.00,"$44,798.00 ",1000.00%,"$40,318.20","$25,014.79","$15,303.41",Cash,May,5,2026,62.04%,,,,
10642,4/9/2026,1127.00,Customer 374,Mumbai,Maharashtra,295.00,Pen,Office,6.00,"$39,194.00 ",500.00%,"$223,405.80","$139,806.01","$83,599.79",Credit Card,April,4,2026,62.58%,,,,
10643,10/1/2026,1170.00,Customer 321,Pune,Maharashtra,290.00,Keyboard,Electronics,8.00,"$12,900.00 ",500.00%,"$98,040.00","$68,782.75","$29,257.25",UPI,October,10,2026,70.16%,,,,
10644,8/15/2026,1321.00,Customer 273,Chennai,Tamil Nadu,228.00,Paper,Office,7.00,"$7,700.00 ",2000.00%,"$43,120.00","$33,720.17","$9,399.83",Debit Card,August,8,2026,78.20%,,,,
10645,6/12/2026,1331.00,Customer 144,Mumbai,Maharashtra,300.00,Table,Furniture,6.00,"$44,308.00 ",1000.00%,"$239,263.20","$182,907.86","$56,355.34",Credit Card,June,6,2026,76.45%,,,,
10646,6/12/2025,1493.00,Customer 439,Chennai,Tamil Nadu,243.00,Chair,Furniture,7.00,"$40,278.00 ",2000.00%,"$225,556.80","$194,839.47","$30,717.33",UPI,June,6,2025,86.38%,,,,
10647,9/14/2025,1075.00,Customer 64,Pune,Maharashtra,201.00,Notebook,Office,1.00,"$7,100.00 ",1000.00%,"$6,390.00","$5,505.52",$884.48,Debit Card,September,9,2025,86.16%,,,,
10648,6/6/2025,1119.00,Customer 497,Delhi,Delhi,266.00,Monitor,Electronics,8.00,"$11,011.00 ",0.00%,"$88,088.00","$64,010.62","$24,077.38",UPI,June,6,2025,72.67%,,,,
10649,2/14/2026,1168.00,Customer 486,Hyderabad,Telangana,248.00,Desk,Furniture,5.00,"$21,623.00 ",0.00%,"$108,115.00","$69,863.55","$38,251.45",Cash,February,2,2026,64.62%,,,,
10650,6/21/2026,1075.00,Customer 206,Delhi,Delhi,279.00,Pen,Office,7.00,"$22,695.00 ",500.00%,"$150,921.75","$99,486.17","$51,435.58",UPI,June,6,2026,65.92%,,,,
10651,8/13/2025,1095.00,Customer 268,Bengaluru,Karnataka,259.00,Paper,Office,3.00,"$6,996.00 ",1000.00%,"$18,889.20","$13,882.47","$5,006.73",Debit Card,August,8,2025,73.49%,,,,
10652,7/21/2026,1198.00,Customer 433,Chennai,Tamil Nadu,201.00,Laptop,Electronics,5.00,"$1,061.00 ",0.00%,"$5,305.00","$3,890.00","$1,415.00",UPI,July,7,2026,73.33%,,,,
10653,9/24/2026,1225.00,Customer 359,Pune,Maharashtra,207.00,Desk,Furniture,7.00,"$1,032.00 ",2000.00%,"$5,779.20","$4,005.92","$1,773.28",UPI,September,9,2026,69.32%,,,,
10654,6/28/2025,1418.00,Customer 455,Bengaluru,Karnataka,224.00,Pen,Office,7.00,"$23,594.00 ",500.00%,"$156,900.10","$116,976.17","$39,923.93",Debit Card,June,6,2025,74.55%,,,,
10655,9/6/2026,1138.00,Customer 303,Bengaluru,Karnataka,252.00,Laptop,Electronics,6.00,"$30,058.00 ",1000.00%,"$162,313.20","$112,491.45","$49,821.75",UPI,September,9,2026,69.31%,,,,
10656,2/17/2025,1332.00,Customer 33,Mumbai,Maharashtra,274.00,Pen,Office,6.00,"$38,652.00 ",2000.00%,"$185,529.60","$166,465.16","$19,064.44",Debit Card,February,2,2025,89.72%,,,,
10657,10/13/2026,1139.00,Customer 339,Mumbai,Maharashtra,281.00,Pen,Office,3.00,"$24,264.00 ",0.00%,"$72,792.00","$60,756.59","$12,035.41",Credit Card,October,10,2026,83.47%,,,,
10658,4/22/2026,1002.00,Customer 444,Hyderabad,Telangana,201.00,Notebook,Office,6.00,"$8,140.00 ",1500.00%,"$41,514.00","$35,161.38","$6,352.62",Cash,April,4,2026,84.70%,,,,
10659,3/30/2026,1474.00,Customer 197,Hyderabad,Telangana,206.00,Paper,Office,8.00,"$21,676.00 ",2000.00%,"$138,726.40","$89,837.40","$48,889.00",UPI,March,3,2026,64.76%,,,,
10660,3/14/2026,1389.00,Customer 187,Bengaluru,Karnataka,259.00,Notebook,Office,4.00,"$1,257.00 ",500.00%,"$4,776.60","$3,138.56","$1,638.04",Debit Card,March,3,2026,65.71%,,,,
10661,5/11/2025,1092.00,Customer 35,Delhi,Delhi,287.00,Pen,Office,4.00,"$30,528.00 ",1500.00%,"$103,795.20","$68,829.86","$34,965.34",Credit Card,May,5,2025,66.31%,,,,
10662,8/2/2026,1226.00,Customer 247,Pune,Maharashtra,271.00,Desk,Furniture,8.00,"$24,443.00 ",1500.00%,"$166,212.40","$148,421.57","$17,790.83",UPI,August,8,2026,89.30%,,,,
10663,5/19/2025,1349.00,Customer 308,Delhi,Delhi,224.00,Pen,Office,1.00,"$45,247.00 ",500.00%,"$42,984.65","$36,425.02","$6,559.63",Cash,May,5,2025,84.74%,,,,
10664,6/20/2025,1045.00,Customer 432,Bengaluru,Karnataka,228.00,Pen,Office,3.00,"$15,798.00 ",0.00%,"$47,394.00","$36,105.25","$11,288.75",Credit Card,June,6,2025,76.18%,,,,
10665,11/24/2025,1122.00,Customer 404,Bengaluru,Karnataka,279.00,Mouse,Electronics,8.00,"$44,005.00 ",1000.00%,"$316,836.00","$215,130.52","$101,705.48",Cash,November,11,2025,67.90%,,,,
10666,6/26/2026,1411.00,Customer 280,Bengaluru,Karnataka,204.00,Chair,Furniture,4.00,"$45,117.00 ",2000.00%,"$144,374.40","$89,307.06","$55,067.34",Cash,June,6,2026,61.86%,,,,
10667,7/13/2026,1235.00,Customer 217,Bengaluru,Karnataka,284.00,Keyboard,Electronics,8.00,"$36,888.00 ",0.00%,"$295,104.00","$181,647.48","$113,456.52",UPI,July,7,2026,61.55%,,,,
10668,4/17/2025,1373.00,Customer 123,Bengaluru,Karnataka,207.00,Pen,Office,3.00,"$12,324.00 ",2000.00%,"$29,577.60","$21,294.28","$8,283.32",UPI,April,4,2025,71.99%,,,,
10669,12/26/2025,1468.00,Customer 341,Chennai,Tamil Nadu,272.00,Table,Furniture,2.00,"$35,349.00 ",0.00%,"$70,698.00","$63,356.60","$7,341.40",UPI,December,12,2025,89.62%,,,,
10670,2/1/2025,1043.00,Customer 427,Delhi,Delhi,276.00,Table,Furniture,8.00,"$26,209.00 ",2000.00%,"$167,737.60","$110,707.29","$57,030.31",Cash,February,2,2025,66.00%,,,,
10671,6/5/2026,1468.00,Customer 137,Delhi,Delhi,264.00,Keyboard,Electronics,6.00,"$33,461.00 ",1500.00%,"$170,651.10","$127,963.69","$42,687.41",UPI,June,6,2026,74.99%,,,,
10672,4/15/2025,1425.00,Customer 274,Bengaluru,Karnataka,215.00,Chair,Furniture,5.00,"$14,329.00 ",0.00%,"$71,645.00","$55,836.34","$15,808.66",Credit Card,April,4,2025,77.93%,,,,
10673,7/18/2026,1168.00,Customer 498,Bengaluru,Karnataka,209.00,Notebook,Office,1.00,"$29,071.00 ",0.00%,"$29,071.00","$18,009.56","$11,061.44",UPI,July,7,2026,61.95%,,,,
10674,7/11/2026,1441.00,Customer 150,Pune,Maharashtra,208.00,Keyboard,Electronics,7.00,"$24,191.00 ",1000.00%,"$152,403.30","$130,520.52","$21,882.78",Cash,July,7,2026,85.64%,,,,
10675,5/8/2026,1021.00,Customer 326,Delhi,Delhi,294.00,Chair,Furniture,5.00,"$19,331.00 ",2000.00%,"$77,324.00","$65,643.14","$11,680.86",UPI,May,5,2026,84.89%,,,,
10676,11/15/2025,1172.00,Customer 128,Bengaluru,Karnataka,300.00,Table,Furniture,7.00,"$34,308.00 ",500.00%,"$228,148.20","$163,270.60","$64,877.60",Cash,November,11,2025,71.56%,,,,
10677,12/3/2026,1381.00,Customer 60,Mumbai,Maharashtra,218.00,Desk,Furniture,5.00,"$36,329.00 ",1000.00%,"$163,480.50","$142,544.88","$20,935.62",UPI,December,12,2026,87.19%,,,,
10678,7/28/2025,1233.00,Customer 339,Hyderabad,Telangana,235.00,Desk,Furniture,3.00,"$42,091.00 ",1000.00%,"$113,645.70","$96,835.39","$16,810.31",Credit Card,July,7,2025,85.21%,,,,
10679,6/27/2025,1411.00,Customer 251,Pune,Maharashtra,266.00,Notebook,Office,2.00,"$44,568.00 ",0.00%,"$89,136.00","$61,343.81","$27,792.19",Credit Card,June,6,2025,68.82%,,,,
10680,8/12/2026,1249.00,Customer 351,Delhi,Delhi,276.00,Chair,Furniture,6.00,"$19,975.00 ",2000.00%,"$95,880.00","$77,611.86","$18,268.14",UPI,August,8,2026,80.95%,,,,
10681,10/20/2026,1386.00,Customer 268,Chennai,Tamil Nadu,240.00,Pen,Office,7.00,"$5,989.00 ",1500.00%,"$35,634.55","$31,590.72","$4,043.83",Credit Card,October,10,2026,88.65%,,,,
10682,5/7/2026,1289.00,Customer 368,Delhi,Delhi,273.00,Laptop,Electronics,6.00,"$31,595.00 ",500.00%,"$180,091.50","$161,039.58","$19,051.92",Cash,May,5,2026,89.42%,,,,
10683,6/9/2025,1318.00,Customer 135,Delhi,Delhi,214.00,Keyboard,Electronics,3.00,"$23,068.00 ",0.00%,"$69,204.00","$57,840.76","$11,363.24",Cash,June,6,2025,83.58%,,,,
10684,11/17/2026,1457.00,Customer 275,Delhi,Delhi,287.00,Pen,Office,2.00,"$15,064.00 ",0.00%,"$30,128.00","$22,736.06","$7,391.94",Credit Card,November,11,2026,75.46%,,,,
10685,5/19/2025,1198.00,Customer 345,Bengaluru,Karnataka,256.00,Monitor,Electronics,3.00,"$43,302.00 ",1500.00%,"$110,420.10","$91,654.44","$18,765.66",Debit Card,May,5,2025,83.01%,,,,
10686,2/6/2026,1416.00,Customer 325,Bengaluru,Karnataka,278.00,Desk,Furniture,2.00,"$9,963.00 ",2000.00%,"$15,940.80","$10,605.95","$5,334.85",Cash,February,2,2026,66.53%,,,,
10687,3/26/2025,1183.00,Customer 205,Hyderabad,Telangana,211.00,Keyboard,Electronics,7.00,"$12,397.00 ",2000.00%,"$69,423.20","$61,990.84","$7,432.36",UPI,March,3,2025,89.29%,,,,
10688,3/28/2026,1413.00,Customer 174,Chennai,Tamil Nadu,252.00,Laptop,Electronics,4.00,"$27,854.00 ",500.00%,"$105,845.20","$72,921.93","$32,923.27",Cash,March,3,2026,68.89%,,,,
10689,6/17/2026,1444.00,Customer 342,Hyderabad,Telangana,300.00,Table,Furniture,6.00,"$22,128.00 ",0.00%,"$132,768.00","$86,124.17","$46,643.83",Credit Card,June,6,2026,64.87%,,,,
10690,6/30/2025,1057.00,Customer 247,Pune,Maharashtra,233.00,Pen,Office,3.00,"$33,674.00 ",2000.00%,"$80,817.60","$54,625.88","$26,191.72",Credit Card,June,6,2025,67.59%,,,,
10691,8/29/2026,1359.00,Customer 149,Chennai,Tamil Nadu,241.00,Keyboard,Electronics,5.00,"$1,163.00 ",1000.00%,"$5,233.50","$4,575.33",$658.17,UPI,August,8,2026,87.42%,,,,
10692,2/12/2025,1123.00,Customer 329,Delhi,Delhi,286.00,Notebook,Office,1.00,"$46,635.00 ",2000.00%,"$37,308.00","$24,752.88","$12,555.12",UPI,February,2,2025,66.35%,,,,
10693,11/8/2026,1184.00,Customer 467,Mumbai,Maharashtra,236.00,Keyboard,Electronics,1.00,"$1,006.00 ",1500.00%,$855.10,$535.57,$319.53,Debit Card,November,11,2026,62.63%,,,,
10694,2/8/2026,1011.00,Customer 255,Bengaluru,Karnataka,203.00,Chair,Furniture,6.00,"$26,118.00 ",1500.00%,"$133,201.80","$93,619.62","$39,582.18",UPI,February,2,2026,70.28%,,,,
10695,2/2/2026,1282.00,Customer 458,Hyderabad,Telangana,291.00,Desk,Furniture,7.00,"$38,490.00 ",500.00%,"$255,958.50","$159,043.04","$96,915.46",Credit Card,February,2,2026,62.14%,,,,
10696,5/4/2025,1029.00,Customer 217,Pune,Maharashtra,249.00,Chair,Furniture,5.00,"$29,923.00 ",1500.00%,"$127,172.75","$113,098.77","$14,073.98",Debit Card,May,5,2025,88.93%,,,,
10697,6/3/2025,1180.00,Customer 173,Delhi,Delhi,283.00,Paper,Office,2.00,"$45,126.00 ",0.00%,"$90,252.00","$67,026.03","$23,225.97",UPI,June,6,2025,74.27%,,,,
10698,8/5/2026,1423.00,Customer 10,Hyderabad,Telangana,216.00,Table,Furniture,5.00,"$37,746.00 ",0.00%,"$188,730.00","$150,843.02","$37,886.98",UPI,August,8,2026,79.93%,,,,
10699,11/29/2025,1106.00,Customer 10,Delhi,Delhi,267.00,Monitor,Electronics,1.00,"$25,011.00 ",0.00%,"$25,011.00","$16,477.65","$8,533.35",Credit Card,November,11,2025,65.88%,,,,
10700,10/7/2025,1007.00,Customer 479,Mumbai,Maharashtra,278.00,Notebook,Office,5.00,"$43,614.00 ",0.00%,"$218,070.00","$193,660.53","$24,409.47",Cash,October,10,2025,88.81%,,,,
10701,7/16/2025,1203.00,Customer 200,Delhi,Delhi,212.00,Mouse,Electronics,5.00,"$41,247.00 ",2000.00%,"$164,988.00","$120,470.36","$44,517.64",Debit Card,July,7,2025,73.02%,,,,
10702,12/26/2025,1174.00,Customer 191,Mumbai,Maharashtra,266.00,Desk,Furniture,6.00,"$42,689.00 ",2000.00%,"$204,907.20","$155,850.16","$49,057.04",Credit Card,December,12,2025,76.06%,,,,
10703,9/3/2026,1488.00,Customer 311,Hyderabad,Telangana,290.00,Desk,Furniture,8.00,"$3,296.00 ",0.00%,"$26,368.00","$22,277.10","$4,090.90",UPI,September,9,2026,84.49%,,,,
10704,2/22/2026,1302.00,Customer 340,Mumbai,Maharashtra,228.00,Pen,Office,7.00,"$26,211.00 ",500.00%,"$174,303.15","$153,094.14","$21,209.01",Credit Card,February,2,2026,87.83%,,,,
10705,8/24/2026,1076.00,Customer 402,Bengaluru,Karnataka,254.00,Notebook,Office,4.00,"$4,793.00 ",0.00%,"$19,172.00","$16,223.06","$2,948.94",Cash,August,8,2026,84.62%,,,,
10706,8/2/2026,1486.00,Customer 377,Pune,Maharashtra,295.00,Monitor,Electronics,3.00,"$9,861.00 ",0.00%,"$29,583.00","$25,719.61","$3,863.39",Debit Card,August,8,2026,86.94%,,,,
10707,11/26/2025,1277.00,Customer 375,Delhi,Delhi,219.00,Keyboard,Electronics,6.00,"$43,094.00 ",1500.00%,"$219,779.40","$166,434.55","$53,344.85",Credit Card,November,11,2025,75.73%,,,,
10708,7/15/2026,1450.00,Customer 79,Chennai,Tamil Nadu,262.00,Laptop,Electronics,4.00,"$15,025.00 ",500.00%,"$57,095.00","$40,851.69","$16,243.31",Debit Card,July,7,2026,71.55%,,,,
10709,11/24/2026,1108.00,Customer 36,Bengaluru,Karnataka,298.00,Desk,Furniture,2.00,"$47,603.00 ",2000.00%,"$76,164.80","$61,304.83","$14,859.97",Cash,November,11,2026,80.49%,,,,
10710,2/20/2026,1158.00,Customer 468,Hyderabad,Telangana,253.00,Paper,Office,2.00,"$25,009.00 ",500.00%,"$47,517.10","$37,568.10","$9,949.00",UPI,February,2,2026,79.06%,,,,
10711,2/6/2025,1345.00,Customer 102,Pune,Maharashtra,256.00,Chair,Furniture,1.00,"$41,264.00 ",2000.00%,"$33,011.20","$27,680.35","$5,330.85",Debit Card,February,2,2025,83.85%,,,,
10712,8/4/2025,1217.00,Customer 13,Mumbai,Maharashtra,287.00,Paper,Office,7.00,"$27,650.00 ",1000.00%,"$174,195.00","$138,474.67","$35,720.33",UPI,August,8,2025,79.49%,,,,
10713,8/28/2025,1031.00,Customer 352,Hyderabad,Telangana,203.00,Table,Furniture,2.00,"$1,867.00 ",1500.00%,"$3,173.90","$2,523.50",$650.40,Credit Card,August,8,2025,79.51%,,,,
10714,12/17/2026,1222.00,Customer 226,Delhi,Delhi,242.00,Chair,Furniture,6.00,"$36,786.00 ",0.00%,"$220,716.00","$178,399.75","$42,316.25",Credit Card,December,12,2026,80.83%,,,,
10715,2/19/2026,1230.00,Customer 356,Pune,Maharashtra,269.00,Paper,Office,7.00,"$34,078.00 ",1500.00%,"$202,764.10","$151,301.66","$51,462.44",Debit Card,February,2,2026,74.62%,,,,
10716,8/31/2026,1253.00,Customer 486,Pune,Maharashtra,239.00,Keyboard,Electronics,4.00,"$6,981.00 ",2000.00%,"$22,339.20","$15,665.13","$6,674.07",UPI,August,8,2026,70.12%,,,,
10717,7/10/2025,1226.00,Customer 149,Pune,Maharashtra,297.00,Mouse,Electronics,1.00,"$35,862.00 ",500.00%,"$34,068.90","$23,474.81","$10,594.09",Cash,July,7,2025,68.90%,,,,
10718,12/24/2025,1168.00,Customer 477,Hyderabad,Telangana,281.00,Notebook,Office,6.00,"$1,100.00 ",2000.00%,"$5,280.00","$3,497.35","$1,782.65",Cash,December,12,2025,66.24%,,,,
10719,3/24/2025,1165.00,Customer 297,Pune,Maharashtra,237.00,Laptop,Electronics,6.00,"$23,225.00 ",2000.00%,"$111,480.00","$80,211.66","$31,268.34",Cash,March,3,2025,71.95%,,,,
10720,1/15/2026,1402.00,Customer 47,Hyderabad,Telangana,248.00,Laptop,Electronics,4.00,"$47,465.00 ",500.00%,"$180,367.00","$148,928.61","$31,438.39",UPI,January,1,2026,82.57%,,,,
10721,11/30/2026,1322.00,Customer 234,Delhi,Delhi,246.00,Monitor,Electronics,8.00,"$9,922.00 ",1000.00%,"$71,438.40","$62,024.67","$9,413.73",Cash,November,11,2026,86.82%,,,,
10722,3/31/2026,1374.00,Customer 15,Bengaluru,Karnataka,222.00,Monitor,Electronics,7.00,"$14,841.00 ",0.00%,"$103,887.00","$85,965.31","$17,921.69",Debit Card,March,3,2026,82.75%,,,,
10723,1/28/2026,1124.00,Customer 491,Hyderabad,Telangana,290.00,Paper,Office,8.00,"$33,786.00 ",2000.00%,"$216,230.40","$173,284.81","$42,945.59",Credit Card,January,1,2026,80.14%,,,,
10724,5/22/2025,1349.00,Customer 355,Delhi,Delhi,294.00,Notebook,Office,1.00,"$3,643.00 ",0.00%,"$3,643.00","$3,180.94",$462.06,Cash,May,5,2025,87.32%,,,,
10725,12/4/2025,1274.00,Customer 91,Delhi,Delhi,235.00,Pen,Office,6.00,"$37,511.00 ",500.00%,"$213,812.70","$151,570.62","$62,242.08",Cash,December,12,2025,70.89%,,,,
10726,5/11/2025,1450.00,Customer 460,Pune,Maharashtra,246.00,Laptop,Electronics,8.00,"$10,582.00 ",500.00%,"$80,423.20","$65,304.73","$15,118.47",Debit Card,May,5,2025,81.20%,,,,
10727,10/1/2025,1217.00,Customer 59,Mumbai,Maharashtra,218.00,Paper,Office,7.00,"$45,463.00 ",1500.00%,"$270,504.85","$166,927.15","$103,577.70",Debit Card,October,10,2025,61.71%,,,,
10728,4/25/2025,1069.00,Customer 475,Mumbai,Maharashtra,251.00,Keyboard,Electronics,3.00,"$8,374.00 ",2000.00%,"$20,097.60","$14,674.02","$5,423.58",Debit Card,April,4,2025,73.01%,,,,
10729,3/11/2026,1161.00,Customer 357,Mumbai,Maharashtra,227.00,Mouse,Electronics,1.00,"$18,437.00 ",1500.00%,"$15,671.45","$11,992.61","$3,678.84",Credit Card,March,3,2026,76.53%,,,,
10730,8/4/2026,1086.00,Customer 447,Bengaluru,Karnataka,209.00,Desk,Furniture,6.00,"$17,851.00 ",1000.00%,"$96,395.40","$84,173.18","$12,222.22",Debit Card,August,8,2026,87.32%,,,,
10731,3/16/2025,1078.00,Customer 183,Mumbai,Maharashtra,287.00,Monitor,Electronics,5.00,"$48,197.00 ",2000.00%,"$192,788.00","$148,081.36","$44,706.64",UPI,March,3,2025,76.81%,,,,
10732,12/17/2026,1381.00,Customer 30,Delhi,Delhi,273.00,Chair,Furniture,3.00,"$28,751.00 ",2000.00%,"$69,002.40","$47,421.37","$21,581.03",Debit Card,December,12,2026,68.72%,,,,
10733,12/2/2026,1434.00,Customer 163,Pune,Maharashtra,218.00,Paper,Office,1.00,"$7,069.00 ",0.00%,"$7,069.00","$4,939.39","$2,129.61",Credit Card,December,12,2026,69.87%,,,,
10734,1/30/2026,1148.00,Customer 56,Mumbai,Maharashtra,279.00,Chair,Furniture,1.00,"$37,883.00 ",0.00%,"$37,883.00","$31,786.27","$6,096.73",UPI,January,1,2026,83.91%,,,,
10735,5/23/2026,1056.00,Customer 311,Delhi,Delhi,274.00,Keyboard,Electronics,2.00,"$37,612.00 ",0.00%,"$75,224.00","$60,264.46","$14,959.54",UPI,May,5,2026,80.11%,,,,
10736,4/10/2026,1179.00,Customer 151,Bengaluru,Karnataka,284.00,Paper,Office,6.00,"$48,144.00 ",500.00%,"$274,420.80","$175,831.78","$98,589.02",Debit Card,April,4,2026,64.07%,,,,
10737,3/28/2026,1353.00,Customer 265,Hyderabad,Telangana,207.00,Monitor,Electronics,7.00,"$2,693.00 ",2000.00%,"$15,080.80","$10,272.40","$4,808.40",Debit Card,March,3,2026,68.12%,,,,
10738,7/15/2025,1132.00,Customer 15,Hyderabad,Telangana,282.00,Pen,Office,6.00,"$31,187.00 ",500.00%,"$177,765.90","$147,099.10","$30,666.80",Credit Card,July,7,2025,82.75%,,,,
10739,1/6/2026,1209.00,Customer 11,Delhi,Delhi,287.00,Table,Furniture,3.00,"$18,971.00 ",2000.00%,"$45,530.40","$29,389.15","$16,141.25",Cash,January,1,2026,64.55%,,,,
10740,6/18/2026,1308.00,Customer 486,Chennai,Tamil Nadu,228.00,Desk,Furniture,3.00,"$21,511.00 ",0.00%,"$64,533.00","$44,619.74","$19,913.26",Credit Card,June,6,2026,69.14%,,,,
10741,5/31/2026,1048.00,Customer 219,Pune,Maharashtra,266.00,Mouse,Electronics,7.00,"$25,737.00 ",1500.00%,"$153,135.15","$116,769.10","$36,366.05",Cash,May,5,2026,76.25%,,,,
10742,3/30/2026,1076.00,Customer 123,Delhi,Delhi,222.00,Paper,Office,1.00,"$6,628.00 ",1000.00%,"$5,965.20","$4,210.40","$1,754.80",Cash,March,3,2026,70.58%,,,,
10743,11/7/2026,1009.00,Customer 418,Bengaluru,Karnataka,209.00,Monitor,Electronics,5.00,"$46,089.00 ",1500.00%,"$195,878.25","$129,434.70","$66,443.55",Credit Card,November,11,2026,66.08%,,,,
10744,4/11/2026,1164.00,Customer 336,Hyderabad,Telangana,298.00,Desk,Furniture,4.00,"$34,760.00 ",1500.00%,"$118,184.00","$96,483.27","$21,700.73",Credit Card,April,4,2026,81.64%,,,,
10745,11/2/2025,1203.00,Customer 204,Hyderabad,Telangana,240.00,Keyboard,Electronics,3.00,"$43,294.00 ",0.00%,"$129,882.00","$86,371.98","$43,510.02",UPI,November,11,2025,66.50%,,,,
10746,1/29/2026,1292.00,Customer 1,Hyderabad,Telangana,247.00,Chair,Furniture,1.00,"$43,652.00 ",1000.00%,"$39,286.80","$30,295.60","$8,991.20",UPI,January,1,2026,77.11%,,,,
10747,12/10/2026,1126.00,Customer 45,Pune,Maharashtra,267.00,Monitor,Electronics,6.00,"$41,394.00 ",0.00%,"$248,364.00","$210,479.42","$37,884.58",Credit Card,December,12,2026,84.75%,,,,
10748,7/1/2025,1304.00,Customer 281,Pune,Maharashtra,236.00,Monitor,Electronics,7.00,"$29,272.00 ",1500.00%,"$174,168.40","$140,268.26","$33,900.14",Credit Card,July,7,2025,80.54%,,,,
10749,10/6/2026,1462.00,Customer 98,Bengaluru,Karnataka,270.00,Pen,Office,2.00,"$14,189.00 ",1000.00%,"$25,540.20","$21,179.94","$4,360.26",Credit Card,October,10,2026,82.93%,,,,
10750,6/30/2026,1367.00,Customer 395,Mumbai,Maharashtra,246.00,Monitor,Electronics,6.00,"$7,225.00 ",1500.00%,"$36,847.50","$26,331.79","$10,515.71",Debit Card,June,6,2026,71.46%,,,,
10751,3/18/2025,1363.00,Customer 149,Chennai,Tamil Nadu,224.00,Notebook,Office,1.00,"$5,249.00 ",1500.00%,"$4,461.65","$3,935.15",$526.50,Debit Card,March,3,2025,88.20%,,,,
10752,11/10/2025,1272.00,Customer 104,Delhi,Delhi,237.00,Chair,Furniture,4.00,"$46,749.00 ",2000.00%,"$149,596.80","$106,938.14","$42,658.66",Credit Card,November,11,2025,71.48%,,,,
10753,3/1/2026,1187.00,Customer 428,Chennai,Tamil Nadu,209.00,Monitor,Electronics,3.00,"$40,458.00 ",500.00%,"$115,305.30","$83,799.17","$31,506.13",Credit Card,March,3,2026,72.68%,,,,
10754,12/7/2026,1305.00,Customer 410,Bengaluru,Karnataka,207.00,Laptop,Electronics,2.00,"$14,079.00 ",0.00%,"$28,158.00","$25,246.00","$2,912.00",Debit Card,December,12,2026,89.66%,,,,
10755,11/4/2025,1204.00,Customer 495,Pune,Maharashtra,272.00,Keyboard,Electronics,5.00,"$28,218.00 ",1000.00%,"$126,981.00","$91,676.24","$35,304.76",UPI,November,11,2025,72.20%,,,,
10756,10/10/2025,1172.00,Customer 43,Pune,Maharashtra,203.00,Mouse,Electronics,1.00,"$25,148.00 ",2000.00%,"$20,118.40","$14,682.55","$5,435.85",Debit Card,October,10,2025,72.98%,,,,
10757,4/22/2025,1099.00,Customer 393,Delhi,Delhi,293.00,Laptop,Electronics,4.00,"$47,624.00 ",1000.00%,"$171,446.40","$103,111.51","$68,334.89",Credit Card,April,4,2025,60.14%,,,,
10758,6/25/2026,1067.00,Customer 24,Pune,Maharashtra,234.00,Mouse,Electronics,6.00,"$30,284.00 ",1000.00%,"$163,533.60","$125,730.28","$37,803.32",Credit Card,June,6,2026,76.88%,,,,
10759,11/25/2026,1422.00,Customer 180,Delhi,Delhi,211.00,Monitor,Electronics,3.00,"$38,622.00 ",500.00%,"$110,072.70","$67,448.64","$42,624.06",Cash,November,11,2026,61.28%,,,,
10760,3/29/2025,1055.00,Customer 492,Pune,Maharashtra,237.00,Paper,Office,5.00,"$7,802.00 ",0.00%,"$39,010.00","$34,954.12","$4,055.88",Cash,March,3,2025,89.60%,,,,
10761,6/18/2025,1267.00,Customer 227,Mumbai,Maharashtra,288.00,Laptop,Electronics,3.00,"$26,438.00 ",1500.00%,"$67,416.90","$58,156.18","$9,260.72",Debit Card,June,6,2025,86.26%,,,,
10762,3/16/2026,1076.00,Customer 263,Mumbai,Maharashtra,228.00,Laptop,Electronics,2.00,"$3,481.00 ",500.00%,"$6,613.90","$5,500.36","$1,113.54",Cash,March,3,2026,83.16%,,,,
10763,2/3/2026,1258.00,Customer 161,Delhi,Delhi,267.00,Laptop,Electronics,6.00,"$2,220.00 ",0.00%,"$13,320.00","$8,294.36","$5,025.64",Debit Card,February,2,2026,62.27%,,,,
10764,11/13/2025,1247.00,Customer 256,Chennai,Tamil Nadu,227.00,Pen,Office,7.00,"$39,467.00 ",500.00%,"$262,455.55","$232,101.38","$30,354.17",Cash,November,11,2025,88.43%,,,,
10765,9/22/2025,1123.00,Customer 274,Delhi,Delhi,223.00,Keyboard,Electronics,2.00,"$30,947.00 ",1500.00%,"$52,609.90","$31,602.96","$21,006.94",UPI,September,9,2025,60.07%,,,,
10766,4/1/2026,1135.00,Customer 324,Hyderabad,Telangana,216.00,Keyboard,Electronics,5.00,"$6,692.00 ",2000.00%,"$26,768.00","$23,276.66","$3,491.34",Debit Card,April,4,2026,86.96%,,,,
10767,4/2/2026,1283.00,Customer 130,Mumbai,Maharashtra,239.00,Monitor,Electronics,6.00,"$31,710.00 ",0.00%,"$190,260.00","$142,408.32","$47,851.68",Cash,April,4,2026,74.85%,,,,
10768,1/27/2025,1118.00,Customer 431,Pune,Maharashtra,241.00,Keyboard,Electronics,3.00,"$11,522.00 ",2000.00%,"$27,652.80","$17,838.65","$9,814.15",Debit Card,January,1,2025,64.51%,,,,
10769,1/11/2025,1441.00,Customer 285,Chennai,Tamil Nadu,233.00,Laptop,Electronics,2.00,"$36,518.00 ",500.00%,"$69,384.20","$55,749.69","$13,634.51",Debit Card,January,1,2025,80.35%,,,,
10770,4/20/2026,1194.00,Customer 358,Delhi,Delhi,214.00,Mouse,Electronics,1.00,"$35,486.00 ",0.00%,"$35,486.00","$28,881.16","$6,604.84",Cash,April,4,2026,81.39%,,,,
10771,10/22/2026,1498.00,Customer 249,Chennai,Tamil Nadu,235.00,Chair,Furniture,2.00,"$16,216.00 ",0.00%,"$32,432.00","$26,636.97","$5,795.03",Credit Card,October,10,2026,82.13%,,,,
10772,5/16/2025,1434.00,Customer 40,Pune,Maharashtra,252.00,Table,Furniture,3.00,"$3,550.00 ",0.00%,"$10,650.00","$8,759.34","$1,890.66",Cash,May,5,2025,82.25%,,,,
10773,9/15/2025,1450.00,Customer 241,Mumbai,Maharashtra,271.00,Laptop,Electronics,2.00,"$45,446.00 ",2000.00%,"$72,713.60","$53,588.79","$19,124.81",Debit Card,September,9,2025,73.70%,,,,
10774,7/14/2025,1408.00,Customer 84,Bengaluru,Karnataka,297.00,Notebook,Office,8.00,"$6,839.00 ",1500.00%,"$46,505.20","$38,696.25","$7,808.95",Cash,July,7,2025,83.21%,,,,
10775,1/2/2026,1242.00,Customer 67,Mumbai,Maharashtra,225.00,Notebook,Office,5.00,"$41,437.00 ",500.00%,"$196,825.75","$137,322.95","$59,502.80",UPI,January,1,2026,69.77%,,,,
10776,10/26/2026,1272.00,Customer 416,Delhi,Delhi,245.00,Paper,Office,3.00,"$45,820.00 ",2000.00%,"$109,968.00","$75,230.37","$34,737.63",UPI,October,10,2026,68.41%,,,,
10777,2/12/2025,1403.00,Customer 419,Bengaluru,Karnataka,253.00,Notebook,Office,4.00,"$18,583.00 ",1000.00%,"$66,898.80","$48,898.43","$18,000.37",UPI,February,2,2025,73.09%,,,,
10778,9/28/2026,1229.00,Customer 468,Delhi,Delhi,230.00,Mouse,Electronics,2.00,"$9,996.00 ",1500.00%,"$16,993.20","$15,076.91","$1,916.29",Credit Card,September,9,2026,88.72%,,,,
10779,4/5/2026,1251.00,Customer 313,Pune,Maharashtra,207.00,Monitor,Electronics,8.00,"$37,246.00 ",1500.00%,"$253,272.80","$192,444.73","$60,828.07",Credit Card,April,4,2026,75.98%,,,,
10780,6/16/2025,1315.00,Customer 137,Mumbai,Maharashtra,263.00,Notebook,Office,2.00,"$17,623.00 ",0.00%,"$35,246.00","$23,206.87","$12,039.13",Credit Card,June,6,2025,65.84%,,,,
10781,2/7/2025,1446.00,Customer 298,Bengaluru,Karnataka,287.00,Monitor,Electronics,2.00,"$21,824.00 ",0.00%,"$43,648.00","$33,720.10","$9,927.90",Debit Card,February,2,2025,77.25%,,,,
10782,9/14/2026,1308.00,Customer 405,Mumbai,Maharashtra,227.00,Desk,Furniture,3.00,"$49,459.00 ",1500.00%,"$126,120.45","$108,919.68","$17,200.77",UPI,September,9,2026,86.36%,,,,
10783,8/17/2025,1026.00,Customer 285,Delhi,Delhi,246.00,Notebook,Office,8.00,"$47,131.00 ",500.00%,"$358,195.60","$303,124.89","$55,070.71",UPI,August,8,2025,84.63%,,,,
10784,4/1/2026,1366.00,Customer 434,Hyderabad,Telangana,273.00,Notebook,Office,1.00,"$13,079.00 ",1500.00%,"$11,117.15","$7,282.50","$3,834.65",Credit Card,April,4,2026,65.51%,,,,
10785,3/18/2025,1366.00,Customer 179,Bengaluru,Karnataka,270.00,Laptop,Electronics,2.00,"$37,529.00 ",500.00%,"$71,305.10","$48,978.86","$22,326.24",Cash,March,3,2025,68.69%,,,,
10786,8/7/2026,1397.00,Customer 275,Mumbai,Maharashtra,281.00,Pen,Office,5.00,"$8,192.00 ",2000.00%,"$32,768.00","$19,804.44","$12,963.56",Credit Card,August,8,2026,60.44%,,,,
10787,1/2/2026,1111.00,Customer 284,Chennai,Tamil Nadu,211.00,Desk,Furniture,5.00,"$20,659.00 ",0.00%,"$103,295.00","$84,019.09","$19,275.91",Cash,January,1,2026,81.34%,,,,
10788,5/19/2026,1424.00,Customer 408,Bengaluru,Karnataka,259.00,Laptop,Electronics,2.00,"$36,522.00 ",1500.00%,"$62,087.40","$52,280.31","$9,807.09",UPI,May,5,2026,84.20%,,,,
10789,7/25/2026,1167.00,Customer 295,Delhi,Delhi,208.00,Pen,Office,6.00,"$8,510.00 ",0.00%,"$51,060.00","$36,514.53","$14,545.47",Credit Card,July,7,2026,71.51%,,,,
10790,7/31/2026,1069.00,Customer 136,Mumbai,Maharashtra,204.00,Mouse,Electronics,3.00,"$10,671.00 ",1500.00%,"$27,211.05","$19,640.66","$7,570.39",UPI,July,7,2026,72.18%,,,,
10791,6/5/2025,1466.00,Customer 71,Bengaluru,Karnataka,290.00,Mouse,Electronics,7.00,"$40,187.00 ",1500.00%,"$239,112.65","$179,584.71","$59,527.94",Cash,June,6,2025,75.10%,,,,
10792,5/20/2025,1160.00,Customer 138,Delhi,Delhi,241.00,Pen,Office,6.00,"$8,115.00 ",0.00%,"$48,690.00","$32,205.13","$16,484.87",UPI,May,5,2025,66.14%,,,,
10793,6/18/2025,1120.00,Customer 463,Mumbai,Maharashtra,224.00,Desk,Furniture,7.00,"$4,524.00 ",1500.00%,"$26,917.80","$21,837.16","$5,080.64",Credit Card,June,6,2025,81.13%,,,,
10794,1/10/2026,1460.00,Customer 92,Pune,Maharashtra,203.00,Mouse,Electronics,7.00,"$13,728.00 ",0.00%,"$96,096.00","$76,389.96","$19,706.04",Cash,January,1,2026,79.49%,,,,
10795,7/13/2025,1441.00,Customer 46,Mumbai,Maharashtra,242.00,Desk,Furniture,5.00,"$42,403.00 ",500.00%,"$201,414.25","$163,588.05","$37,826.20",Credit Card,July,7,2025,81.22%,,,,
10796,9/26/2026,1217.00,Customer 372,Delhi,Delhi,240.00,Paper,Office,5.00,"$42,233.00 ",500.00%,"$200,606.75","$154,629.41","$45,977.34",UPI,September,9,2026,77.08%,,,,
10797,6/15/2025,1445.00,Customer 169,Bengaluru,Karnataka,213.00,Desk,Furniture,6.00,"$6,809.00 ",500.00%,"$38,811.30","$30,962.72","$7,848.58",Cash,June,6,2025,79.78%,,,,
10798,5/9/2026,1115.00,Customer 150,Chennai,Tamil Nadu,246.00,Paper,Office,8.00,"$13,470.00 ",1000.00%,"$96,984.00","$68,184.86","$28,799.14",Credit Card,May,5,2026,70.31%,,,,
10799,3/17/2025,1353.00,Customer 270,Delhi,Delhi,240.00,Desk,Furniture,1.00,"$19,271.00 ",1000.00%,"$17,343.90","$13,502.69","$3,841.21",Credit Card,March,3,2025,77.85%,,,,
10800,6/28/2026,1344.00,Customer 461,Hyderabad,Telangana,236.00,Keyboard,Electronics,6.00,"$5,191.00 ",1500.00%,"$26,474.10","$19,695.77","$6,778.33",Debit Card,June,6,2026,74.40%,,,,
10801,1/7/2025,1072.00,Customer 334,Delhi,Delhi,231.00,Chair,Furniture,3.00,"$27,561.00 ",2000.00%,"$66,146.40","$41,812.33","$24,334.07",Credit Card,January,1,2025,63.21%,,,,
10802,5/20/2025,1338.00,Customer 494,Bengaluru,Karnataka,207.00,Chair,Furniture,5.00,"$9,352.00 ",2000.00%,"$37,408.00","$25,782.19","$11,625.81",Debit Card,May,5,2025,68.92%,,,,
10803,7/9/2025,1100.00,Customer 261,Hyderabad,Telangana,255.00,Chair,Furniture,5.00,"$4,048.00 ",2000.00%,"$16,192.00","$12,956.39","$3,235.61",UPI,July,7,2025,80.02%,,,,
10804,8/11/2025,1023.00,Customer 453,Chennai,Tamil Nadu,253.00,Pen,Office,2.00,"$43,941.00 ",1000.00%,"$79,093.80","$54,682.44","$24,411.36",Credit Card,August,8,2025,69.14%,,,,
10805,11/1/2025,1295.00,Customer 327,Delhi,Delhi,249.00,Mouse,Electronics,2.00,"$11,303.00 ",1500.00%,"$19,215.10","$16,278.04","$2,937.06",Credit Card,November,11,2025,84.71%,,,,
10806,9/11/2026,1077.00,Customer 315,Mumbai,Maharashtra,292.00,Notebook,Office,3.00,"$24,534.00 ",2000.00%,"$58,881.60","$36,290.78","$22,590.82",Credit Card,September,9,2026,61.63%,,,,
10807,8/7/2025,1413.00,Customer 110,Bengaluru,Karnataka,258.00,Table,Furniture,5.00,"$34,848.00 ",1500.00%,"$148,104.00","$109,541.68","$38,562.32",UPI,August,8,2025,73.96%,,,,
10808,8/8/2025,1473.00,Customer 492,Hyderabad,Telangana,249.00,Chair,Furniture,6.00,"$21,879.00 ",500.00%,"$124,710.30","$78,038.54","$46,671.76",UPI,August,8,2025,62.58%,,,,
10809,9/12/2026,1048.00,Customer 5,Bengaluru,Karnataka,233.00,Notebook,Office,3.00,"$14,628.00 ",500.00%,"$41,689.80","$31,312.90","$10,376.90",Credit Card,September,9,2026,75.11%,,,,
10810,6/5/2026,1087.00,Customer 162,Pune,Maharashtra,224.00,Monitor,Electronics,4.00,"$31,413.00 ",1500.00%,"$106,804.20","$83,677.97","$23,126.23",Debit Card,June,6,2026,78.35%,,,,
10811,4/29/2026,1288.00,Customer 467,Chennai,Tamil Nadu,290.00,Keyboard,Electronics,4.00,"$14,964.00 ",500.00%,"$56,863.20","$48,807.39","$8,055.81",Debit Card,April,4,2026,85.83%,,,,
10812,6/22/2025,1066.00,Customer 125,Hyderabad,Telangana,260.00,Laptop,Electronics,2.00,"$44,360.00 ",500.00%,"$84,284.00","$75,625.03","$8,658.97",Debit Card,June,6,2025,89.73%,,,,
10813,3/29/2025,1362.00,Customer 352,Delhi,Delhi,218.00,Chair,Furniture,6.00,"$26,780.00 ",1000.00%,"$144,612.00","$115,262.20","$29,349.80",Cash,March,3,2025,79.70%,,,,
10814,11/15/2025,1494.00,Customer 53,Delhi,Delhi,227.00,Paper,Office,1.00,"$36,072.00 ",500.00%,"$34,268.40","$28,873.58","$5,394.82",UPI,November,11,2025,84.26%,,,,
10815,9/8/2026,1137.00,Customer 269,Delhi,Delhi,264.00,Table,Furniture,4.00,"$29,008.00 ",2000.00%,"$92,825.60","$75,773.06","$17,052.54",Cash,September,9,2026,81.63%,,,,
10816,5/23/2026,1372.00,Customer 236,Hyderabad,Telangana,224.00,Paper,Office,6.00,"$24,531.00 ",2000.00%,"$117,748.80","$79,130.66","$38,618.14",Cash,May,5,2026,67.20%,,,,
10817,4/1/2026,1112.00,Customer 425,Bengaluru,Karnataka,237.00,Keyboard,Electronics,1.00,"$31,724.00 ",1500.00%,"$26,965.40","$22,047.85","$4,917.55",UPI,April,4,2026,81.76%,,,,
10818,12/17/2025,1384.00,Customer 79,Bengaluru,Karnataka,284.00,Notebook,Office,7.00,"$43,471.00 ",1000.00%,"$273,867.30","$183,132.93","$90,734.37",UPI,December,12,2025,66.87%,,,,
10819,8/23/2025,1173.00,Customer 14,Hyderabad,Telangana,204.00,Mouse,Electronics,3.00,"$30,760.00 ",0.00%,"$92,280.00","$58,419.50","$33,860.50",Cash,August,8,2025,63.31%,,,,
10820,6/11/2025,1368.00,Customer 30,Bengaluru,Karnataka,239.00,Keyboard,Electronics,2.00,"$24,545.00 ",2000.00%,"$39,272.00","$30,800.07","$8,471.93",Debit Card,June,6,2025,78.43%,,,,
10821,12/22/2025,1412.00,Customer 45,Pune,Maharashtra,279.00,Chair,Furniture,8.00,"$38,753.00 ",1000.00%,"$279,021.60","$193,271.57","$85,750.03",Cash,December,12,2025,69.27%,,,,
10822,4/18/2025,1156.00,Customer 139,Delhi,Delhi,252.00,Pen,Office,8.00,"$46,263.00 ",2000.00%,"$296,083.20","$227,677.38","$68,405.82",Credit Card,April,4,2025,76.90%,,,,
10823,3/19/2025,1251.00,Customer 373,Pune,Maharashtra,207.00,Laptop,Electronics,3.00,"$31,223.00 ",500.00%,"$88,985.55","$72,852.54","$16,133.01",Credit Card,March,3,2025,81.87%,,,,
10824,11/7/2026,1328.00,Customer 403,Bengaluru,Karnataka,253.00,Pen,Office,2.00,"$14,243.00 ",0.00%,"$28,486.00","$20,196.07","$8,289.93",Debit Card,November,11,2026,70.90%,,,,
10825,7/25/2026,1169.00,Customer 67,Delhi,Delhi,259.00,Desk,Furniture,1.00,"$32,768.00 ",1000.00%,"$29,491.20","$22,802.77","$6,688.43",Credit Card,July,7,2026,77.32%,,,,
10826,3/8/2025,1181.00,Customer 15,Delhi,Delhi,252.00,Monitor,Electronics,7.00,"$1,942.00 ",1000.00%,"$12,234.60","$7,451.63","$4,782.97",Debit Card,March,3,2025,60.91%,,,,
10827,10/17/2026,1117.00,Customer 305,Bengaluru,Karnataka,230.00,Desk,Furniture,4.00,"$6,138.00 ",1000.00%,"$22,096.80","$19,157.06","$2,939.74",Credit Card,October,10,2026,86.70%,,,,
10828,3/20/2026,1388.00,Customer 52,Delhi,Delhi,267.00,Paper,Office,8.00,"$2,775.00 ",2000.00%,"$17,760.00","$10,865.26","$6,894.74",Cash,March,3,2026,61.18%,,,,
10829,8/18/2026,1218.00,Customer 384,Mumbai,Maharashtra,236.00,Notebook,Office,6.00,"$1,522.00 ",2000.00%,"$7,305.60","$4,676.51","$2,629.09",UPI,August,8,2026,64.01%,,,,
10830,12/16/2026,1354.00,Customer 118,Bengaluru,Karnataka,230.00,Laptop,Electronics,5.00,"$28,578.00 ",1000.00%,"$128,601.00","$85,945.99","$42,655.01",UPI,December,12,2026,66.83%,,,,
10831,3/23/2025,1019.00,Customer 411,Hyderabad,Telangana,229.00,Desk,Furniture,1.00,"$19,082.00 ",1000.00%,"$17,173.80","$13,169.55","$4,004.25",Cash,March,3,2025,76.68%,,,,
10832,10/15/2025,1365.00,Customer 41,Hyderabad,Telangana,252.00,Paper,Office,3.00,"$1,074.00 ",500.00%,"$3,060.90","$2,566.86",$494.04,Credit Card,October,10,2025,83.86%,,,,
10833,7/20/2026,1272.00,Customer 177,Chennai,Tamil Nadu,229.00,Chair,Furniture,6.00,"$27,506.00 ",1500.00%,"$140,280.60","$94,544.82","$45,735.78",Credit Card,July,7,2026,67.40%,,,,
10834,12/9/2025,1421.00,Customer 299,Delhi,Delhi,210.00,Paper,Office,6.00,"$22,136.00 ",2000.00%,"$106,252.80","$80,204.97","$26,047.83",Credit Card,December,12,2025,75.49%,,,,
10835,3/8/2025,1292.00,Customer 34,Delhi,Delhi,298.00,Desk,Furniture,7.00,"$6,980.00 ",1500.00%,"$41,531.00","$28,087.19","$13,443.81",Debit Card,March,3,2025,67.63%,,,,
10836,8/5/2026,1346.00,Customer 205,Delhi,Delhi,255.00,Table,Furniture,4.00,"$45,564.00 ",0.00%,"$182,256.00","$145,103.44","$37,152.56",Cash,August,8,2026,79.62%,,,,
10837,3/31/2025,1140.00,Customer 42,Bengaluru,Karnataka,295.00,Pen,Office,6.00,"$26,605.00 ",0.00%,"$159,630.00","$121,038.61","$38,591.39",UPI,March,3,2025,75.82%,,,,
10838,1/3/2025,1081.00,Customer 367,Hyderabad,Telangana,248.00,Table,Furniture,1.00,"$7,916.00 ",1000.00%,"$7,124.40","$5,176.14","$1,948.26",Cash,January,1,2025,72.65%,,,,
10839,3/29/2025,1059.00,Customer 159,Pune,Maharashtra,215.00,Chair,Furniture,3.00,"$36,525.00 ",2000.00%,"$87,660.00","$56,679.99","$30,980.01",Debit Card,March,3,2025,64.66%,,,,
10840,8/27/2026,1493.00,Customer 211,Chennai,Tamil Nadu,252.00,Mouse,Electronics,2.00,"$21,274.00 ",1500.00%,"$36,165.80","$27,126.15","$9,039.65",UPI,August,8,2026,75.00%,,,,
10841,6/3/2026,1239.00,Customer 390,Bengaluru,Karnataka,225.00,Laptop,Electronics,7.00,"$6,358.00 ",500.00%,"$42,280.70","$26,868.78","$15,411.92",UPI,June,6,2026,63.55%,,,,
10842,2/28/2026,1145.00,Customer 124,Chennai,Tamil Nadu,223.00,Notebook,Office,5.00,"$8,734.00 ",2000.00%,"$34,936.00","$26,352.58","$8,583.42",Credit Card,February,2,2026,75.43%,,,,
10843,2/13/2025,1102.00,Customer 6,Mumbai,Maharashtra,244.00,Keyboard,Electronics,1.00,"$17,417.00 ",1000.00%,"$15,675.30","$9,562.72","$6,112.58",Cash,February,2,2025,61.01%,,,,
10844,11/1/2026,1458.00,Customer 373,Bengaluru,Karnataka,295.00,Paper,Office,8.00,"$15,344.00 ",2000.00%,"$98,201.60","$60,454.71","$37,746.89",Cash,November,11,2026,61.56%,,,,
10845,10/26/2026,1100.00,Customer 351,Chennai,Tamil Nadu,233.00,Table,Furniture,3.00,"$40,114.00 ",0.00%,"$120,342.00","$88,615.52","$31,726.48",Credit Card,October,10,2026,73.64%,,,,
10846,4/6/2025,1456.00,Customer 186,Chennai,Tamil Nadu,226.00,Pen,Office,2.00,"$30,817.00 ",1500.00%,"$52,388.90","$42,790.49","$9,598.41",UPI,April,4,2025,81.68%,,,,
10847,5/31/2026,1481.00,Customer 148,Hyderabad,Telangana,243.00,Pen,Office,5.00,"$9,774.00 ",1000.00%,"$43,983.00","$35,182.61","$8,800.39",Cash,May,5,2026,79.99%,,,,
10848,7/28/2025,1138.00,Customer 101,Bengaluru,Karnataka,224.00,Monitor,Electronics,5.00,"$30,101.00 ",1500.00%,"$127,929.25","$82,768.26","$45,160.99",Debit Card,July,7,2025,64.70%,,,,
10849,7/25/2025,1125.00,Customer 171,Mumbai,Maharashtra,260.00,Pen,Office,8.00,"$7,758.00 ",500.00%,"$58,960.80","$40,677.38","$18,283.42",Credit Card,July,7,2025,68.99%,,,,
10850,6/14/2026,1105.00,Customer 145,Delhi,Delhi,244.00,Chair,Furniture,3.00,"$22,887.00 ",0.00%,"$68,661.00","$41,526.73","$27,134.27",Cash,June,6,2026,60.48%,,,,
10851,2/26/2025,1138.00,Customer 342,Delhi,Delhi,237.00,Desk,Furniture,3.00,"$22,273.00 ",1500.00%,"$56,796.15","$44,444.17","$12,351.98",Debit Card,February,2,2025,78.25%,,,,
10852,5/10/2025,1110.00,Customer 249,Pune,Maharashtra,249.00,Chair,Furniture,3.00,"$43,142.00 ",2000.00%,"$103,540.80","$68,057.63","$35,483.17",Cash,May,5,2025,65.73%,,,,
10853,1/1/2025,1092.00,Customer 385,Chennai,Tamil Nadu,229.00,Mouse,Electronics,7.00,"$37,731.00 ",1500.00%,"$224,499.45","$170,777.79","$53,721.66",Cash,January,1,2025,76.07%,,,,
10854,10/1/2025,1297.00,Customer 301,Mumbai,Maharashtra,234.00,Table,Furniture,7.00,"$24,167.00 ",1500.00%,"$143,793.65","$128,281.14","$15,512.51",Cash,October,10,2025,89.21%,,,,
10855,12/1/2025,1104.00,Customer 128,Delhi,Delhi,219.00,Mouse,Electronics,4.00,"$40,316.00 ",0.00%,"$161,264.00","$128,212.72","$33,051.28",Cash,December,12,2025,79.50%,,,,
10856,8/22/2026,1208.00,Customer 88,Pune,Maharashtra,234.00,Chair,Furniture,4.00,"$4,689.00 ",500.00%,"$17,818.20","$14,592.13","$3,226.07",UPI,August,8,2026,81.89%,,,,
10857,12/1/2026,1209.00,Customer 30,Mumbai,Maharashtra,264.00,Pen,Office,3.00,"$46,529.00 ",1500.00%,"$118,648.95","$84,245.35","$34,403.60",Debit Card,December,12,2026,71.00%,,,,
10858,9/30/2026,1143.00,Customer 185,Hyderabad,Telangana,244.00,Chair,Furniture,2.00,"$19,323.00 ",1000.00%,"$34,781.40","$25,334.98","$9,446.42",Credit Card,September,9,2026,72.84%,,,,
10859,3/10/2026,1414.00,Customer 366,Hyderabad,Telangana,219.00,Table,Furniture,1.00,"$23,299.00 ",500.00%,"$22,134.05","$15,921.64","$6,212.41",UPI,March,3,2026,71.93%,,,,
10860,5/16/2025,1075.00,Customer 81,Delhi,Delhi,284.00,Pen,Office,4.00,"$2,581.00 ",0.00%,"$10,324.00","$6,997.41","$3,326.59",Credit Card,May,5,2025,67.78%,,,,
10861,5/13/2025,1313.00,Customer 99,Pune,Maharashtra,297.00,Table,Furniture,8.00,"$45,857.00 ",0.00%,"$366,856.00","$266,772.32","$100,083.68",Credit Card,May,5,2025,72.72%,,,,
10862,10/7/2026,1291.00,Customer 247,Chennai,Tamil Nadu,246.00,Laptop,Electronics,8.00,"$43,212.00 ",1500.00%,"$293,841.60","$206,843.29","$86,998.31",Debit Card,October,10,2026,70.39%,,,,
10863,6/2/2025,1480.00,Customer 34,Chennai,Tamil Nadu,259.00,Notebook,Office,4.00,"$23,828.00 ",1500.00%,"$81,015.20","$51,283.84","$29,731.36",Debit Card,June,6,2025,63.30%,,,,
10864,7/21/2025,1269.00,Customer 108,Hyderabad,Telangana,246.00,Notebook,Office,8.00,"$2,163.00 ",2000.00%,"$13,843.20","$8,657.03","$5,186.17",Credit Card,July,7,2025,62.54%,,,,
10865,12/19/2026,1172.00,Customer 199,Mumbai,Maharashtra,223.00,Pen,Office,6.00,"$21,052.00 ",1000.00%,"$113,680.80","$98,966.63","$14,714.17",Debit Card,December,12,2026,87.06%,,,,
10866,9/20/2026,1189.00,Customer 160,Bengaluru,Karnataka,275.00,Monitor,Electronics,7.00,"$6,484.00 ",0.00%,"$45,388.00","$36,543.81","$8,844.19",UPI,September,9,2026,80.51%,,,,
10867,12/10/2025,1241.00,Customer 151,Delhi,Delhi,294.00,Laptop,Electronics,1.00,"$4,063.00 ",1500.00%,"$3,453.55","$2,616.02",$837.53,UPI,December,12,2025,75.75%,,,,
10868,7/23/2026,1477.00,Customer 454,Delhi,Delhi,262.00,Notebook,Office,3.00,"$29,799.00 ",2000.00%,"$71,517.60","$51,603.01","$19,914.59",Credit Card,July,7,2026,72.15%,,,,
10869,7/29/2025,1127.00,Customer 465,Chennai,Tamil Nadu,299.00,Laptop,Electronics,3.00,"$25,297.00 ",2000.00%,"$60,712.80","$51,530.58","$9,182.22",Cash,July,7,2025,84.88%,,,,
10870,11/10/2025,1138.00,Customer 269,Chennai,Tamil Nadu,231.00,Mouse,Electronics,1.00,"$15,119.00 ",2000.00%,"$12,095.20","$10,622.18","$1,473.02",Debit Card,November,11,2025,87.82%,,,,
10871,4/8/2026,1108.00,Customer 82,Pune,Maharashtra,209.00,Pen,Office,2.00,"$45,377.00 ",1500.00%,"$77,140.90","$58,814.58","$18,326.32",Debit Card,April,4,2026,76.24%,,,,
10872,4/4/2026,1289.00,Customer 227,Delhi,Delhi,234.00,Laptop,Electronics,7.00,"$8,027.00 ",1500.00%,"$47,760.65","$37,396.51","$10,364.14",UPI,April,4,2026,78.30%,,,,
10873,4/14/2025,1356.00,Customer 166,Delhi,Delhi,209.00,Paper,Office,5.00,"$12,951.00 ",1500.00%,"$55,041.75","$47,300.24","$7,741.51",Debit Card,April,4,2025,85.94%,,,,
10874,5/21/2026,1055.00,Customer 216,Delhi,Delhi,294.00,Desk,Furniture,3.00,"$39,770.00 ",0.00%,"$119,310.00","$77,062.07","$42,247.93",Credit Card,May,5,2026,64.59%,,,,
10875,12/26/2025,1251.00,Customer 257,Bengaluru,Karnataka,222.00,Notebook,Office,7.00,"$46,378.00 ",1000.00%,"$292,181.40","$210,824.30","$81,357.10",Debit Card,December,12,2025,72.16%,,,,
10876,6/9/2026,1468.00,Customer 258,Pune,Maharashtra,278.00,Pen,Office,4.00,"$17,012.00 ",0.00%,"$68,048.00","$54,127.63","$13,920.37",Cash,June,6,2026,79.54%,,,,
10877,5/23/2026,1065.00,Customer 156,Mumbai,Maharashtra,209.00,Laptop,Electronics,4.00,"$9,468.00 ",1000.00%,"$34,084.80","$28,015.18","$6,069.62",Cash,May,5,2026,82.19%,,,,
10878,9/23/2026,1411.00,Customer 380,Hyderabad,Telangana,249.00,Table,Furniture,7.00,"$42,999.00 ",2000.00%,"$240,794.40","$148,867.38","$91,927.02",Debit Card,September,9,2026,61.82%,,,,
10879,8/2/2026,1353.00,Customer 332,Bengaluru,Karnataka,236.00,Paper,Office,8.00,"$17,714.00 ",0.00%,"$141,712.00","$86,575.04","$55,136.96",Cash,August,8,2026,61.09%,,,,
10880,4/19/2025,1307.00,Customer 157,Chennai,Tamil Nadu,238.00,Mouse,Electronics,3.00,"$34,957.00 ",2000.00%,"$83,896.80","$67,126.00","$16,770.80",Credit Card,April,4,2025,80.01%,,,,
10881,11/3/2025,1451.00,Customer 435,Chennai,Tamil Nadu,213.00,Paper,Office,8.00,"$29,623.00 ",1000.00%,"$213,285.60","$139,770.68","$73,514.92",Credit Card,November,11,2025,65.53%,,,,
10882,10/26/2025,1305.00,Customer 36,Delhi,Delhi,235.00,Desk,Furniture,1.00,"$2,876.00 ",0.00%,"$2,876.00","$2,070.32",$805.68,UPI,October,10,2025,71.99%,,,,
10883,1/20/2025,1487.00,Customer 80,Mumbai,Maharashtra,240.00,Notebook,Office,6.00,"$48,959.00 ",500.00%,"$279,066.30","$196,257.88","$82,808.42",UPI,January,1,2025,70.33%,,,,
10884,12/26/2026,1351.00,Customer 141,Hyderabad,Telangana,285.00,Desk,Furniture,3.00,"$46,803.00 ",500.00%,"$133,388.55","$83,635.88","$49,752.67",UPI,December,12,2026,62.70%,,,,
10885,9/26/2026,1223.00,Customer 133,Pune,Maharashtra,230.00,Monitor,Electronics,2.00,"$26,353.00 ",500.00%,"$50,070.70","$41,651.61","$8,419.09",Credit Card,September,9,2026,83.19%,,,,
10886,6/8/2025,1239.00,Customer 106,Hyderabad,Telangana,277.00,Notebook,Office,1.00,"$32,560.00 ",1500.00%,"$27,676.00","$22,283.83","$5,392.17",UPI,June,6,2025,80.52%,,,,
10887,6/5/2025,1431.00,Customer 218,Hyderabad,Telangana,290.00,Monitor,Electronics,6.00,"$10,551.00 ",2000.00%,"$50,644.80","$34,921.21","$15,723.59",Debit Card,June,6,2025,68.95%,,,,
10888,12/31/2025,1228.00,Customer 243,Pune,Maharashtra,223.00,Paper,Office,6.00,"$16,756.00 ",0.00%,"$100,536.00","$84,504.89","$16,031.11",Debit Card,December,12,2025,84.05%,,,,
10889,9/20/2026,1289.00,Customer 192,Hyderabad,Telangana,274.00,Monitor,Electronics,1.00,"$7,054.00 ",0.00%,"$7,054.00","$5,410.93","$1,643.07",Cash,September,9,2026,76.71%,,,,
10890,1/19/2025,1464.00,Customer 184,Mumbai,Maharashtra,265.00,Desk,Furniture,3.00,"$13,070.00 ",1000.00%,"$35,289.00","$30,746.36","$4,542.64",Credit Card,January,1,2025,87.13%,,,,
10891,2/25/2025,1333.00,Customer 116,Mumbai,Maharashtra,248.00,Pen,Office,3.00,"$24,261.00 ",1500.00%,"$61,865.55","$50,812.37","$11,053.18",Credit Card,February,2,2025,82.13%,,,,
10892,5/9/2025,1493.00,Customer 99,Hyderabad,Telangana,283.00,Notebook,Office,3.00,"$30,796.00 ",0.00%,"$92,388.00","$67,391.80","$24,996.20",Credit Card,May,5,2025,72.94%,,,,
10893,11/30/2026,1124.00,Customer 485,Hyderabad,Telangana,209.00,Pen,Office,6.00,"$21,673.00 ",500.00%,"$123,536.10","$108,229.79","$15,306.31",Credit Card,November,11,2026,87.61%,,,,
10894,9/13/2025,1362.00,Customer 118,Pune,Maharashtra,233.00,Chair,Furniture,4.00,"$24,054.00 ",1500.00%,"$81,783.60","$67,437.32","$14,346.28",UPI,September,9,2025,82.46%,,,,
10895,5/6/2026,1259.00,Customer 231,Mumbai,Maharashtra,260.00,Paper,Office,2.00,"$8,251.00 ",500.00%,"$15,676.90","$13,647.33","$2,029.57",Debit Card,May,5,2026,87.05%,,,,
10896,9/20/2025,1149.00,Customer 455,Delhi,Delhi,217.00,Desk,Furniture,8.00,"$28,801.00 ",1500.00%,"$195,846.80","$130,261.28","$65,585.52",Credit Card,September,9,2025,66.51%,,,,
10897,11/26/2025,1229.00,Customer 400,Hyderabad,Telangana,289.00,Laptop,Electronics,6.00,"$14,955.00 ",500.00%,"$85,243.50","$73,884.36","$11,359.14",Cash,November,11,2025,86.67%,,,,
10898,2/8/2026,1022.00,Customer 372,Chennai,Tamil Nadu,273.00,Keyboard,Electronics,6.00,"$5,110.00 ",1500.00%,"$26,061.00","$19,221.14","$6,839.86",Cash,February,2,2026,73.75%,,,,
10899,6/17/2026,1181.00,Customer 62,Mumbai,Maharashtra,206.00,Notebook,Office,2.00,"$39,123.00 ",1500.00%,"$66,509.10","$59,805.73","$6,703.37",Cash,June,6,2026,89.92%,,,,
10900,3/10/2026,1215.00,Customer 370,Hyderabad,Telangana,226.00,Table,Furniture,7.00,"$41,554.00 ",2000.00%,"$232,702.40","$188,710.17","$43,992.23",Credit Card,March,3,2026,81.10%,,,,
10901,3/8/2025,1375.00,Customer 155,Pune,Maharashtra,262.00,Monitor,Electronics,7.00,"$39,663.00 ",2000.00%,"$222,112.80","$195,393.35","$26,719.45",UPI,March,3,2025,87.97%,,,,
10902,7/6/2026,1117.00,Customer 111,Mumbai,Maharashtra,284.00,Table,Furniture,1.00,"$5,146.00 ",500.00%,"$4,888.70","$3,228.27","$1,660.43",Cash,July,7,2026,66.04%,,,,
10903,6/9/2026,1355.00,Customer 147,Pune,Maharashtra,231.00,Chair,Furniture,6.00,"$42,150.00 ",0.00%,"$252,900.00","$183,336.34","$69,563.66",Debit Card,June,6,2026,72.49%,,,,
10904,3/3/2025,1021.00,Customer 234,Bengaluru,Karnataka,230.00,Chair,Furniture,6.00,"$26,792.00 ",500.00%,"$152,714.40","$131,167.37","$21,547.03",Debit Card,March,3,2025,85.89%,,,,
10905,6/16/2025,1061.00,Customer 278,Delhi,Delhi,281.00,Laptop,Electronics,2.00,"$41,775.00 ",1000.00%,"$75,195.00","$63,126.45","$12,068.55",UPI,June,6,2025,83.95%,,,,
10906,10/8/2026,1245.00,Customer 330,Hyderabad,Telangana,206.00,Chair,Furniture,4.00,"$17,031.00 ",1000.00%,"$61,311.60","$39,372.58","$21,939.02",Debit Card,October,10,2026,64.22%,,,,
10907,10/30/2026,1069.00,Customer 180,Chennai,Tamil Nadu,259.00,Mouse,Electronics,6.00,"$23,415.00 ",0.00%,"$140,490.00","$85,022.96","$55,467.04",Credit Card,October,10,2026,60.52%,,,,
10908,1/8/2026,1270.00,Customer 276,Mumbai,Maharashtra,221.00,Table,Furniture,2.00,"$36,093.00 ",1000.00%,"$64,967.40","$52,066.65","$12,900.75",Debit Card,January,1,2026,80.14%,,,,
10909,5/24/2025,1285.00,Customer 237,Hyderabad,Telangana,295.00,Table,Furniture,3.00,"$35,358.00 ",0.00%,"$106,074.00","$91,231.60","$14,842.40",Cash,May,5,2025,86.01%,,,,
10910,12/8/2025,1279.00,Customer 320,Mumbai,Maharashtra,231.00,Desk,Furniture,8.00,"$1,610.00 ",2000.00%,"$10,304.00","$7,165.53","$3,138.47",Cash,December,12,2025,69.54%,,,,
10911,2/17/2025,1456.00,Customer 285,Pune,Maharashtra,201.00,Notebook,Office,1.00,"$45,523.00 ",0.00%,"$45,523.00","$29,600.78","$15,922.22",UPI,February,2,2025,65.02%,,,,
10912,12/29/2026,1348.00,Customer 130,Pune,Maharashtra,285.00,Laptop,Electronics,3.00,"$22,351.00 ",500.00%,"$63,700.35","$44,756.09","$18,944.26",Cash,December,12,2026,70.26%,,,,
10913,9/7/2025,1225.00,Customer 315,Hyderabad,Telangana,275.00,Mouse,Electronics,3.00,"$8,470.00 ",1000.00%,"$22,869.00","$15,884.89","$6,984.11",Cash,September,9,2025,69.46%,,,,
10914,3/3/2025,1207.00,Customer 306,Chennai,Tamil Nadu,286.00,Chair,Furniture,3.00,"$3,670.00 ",1000.00%,"$9,909.00","$6,506.89","$3,402.11",Credit Card,March,3,2025,65.67%,,,,
10915,7/28/2026,1129.00,Customer 276,Pune,Maharashtra,295.00,Desk,Furniture,7.00,"$11,436.00 ",500.00%,"$76,049.40","$50,201.30","$25,848.10",Credit Card,July,7,2026,66.01%,,,,
10916,5/20/2025,1104.00,Customer 123,Pune,Maharashtra,298.00,Mouse,Electronics,7.00,"$1,492.00 ",500.00%,"$9,921.80","$7,068.63","$2,853.17",Cash,May,5,2025,71.24%,,,,
10917,9/8/2025,1164.00,Customer 312,Mumbai,Maharashtra,256.00,Keyboard,Electronics,5.00,"$48,802.00 ",500.00%,"$231,809.50","$208,153.36","$23,656.14",Cash,September,9,2025,89.80%,,,,
10918,10/14/2026,1367.00,Customer 441,Bengaluru,Karnataka,242.00,Laptop,Electronics,3.00,"$33,052.00 ",0.00%,"$99,156.00","$74,905.94","$24,250.06",UPI,October,10,2026,75.54%,,,,
10919,9/30/2026,1485.00,Customer 96,Pune,Maharashtra,299.00,Paper,Office,6.00,"$9,491.00 ",2000.00%,"$45,556.80","$40,408.99","$5,147.81",Credit Card,September,9,2026,88.70%,,,,
10920,5/9/2026,1310.00,Customer 137,Delhi,Delhi,241.00,Keyboard,Electronics,8.00,"$29,753.00 ",500.00%,"$226,122.80","$187,309.63","$38,813.17",UPI,May,5,2026,82.84%,,,,
10921,3/22/2025,1384.00,Customer 451,Bengaluru,Karnataka,282.00,Laptop,Electronics,4.00,"$36,092.00 ",2000.00%,"$115,494.40","$81,520.31","$33,974.09",Credit Card,March,3,2025,70.58%,,,,
10922,1/17/2026,1012.00,Customer 395,Delhi,Delhi,299.00,Chair,Furniture,3.00,"$45,275.00 ",500.00%,"$129,033.75","$91,139.47","$37,894.28",UPI,January,1,2026,70.63%,,,,
10923,10/13/2026,1214.00,Customer 477,Hyderabad,Telangana,202.00,Pen,Office,4.00,"$44,732.00 ",1500.00%,"$152,088.80","$95,159.56","$56,929.24",Credit Card,October,10,2026,62.57%,,,,
10924,3/1/2025,1053.00,Customer 3,Bengaluru,Karnataka,207.00,Notebook,Office,1.00,"$19,504.00 ",500.00%,"$18,528.80","$11,990.82","$6,537.98",Cash,March,3,2025,64.71%,,,,
10925,10/27/2026,1023.00,Customer 392,Pune,Maharashtra,265.00,Paper,Office,4.00,"$25,898.00 ",2000.00%,"$82,873.60","$63,972.83","$18,900.77",UPI,October,10,2026,77.19%,,,,
10926,5/26/2026,1307.00,Customer 195,Bengaluru,Karnataka,260.00,Notebook,Office,6.00,"$45,843.00 ",500.00%,"$261,305.10","$157,047.64","$104,257.46",UPI,May,5,2026,60.10%,,,,
10927,7/27/2025,1380.00,Customer 60,Hyderabad,Telangana,244.00,Monitor,Electronics,6.00,"$46,652.00 ",0.00%,"$279,912.00","$247,175.73","$32,736.27",UPI,July,7,2025,88.30%,,,,
10928,4/2/2025,1310.00,Customer 234,Delhi,Delhi,226.00,Desk,Furniture,4.00,$857.00 ,500.00%,"$3,256.60","$2,884.40",$372.20,Cash,April,4,2025,88.57%,,,,
10929,9/3/2025,1361.00,Customer 187,Chennai,Tamil Nadu,232.00,Keyboard,Electronics,1.00,"$13,877.00 ",1500.00%,"$11,795.45","$8,335.13","$3,460.32",Cash,September,9,2025,70.66%,,,,
10930,8/27/2026,1344.00,Customer 80,Hyderabad,Telangana,255.00,Keyboard,Electronics,6.00,"$35,179.00 ",2000.00%,"$168,859.20","$108,584.28","$60,274.92",Credit Card,August,8,2026,64.30%,,,,
10931,1/23/2026,1457.00,Customer 2,Hyderabad,Telangana,210.00,Desk,Furniture,3.00,"$48,796.00 ",1500.00%,"$124,429.80","$98,974.26","$25,455.54",Debit Card,January,1,2026,79.54%,,,,
10932,2/11/2025,1282.00,Customer 10,Chennai,Tamil Nadu,260.00,Notebook,Office,8.00,"$19,478.00 ",1000.00%,"$140,241.60","$104,736.30","$35,505.30",Debit Card,February,2,2025,74.68%,,,,
10933,4/27/2025,1300.00,Customer 73,Hyderabad,Telangana,242.00,Pen,Office,5.00,"$42,138.00 ",2000.00%,"$168,552.00","$150,386.97","$18,165.03",Debit Card,April,4,2025,89.22%,,,,
10934,3/21/2025,1348.00,Customer 41,Hyderabad,Telangana,281.00,Notebook,Office,2.00,"$12,852.00 ",2000.00%,"$20,563.20","$12,799.12","$7,764.08",UPI,March,3,2025,62.24%,,,,
10935,7/27/2025,1297.00,Customer 71,Bengaluru,Karnataka,228.00,Monitor,Electronics,1.00,"$6,162.00 ",1500.00%,"$5,237.70","$4,387.20",$850.50,Debit Card,July,7,2025,83.76%,,,,
10936,6/17/2026,1370.00,Customer 428,Delhi,Delhi,275.00,Pen,Office,1.00,"$17,336.00 ",1500.00%,"$14,735.60","$12,878.25","$1,857.35",Debit Card,June,6,2026,87.40%,,,,
10937,8/13/2025,1326.00,Customer 1,Delhi,Delhi,280.00,Pen,Office,5.00,"$18,071.00 ",1000.00%,"$81,319.50","$50,004.76","$31,314.74",UPI,August,8,2025,61.49%,,,,
10938,2/18/2026,1247.00,Customer 150,Bengaluru,Karnataka,255.00,Paper,Office,4.00,"$9,420.00 ",0.00%,"$37,680.00","$31,601.55","$6,078.45",Cash,February,2,2026,83.87%,,,,
10939,8/13/2025,1049.00,Customer 238,Pune,Maharashtra,222.00,Chair,Furniture,4.00,"$48,891.00 ",1500.00%,"$166,229.40","$121,669.51","$44,559.89",Cash,August,8,2025,73.19%,,,,
10940,11/21/2025,1382.00,Customer 109,Mumbai,Maharashtra,255.00,Desk,Furniture,3.00,"$48,693.00 ",1000.00%,"$131,471.10","$81,454.28","$50,016.82",Debit Card,November,11,2025,61.96%,,,,
10941,4/19/2026,1095.00,Customer 335,Pune,Maharashtra,300.00,Laptop,Electronics,1.00,"$42,747.00 ",1500.00%,"$36,334.95","$28,480.52","$7,854.43",UPI,April,4,2026,78.38%,,,,
10942,8/9/2025,1471.00,Customer 81,Hyderabad,Telangana,275.00,Keyboard,Electronics,6.00,"$28,957.00 ",1000.00%,"$156,367.80","$127,190.99","$29,176.81",Credit Card,August,8,2025,81.34%,,,,
10943,5/30/2026,1084.00,Customer 245,Chennai,Tamil Nadu,242.00,Laptop,Electronics,4.00,"$41,850.00 ",1000.00%,"$150,660.00","$100,905.84","$49,754.16",Cash,May,5,2026,66.98%,,,,
10944,5/28/2026,1405.00,Customer 476,Pune,Maharashtra,204.00,Table,Furniture,8.00,"$40,394.00 ",1500.00%,"$274,679.20","$206,704.80","$67,974.40",UPI,May,5,2026,75.25%,,,,
10945,11/1/2025,1364.00,Customer 388,Mumbai,Maharashtra,242.00,Notebook,Office,7.00,"$23,387.00 ",2000.00%,"$130,967.20","$96,073.72","$34,893.48",Credit Card,November,11,2025,73.36%,,,,
10946,9/1/2026,1321.00,Customer 132,Hyderabad,Telangana,290.00,Notebook,Office,2.00,"$32,626.00 ",1000.00%,"$58,726.80","$51,009.83","$7,716.97",Credit Card,September,9,2026,86.86%,,,,
10947,3/29/2025,1179.00,Customer 54,Hyderabad,Telangana,232.00,Mouse,Electronics,4.00,"$46,301.00 ",500.00%,"$175,943.80","$124,214.27","$51,729.53",Debit Card,March,3,2025,70.60%,,,,
10948,6/23/2026,1103.00,Customer 425,Delhi,Delhi,215.00,Mouse,Electronics,4.00,"$15,334.00 ",0.00%,"$61,336.00","$36,931.83","$24,404.17",Cash,June,6,2026,60.21%,,,,
10949,1/25/2026,1082.00,Customer 166,Mumbai,Maharashtra,240.00,Paper,Office,7.00,"$5,235.00 ",1500.00%,"$31,148.25","$20,824.87","$10,323.38",Cash,January,1,2026,66.86%,,,,
10950,11/25/2025,1358.00,Customer 425,Mumbai,Maharashtra,219.00,Paper,Office,1.00,"$38,931.00 ",2000.00%,"$31,144.80","$24,747.53","$6,397.27",Debit Card,November,11,2025,79.46%,,,,
10951,1/7/2026,1061.00,Customer 199,Mumbai,Maharashtra,229.00,Notebook,Office,8.00,"$22,040.00 ",500.00%,"$167,504.00","$143,053.75","$24,450.25",Cash,January,1,2026,85.40%,,,,
10952,7/3/2025,1398.00,Customer 475,Delhi,Delhi,258.00,Notebook,Office,1.00,"$8,500.00 ",1000.00%,"$7,650.00","$4,924.05","$2,725.95",Cash,July,7,2025,64.37%,,,,
10953,11/28/2026,1123.00,Customer 436,Pune,Maharashtra,242.00,Mouse,Electronics,2.00,"$35,038.00 ",2000.00%,"$56,060.80","$42,179.33","$13,881.47",Cash,November,11,2026,75.24%,,,,
10954,12/2/2025,1067.00,Customer 174,Hyderabad,Telangana,267.00,Paper,Office,7.00,"$48,042.00 ",2000.00%,"$269,035.20","$182,892.23","$86,142.97",UPI,December,12,2025,67.98%,,,,
10955,5/25/2025,1011.00,Customer 48,Bengaluru,Karnataka,240.00,Monitor,Electronics,7.00,"$39,219.00 ",0.00%,"$274,533.00","$165,344.14","$109,188.86",Credit Card,May,5,2025,60.23%,,,,
10956,4/2/2026,1311.00,Customer 257,Delhi,Delhi,285.00,Chair,Furniture,6.00,"$27,361.00 ",1000.00%,"$147,749.40","$100,502.46","$47,246.94",Credit Card,April,4,2026,68.02%,,,,
10957,8/10/2026,1038.00,Customer 483,Bengaluru,Karnataka,233.00,Mouse,Electronics,1.00,"$17,495.00 ",1500.00%,"$14,870.75","$9,723.53","$5,147.22",Debit Card,August,8,2026,65.39%,,,,
10958,5/3/2025,1170.00,Customer 402,Pune,Maharashtra,216.00,Desk,Furniture,7.00,"$37,935.00 ",2000.00%,"$212,436.00","$178,856.49","$33,579.51",Credit Card,May,5,2025,84.19%,,,,
10959,7/7/2025,1037.00,Customer 250,Hyderabad,Telangana,263.00,Paper,Office,6.00,"$13,034.00 ",1500.00%,"$66,473.40","$48,450.27","$18,023.13",UPI,July,7,2025,72.89%,,,,
10960,10/5/2026,1369.00,Customer 117,Delhi,Delhi,291.00,Mouse,Electronics,1.00,"$42,844.00 ",0.00%,"$42,844.00","$26,431.86","$16,412.14",Debit Card,October,10,2026,61.69%,,,,
10961,5/16/2025,1414.00,Customer 379,Bengaluru,Karnataka,254.00,Paper,Office,2.00,"$9,378.00 ",1500.00%,"$15,942.60","$10,925.39","$5,017.21",UPI,May,5,2025,68.53%,,,,
10962,1/17/2026,1233.00,Customer 165,Chennai,Tamil Nadu,278.00,Monitor,Electronics,4.00,"$42,805.00 ",1000.00%,"$154,098.00","$134,307.07","$19,790.93",Credit Card,January,1,2026,87.16%,,,,
10963,12/16/2025,1373.00,Customer 486,Pune,Maharashtra,221.00,Monitor,Electronics,4.00,"$9,173.00 ",500.00%,"$34,857.40","$23,759.73","$11,097.67",Cash,December,12,2025,68.16%,,,,
10964,11/23/2025,1026.00,Customer 112,Pune,Maharashtra,228.00,Desk,Furniture,3.00,"$16,451.00 ",1000.00%,"$44,417.70","$38,913.80","$5,503.90",Cash,November,11,2025,87.61%,,,,
10965,3/16/2026,1096.00,Customer 373,Mumbai,Maharashtra,224.00,Pen,Office,5.00,"$19,834.00 ",1000.00%,"$89,253.00","$66,299.98","$22,953.02",Debit Card,March,3,2026,74.28%,,,,
10966,3/10/2025,1272.00,Customer 483,Bengaluru,Karnataka,251.00,Notebook,Office,4.00,"$9,819.00 ",2000.00%,"$31,420.80","$21,286.69","$10,134.11",Debit Card,March,3,2025,67.75%,,,,
10967,12/3/2025,1495.00,Customer 167,Delhi,Delhi,298.00,Pen,Office,5.00,"$8,472.00 ",0.00%,"$42,360.00","$33,396.38","$8,963.62",Cash,December,12,2025,78.84%,,,,
10968,9/25/2025,1374.00,Customer 452,Pune,Maharashtra,218.00,Paper,Office,1.00,"$13,678.00 ",0.00%,"$13,678.00","$11,333.47","$2,344.53",Cash,September,9,2025,82.86%,,,,
10969,8/23/2026,1245.00,Customer 323,Chennai,Tamil Nadu,269.00,Keyboard,Electronics,5.00,"$38,571.00 ",2000.00%,"$154,284.00","$134,818.73","$19,465.27",Cash,August,8,2026,87.38%,,,,
10970,5/13/2025,1356.00,Customer 42,Mumbai,Maharashtra,291.00,Laptop,Electronics,7.00,"$1,001.00 ",1000.00%,"$6,306.30","$4,164.64","$2,141.66",Debit Card,May,5,2025,66.04%,,,,
10971,12/23/2025,1133.00,Customer 351,Pune,Maharashtra,229.00,Keyboard,Electronics,3.00,"$41,542.00 ",500.00%,"$118,394.70","$88,108.48","$30,286.22",UPI,December,12,2025,74.42%,,,,
10972,6/28/2025,1436.00,Customer 208,Delhi,Delhi,253.00,Laptop,Electronics,4.00,"$35,965.00 ",2000.00%,"$115,088.00","$82,494.16","$32,593.84",UPI,June,6,2025,71.68%,,,,
10973,7/27/2025,1266.00,Customer 48,Chennai,Tamil Nadu,275.00,Laptop,Electronics,6.00,"$37,071.00 ",0.00%,"$222,426.00","$185,961.74","$36,464.26",Credit Card,July,7,2025,83.61%,,,,
10974,7/5/2026,1001.00,Customer 498,Delhi,Delhi,214.00,Pen,Office,6.00,"$20,570.00 ",1000.00%,"$111,078.00","$98,985.37","$12,092.63",Credit Card,July,7,2026,89.11%,,,,
10975,8/2/2025,1098.00,Customer 187,Chennai,Tamil Nadu,279.00,Chair,Furniture,1.00,"$35,156.00 ",2000.00%,"$28,124.80","$22,256.98","$5,867.82",Credit Card,August,8,2025,79.14%,,,,
10976,7/27/2025,1494.00,Customer 444,Bengaluru,Karnataka,236.00,Monitor,Electronics,1.00,"$36,696.00 ",1000.00%,"$33,026.40","$24,780.36","$8,246.04",Cash,July,7,2025,75.03%,,,,
10977,1/10/2025,1323.00,Customer 258,Chennai,Tamil Nadu,267.00,Laptop,Electronics,5.00,"$46,333.00 ",0.00%,"$231,665.00","$155,859.46","$75,805.54",Debit Card,January,1,2025,67.28%,,,,
10978,2/22/2025,1234.00,Customer 408,Mumbai,Maharashtra,292.00,Mouse,Electronics,1.00,"$30,857.00 ",2000.00%,"$24,685.60","$17,997.34","$6,688.26",Cash,February,2,2025,72.91%,,,,
10979,9/11/2025,1334.00,Customer 220,Chennai,Tamil Nadu,279.00,Mouse,Electronics,7.00,"$35,319.00 ",0.00%,"$247,233.00","$184,433.87","$62,799.13",Cash,September,9,2025,74.60%,,,,
10980,7/13/2025,1375.00,Customer 296,Mumbai,Maharashtra,254.00,Table,Furniture,3.00,"$37,092.00 ",500.00%,"$105,712.20","$92,464.20","$13,248.00",Credit Card,July,7,2025,87.47%,,,,
10981,2/17/2025,1280.00,Customer 18,Hyderabad,Telangana,210.00,Desk,Furniture,6.00,"$28,771.00 ",1000.00%,"$155,363.40","$134,062.31","$21,301.09",UPI,February,2,2025,86.29%,,,,
10982,3/14/2026,1399.00,Customer 202,Pune,Maharashtra,216.00,Notebook,Office,7.00,"$1,334.00 ",500.00%,"$8,871.10","$7,794.34","$1,076.76",Debit Card,March,3,2026,87.86%,,,,
10983,11/11/2025,1137.00,Customer 117,Delhi,Delhi,261.00,Desk,Furniture,3.00,"$26,572.00 ",500.00%,"$75,730.20","$63,240.71","$12,489.49",UPI,November,11,2025,83.51%,,,,
10984,5/17/2025,1452.00,Customer 216,Mumbai,Maharashtra,212.00,Chair,Furniture,1.00,"$7,892.00 ",1500.00%,"$6,708.20","$4,558.95","$2,149.25",Credit Card,May,5,2025,67.96%,,,,
10985,8/10/2026,1472.00,Customer 79,Pune,Maharashtra,217.00,Notebook,Office,7.00,$154.00 ,0.00%,"$1,078.00",$861.35,$216.65,Credit Card,August,8,2026,79.90%,,,,
10986,9/5/2026,1015.00,Customer 451,Chennai,Tamil Nadu,207.00,Chair,Furniture,4.00,"$28,691.00 ",2000.00%,"$91,811.20","$65,333.30","$26,477.90",Cash,September,9,2026,71.16%,,,,
10987,4/22/2026,1184.00,Customer 268,Bengaluru,Karnataka,246.00,Monitor,Electronics,7.00,"$22,974.00 ",2000.00%,"$128,654.40","$100,542.42","$28,111.98",Debit Card,April,4,2026,78.15%,,,,
10988,1/9/2025,1072.00,Customer 257,Bengaluru,Karnataka,264.00,Paper,Office,6.00,"$15,282.00 ",500.00%,"$87,107.40","$65,901.90","$21,205.50",Credit Card,January,1,2025,75.66%,,,,
10989,4/19/2025,1061.00,Customer 66,Pune,Maharashtra,254.00,Monitor,Electronics,5.00,"$14,848.00 ",500.00%,"$70,528.00","$46,926.41","$23,601.59",Cash,April,4,2025,66.54%,,,,
10990,10/15/2026,1153.00,Customer 61,Mumbai,Maharashtra,243.00,Pen,Office,4.00,"$22,285.00 ",0.00%,"$89,140.00","$60,218.42","$28,921.58",Cash,October,10,2026,67.55%,,,,
10991,8/30/2026,1401.00,Customer 387,Chennai,Tamil Nadu,241.00,Desk,Furniture,3.00,"$16,974.00 ",0.00%,"$50,922.00","$39,926.37","$10,995.63",UPI,August,8,2026,78.41%,,,,
10992,2/5/2025,1034.00,Customer 334,Delhi,Delhi,262.00,Monitor,Electronics,4.00,"$10,207.00 ",2000.00%,"$32,662.40","$22,238.49","$10,423.91",Debit Card,February,2,2025,68.09%,,,,
10993,8/17/2025,1457.00,Customer 94,Mumbai,Maharashtra,246.00,Monitor,Electronics,7.00,"$16,224.00 ",500.00%,"$107,889.60","$67,495.19","$40,394.41",Credit Card,August,8,2025,62.56%,,,,
10994,11/5/2026,1456.00,Customer 97,Delhi,Delhi,228.00,Paper,Office,6.00,"$6,228.00 ",2000.00%,"$29,894.40","$24,552.56","$5,341.84",UPI,November,11,2026,82.13%,,,,
10995,11/30/2026,1196.00,Customer 61,Chennai,Tamil Nadu,243.00,Desk,Furniture,8.00,"$17,599.00 ",2000.00%,"$112,633.60","$79,001.59","$33,632.01",Credit Card,November,11,2026,70.14%,,,,
10996,1/7/2025,1269.00,Customer 311,Bengaluru,Karnataka,221.00,Desk,Furniture,1.00,"$9,205.00 ",1000.00%,"$8,284.50","$6,797.39","$1,487.11",UPI,January,1,2025,82.05%,,,,
10997,6/14/2025,1436.00,Customer 316,Delhi,Delhi,264.00,Notebook,Office,8.00,"$5,403.00 ",500.00%,"$41,062.80","$25,563.86","$15,498.94",Debit Card,June,6,2025,62.26%,,,,
10998,7/4/2025,1063.00,Customer 429,Mumbai,Maharashtra,277.00,Laptop,Electronics,8.00,"$48,130.00 ",0.00%,"$385,040.00","$295,032.16","$90,007.84",Credit Card,July,7,2025,76.62%,,,,
10999,11/18/2026,1308.00,Customer 428,Bengaluru,Karnataka,292.00,Mouse,Electronics,4.00,"$39,172.00 ",0.00%,"$156,688.00","$136,547.05","$20,140.95",Credit Card,November,11,2026,87.15%,,,,
11000,2/10/2025,1335.00,Customer 104,Delhi,Delhi,266.00,Paper,Office,2.00,"$18,829.00 ",500.00%,"$35,775.10","$26,381.02","$9,394.08",Cash,February,2,2025,73.74%,,,,
11001,8/25/2025,1337.00,Customer 46,Chennai,Tamil Nadu,220.00,Desk,Furniture,7.00,"$38,477.00 ",1500.00%,"$228,938.15","$173,030.68","$55,907.47",Debit Card,August,8,2025,75.58%,,,,
11002,2/6/2026,1085.00,Customer 21,Delhi,Delhi,256.00,Notebook,Office,6.00,"$48,563.00 ",0.00%,"$291,378.00","$221,875.51","$69,502.49",UPI,February,2,2026,76.15%,,,,
11003,12/28/2025,1195.00,Customer 214,Pune,Maharashtra,254.00,Laptop,Electronics,4.00,"$3,803.00 ",1500.00%,"$12,930.20","$8,837.00","$4,093.20",Debit Card,December,12,2025,68.34%,,,,
11004,11/30/2025,1247.00,Customer 239,Mumbai,Maharashtra,210.00,Pen,Office,1.00,"$14,400.00 ",500.00%,"$13,680.00","$11,291.50","$2,388.50",Credit Card,November,11,2025,82.54%,,,,
11005,8/1/2025,1243.00,Customer 223,Mumbai,Maharashtra,220.00,Notebook,Office,1.00,"$5,123.00 ",0.00%,"$5,123.00","$3,540.11","$1,582.89",Cash,August,8,2025,69.10%,,,,
11006,5/6/2025,1287.00,Customer 471,Pune,Maharashtra,222.00,Pen,Office,1.00,"$47,192.00 ",0.00%,"$47,192.00","$34,084.73","$13,107.27",UPI,May,5,2025,72.23%,,,,
11007,4/6/2026,1380.00,Customer 73,Bengaluru,Karnataka,238.00,Laptop,Electronics,8.00,"$2,584.00 ",2000.00%,"$16,537.60","$13,571.46","$2,966.14",Debit Card,April,4,2026,82.06%,,,,
11008,3/8/2025,1493.00,Customer 125,Hyderabad,Telangana,269.00,Desk,Furniture,5.00,"$36,021.00 ",1000.00%,"$162,094.50","$124,386.46","$37,708.04",Cash,March,3,2025,76.74%,,,,
11009,9/24/2026,1152.00,Customer 421,Pune,Maharashtra,280.00,Monitor,Electronics,1.00,"$27,861.00 ",1500.00%,"$23,681.85","$17,603.23","$6,078.62",Credit Card,September,9,2026,74.33%,,,,
11010,8/25/2025,1486.00,Customer 181,Hyderabad,Telangana,261.00,Mouse,Electronics,8.00,"$16,600.00 ",2000.00%,"$106,240.00","$94,951.72","$11,288.28",Credit Card,August,8,2025,89.37%,,,,
11011,7/5/2025,1336.00,Customer 234,Mumbai,Maharashtra,209.00,Table,Furniture,8.00,"$7,557.00 ",1000.00%,"$54,410.40","$36,978.44","$17,431.96",Debit Card,July,7,2025,67.96%,,,,
11012,7/28/2025,1064.00,Customer 439,Delhi,Delhi,211.00,Desk,Furniture,6.00,"$8,729.00 ",2000.00%,"$41,899.20","$33,472.05","$8,427.15",Cash,July,7,2025,79.89%,,,,
11013,1/31/2026,1203.00,Customer 24,Mumbai,Maharashtra,284.00,Notebook,Office,3.00,"$20,259.00 ",1500.00%,"$51,660.45","$31,944.08","$19,716.37",Debit Card,January,1,2026,61.83%,,,,
11014,1/4/2025,1354.00,Customer 108,Hyderabad,Telangana,280.00,Keyboard,Electronics,5.00,"$16,540.00 ",1500.00%,"$70,295.00","$44,205.30","$26,089.70",Credit Card,January,1,2025,62.89%,,,,
11015,11/27/2026,1367.00,Customer 441,Bengaluru,Karnataka,222.00,Pen,Office,8.00,"$25,190.00 ",500.00%,"$191,444.00","$117,273.62","$74,170.38",Debit Card,November,11,2026,61.26%,,,,
11016,9/2/2025,1006.00,Customer 367,Delhi,Delhi,258.00,Paper,Office,6.00,"$38,530.00 ",1500.00%,"$196,503.00","$152,087.14","$44,415.86",Cash,September,9,2025,77.40%,,,,
11017,11/8/2025,1187.00,Customer 51,Hyderabad,Telangana,290.00,Mouse,Electronics,7.00,"$2,463.00 ",1500.00%,"$14,654.85","$11,761.69","$2,893.16",UPI,November,11,2025,80.26%,,,,
11018,8/14/2025,1317.00,Customer 234,Delhi,Delhi,255.00,Notebook,Office,4.00,"$39,381.00 ",2000.00%,"$126,019.20","$83,394.31","$42,624.89",Credit Card,August,8,2025,66.18%,,,,
11019,3/13/2025,1452.00,Customer 134,Chennai,Tamil Nadu,281.00,Keyboard,Electronics,8.00,"$48,535.00 ",0.00%,"$388,280.00","$254,890.65","$133,389.35",Credit Card,March,3,2025,65.65%,,,,
11020,8/25/2025,1294.00,Customer 223,Mumbai,Maharashtra,234.00,Table,Furniture,4.00,"$43,941.00 ",1000.00%,"$158,187.60","$126,940.76","$31,246.84",Debit Card,August,8,2025,80.25%,,,,
11021,7/16/2025,1209.00,Customer 13,Hyderabad,Telangana,285.00,Notebook,Office,1.00,"$7,528.00 ",0.00%,"$7,528.00","$4,955.82","$2,572.18",Debit Card,July,7,2025,65.83%,,,,
11022,1/13/2025,1258.00,Customer 463,Pune,Maharashtra,284.00,Desk,Furniture,7.00,"$6,919.00 ",2000.00%,"$38,746.40","$24,916.15","$13,830.25",UPI,January,1,2025,64.31%,,,,
11023,5/22/2026,1129.00,Customer 107,Hyderabad,Telangana,250.00,Desk,Furniture,7.00,"$5,728.00 ",1500.00%,"$34,081.60","$29,441.25","$4,640.35",Debit Card,May,5,2026,86.38%,,,,
11024,5/28/2026,1210.00,Customer 488,Pune,Maharashtra,244.00,Chair,Furniture,2.00,"$9,631.00 ",2000.00%,"$15,409.60","$9,524.13","$5,885.47",Credit Card,May,5,2026,61.81%,,,,
11025,4/7/2025,1110.00,Customer 494,Mumbai,Maharashtra,284.00,Monitor,Electronics,6.00,"$24,618.00 ",2000.00%,"$118,166.40","$85,771.06","$32,395.34",Cash,April,4,2025,72.58%,,,,
11026,1/4/2026,1144.00,Customer 137,Bengaluru,Karnataka,208.00,Pen,Office,5.00,"$25,142.00 ",1500.00%,"$106,853.50","$78,602.07","$28,251.43",Credit Card,January,1,2026,73.56%,,,,
11027,12/25/2026,1042.00,Customer 341,Pune,Maharashtra,273.00,Chair,Furniture,6.00,"$24,652.00 ",2000.00%,"$118,329.60","$91,972.59","$26,357.01",Debit Card,December,12,2026,77.73%,,,,
11028,3/19/2025,1386.00,Customer 302,Chennai,Tamil Nadu,256.00,Laptop,Electronics,8.00,"$28,318.00 ",2000.00%,"$181,235.20","$142,183.50","$39,051.70",Cash,March,3,2025,78.45%,,,,
11029,11/10/2026,1498.00,Customer 431,Mumbai,Maharashtra,292.00,Paper,Office,8.00,"$13,340.00 ",1000.00%,"$96,048.00","$69,889.24","$26,158.76",Cash,November,11,2026,72.76%,,,,
11030,8/2/2026,1087.00,Customer 99,Mumbai,Maharashtra,282.00,Chair,Furniture,6.00,"$3,099.00 ",1500.00%,"$15,804.90","$13,079.86","$2,725.04",Credit Card,August,8,2026,82.76%,,,,
11031,2/9/2026,1136.00,Customer 305,Mumbai,Maharashtra,273.00,Desk,Furniture,7.00,"$11,989.00 ",1500.00%,"$71,334.55","$57,292.86","$14,041.69",Credit Card,February,2,2026,80.32%,,,,
11032,4/4/2025,1222.00,Customer 175,Delhi,Delhi,298.00,Paper,Office,2.00,"$48,680.00 ",1000.00%,"$87,624.00","$63,213.04","$24,410.96",Cash,April,4,2025,72.14%,,,,
11033,8/31/2025,1374.00,Customer 110,Delhi,Delhi,244.00,Table,Furniture,1.00,"$41,606.00 ",1500.00%,"$35,365.10","$27,536.58","$7,828.52",Credit Card,August,8,2025,77.86%,,,,
11034,10/27/2025,1479.00,Customer 425,Delhi,Delhi,213.00,Notebook,Office,2.00,"$44,271.00 ",1500.00%,"$75,260.70","$67,393.24","$7,867.46",Cash,October,10,2025,89.55%,,,,
11035,10/14/2025,1021.00,Customer 243,Pune,Maharashtra,272.00,Notebook,Office,4.00,"$26,043.00 ",500.00%,"$98,963.40","$84,272.85","$14,690.55",Cash,October,10,2025,85.16%,,,,
11036,1/17/2026,1345.00,Customer 102,Delhi,Delhi,286.00,Pen,Office,3.00,"$26,667.00 ",1500.00%,"$68,000.85","$56,142.77","$11,858.08",Credit Card,January,1,2026,82.56%,,,,
11037,12/15/2025,1314.00,Customer 24,Mumbai,Maharashtra,291.00,Pen,Office,1.00,"$26,849.00 ",1000.00%,"$24,164.10","$18,859.21","$5,304.89",UPI,December,12,2025,78.05%,,,,
11038,11/28/2026,1042.00,Customer 209,Chennai,Tamil Nadu,214.00,Table,Furniture,6.00,"$28,599.00 ",1500.00%,"$145,854.90","$130,455.61","$15,399.29",Credit Card,November,11,2026,89.44%,,,,
11039,6/1/2026,1041.00,Customer 199,Bengaluru,Karnataka,231.00,Table,Furniture,2.00,"$26,482.00 ",500.00%,"$50,315.80","$36,140.28","$14,175.52",Debit Card,June,6,2026,71.83%,,,,
11040,9/23/2025,1452.00,Customer 155,Delhi,Delhi,269.00,Table,Furniture,8.00,"$21,008.00 ",1500.00%,"$142,854.40","$93,913.80","$48,940.60",Cash,September,9,2025,65.74%,,,,
11041,12/30/2025,1084.00,Customer 457,Delhi,Delhi,271.00,Mouse,Electronics,7.00,"$29,927.00 ",2000.00%,"$167,591.20","$129,569.94","$38,021.26",Credit Card,December,12,2025,77.31%,,,,
11042,7/3/2026,1252.00,Customer 158,Hyderabad,Telangana,238.00,Mouse,Electronics,4.00,"$18,980.00 ",500.00%,"$72,124.00","$48,359.70","$23,764.30",Cash,July,7,2026,67.05%,,,,
11043,12/3/2026,1323.00,Customer 436,Bengaluru,Karnataka,239.00,Laptop,Electronics,7.00,"$3,160.00 ",1000.00%,"$19,908.00","$13,582.17","$6,325.83",Credit Card,December,12,2026,68.22%,,,,
11044,1/12/2025,1415.00,Customer 232,Chennai,Tamil Nadu,225.00,Chair,Furniture,1.00,"$35,146.00 ",1000.00%,"$31,631.40","$25,662.56","$5,968.84",Debit Card,January,1,2025,81.13%,,,,
11045,5/14/2026,1295.00,Customer 414,Mumbai,Maharashtra,262.00,Desk,Furniture,8.00,"$41,014.00 ",0.00%,"$328,112.00","$238,437.76","$89,674.24",UPI,May,5,2026,72.67%,,,,
11046,2/8/2025,1344.00,Customer 464,Delhi,Delhi,234.00,Notebook,Office,6.00,"$40,812.00 ",0.00%,"$244,872.00","$203,866.04","$41,005.96",Cash,February,2,2025,83.25%,,,,
11047,1/29/2025,1036.00,Customer 257,Pune,Maharashtra,272.00,Notebook,Office,2.00,"$14,670.00 ",1500.00%,"$24,939.00","$16,745.48","$8,193.52",Debit Card,January,1,2025,67.15%,,,,
11048,3/26/2025,1202.00,Customer 20,Mumbai,Maharashtra,295.00,Keyboard,Electronics,4.00,"$7,666.00 ",2000.00%,"$24,531.20","$19,514.95","$5,016.25",Debit Card,March,3,2025,79.55%,,,,
11049,6/24/2025,1449.00,Customer 64,Pune,Maharashtra,238.00,Notebook,Office,4.00,"$2,244.00 ",2000.00%,"$7,180.80","$5,164.50","$2,016.30",Cash,June,6,2025,71.92%,,,,
11050,11/3/2026,1465.00,Customer 52,Pune,Maharashtra,219.00,Pen,Office,1.00,"$27,076.00 ",1500.00%,"$23,014.60","$16,825.85","$6,188.75",Debit Card,November,11,2026,73.11%,,,,
11051,8/1/2025,1272.00,Customer 499,Hyderabad,Telangana,257.00,Pen,Office,3.00,$217.00 ,1000.00%,$585.90,$495.20,$90.70,UPI,August,8,2025,84.52%,,,,
11052,9/10/2026,1160.00,Customer 144,Chennai,Tamil Nadu,289.00,Notebook,Office,2.00,"$28,906.00 ",1500.00%,"$49,140.20","$40,515.03","$8,625.17",Credit Card,September,9,2026,82.45%,,,,
11053,6/11/2026,1379.00,Customer 135,Hyderabad,Telangana,238.00,Chair,Furniture,8.00,"$37,556.00 ",1000.00%,"$270,403.20","$164,125.75","$106,277.45",Credit Card,June,6,2026,60.70%,,,,
11054,9/21/2026,1198.00,Customer 335,Bengaluru,Karnataka,245.00,Paper,Office,2.00,"$27,429.00 ",1500.00%,"$46,629.30","$29,661.21","$16,968.09",Debit Card,September,9,2026,63.61%,,,,
11055,4/7/2025,1206.00,Customer 76,Chennai,Tamil Nadu,270.00,Monitor,Electronics,7.00,"$46,835.00 ",1000.00%,"$295,060.50","$186,311.63","$108,748.87",Debit Card,April,4,2025,63.14%,,,,
11056,5/19/2025,1134.00,Customer 452,Hyderabad,Telangana,232.00,Notebook,Office,3.00,"$40,877.00 ",1000.00%,"$110,367.90","$86,870.88","$23,497.02",UPI,May,5,2025,78.71%,,,,
11057,8/25/2026,1186.00,Customer 21,Hyderabad,Telangana,281.00,Table,Furniture,8.00,"$28,207.00 ",500.00%,"$214,373.20","$163,409.48","$50,963.72",Credit Card,August,8,2026,76.23%,,,,
11058,1/28/2026,1264.00,Customer 222,Mumbai,Maharashtra,280.00,Laptop,Electronics,7.00,"$24,104.00 ",1500.00%,"$143,418.80","$107,887.55","$35,531.25",UPI,January,1,2026,75.23%,,,,
11059,8/23/2025,1399.00,Customer 128,Chennai,Tamil Nadu,281.00,Table,Furniture,7.00,"$12,621.00 ",500.00%,"$83,929.65","$63,821.83","$20,107.82",Debit Card,August,8,2025,76.04%,,,,
11060,4/5/2026,1275.00,Customer 418,Pune,Maharashtra,284.00,Notebook,Office,6.00,"$37,738.00 ",2000.00%,"$181,142.40","$156,553.74","$24,588.66",Cash,April,4,2026,86.43%,,,,
11061,8/21/2025,1181.00,Customer 365,Mumbai,Maharashtra,244.00,Notebook,Office,7.00,"$14,596.00 ",500.00%,"$97,063.40","$78,319.81","$18,743.59",Credit Card,August,8,2025,80.69%,,,,
11062,4/19/2026,1377.00,Customer 44,Bengaluru,Karnataka,233.00,Mouse,Electronics,1.00,"$22,042.00 ",2000.00%,"$17,633.60","$14,422.33","$3,211.27",Credit Card,April,4,2026,81.79%,,,,
11063,1/21/2025,1311.00,Customer 101,Mumbai,Maharashtra,211.00,Table,Furniture,3.00,"$15,576.00 ",0.00%,"$46,728.00","$30,057.03","$16,670.97",Debit Card,January,1,2025,64.32%,,,,
11064,5/30/2025,1197.00,Customer 103,Bengaluru,Karnataka,293.00,Paper,Office,3.00,"$33,256.00 ",2000.00%,"$79,814.40","$54,864.56","$24,949.84",Credit Card,May,5,2025,68.74%,,,,
11065,7/2/2025,1435.00,Customer 140,Chennai,Tamil Nadu,206.00,Paper,Office,2.00,"$22,052.00 ",2000.00%,"$35,283.20","$29,025.37","$6,257.83",Cash,July,7,2025,82.26%,,,,
11066,8/3/2026,1438.00,Customer 48,Mumbai,Maharashtra,230.00,Pen,Office,1.00,"$24,191.00 ",500.00%,"$22,981.45","$16,956.44","$6,025.01",Debit Card,August,8,2026,73.78%,,,,
11067,3/13/2025,1225.00,Customer 412,Mumbai,Maharashtra,274.00,Pen,Office,3.00,"$30,130.00 ",500.00%,"$85,870.50","$54,263.48","$31,607.02",Cash,March,3,2025,63.19%,,,,
11068,10/26/2025,1186.00,Customer 380,Mumbai,Maharashtra,214.00,Monitor,Electronics,3.00,"$34,212.00 ",500.00%,"$97,504.20","$73,393.18","$24,111.02",Credit Card,October,10,2025,75.27%,,,,
11069,6/13/2025,1260.00,Customer 11,Bengaluru,Karnataka,213.00,Paper,Office,7.00,"$19,324.00 ",2000.00%,"$108,214.40","$79,355.94","$28,858.46",Credit Card,June,6,2025,73.33%,,,,
11070,11/29/2025,1068.00,Customer 118,Mumbai,Maharashtra,298.00,Chair,Furniture,7.00,"$12,369.00 ",2000.00%,"$69,266.40","$54,713.62","$14,552.78",Debit Card,November,11,2025,78.99%,,,,
11071,2/3/2025,1348.00,Customer 315,Mumbai,Maharashtra,283.00,Laptop,Electronics,8.00,"$18,301.00 ",2000.00%,"$117,126.40","$80,872.32","$36,254.08",UPI,February,2,2025,69.05%,,,,
11072,9/15/2025,1481.00,Customer 269,Bengaluru,Karnataka,238.00,Laptop,Electronics,7.00,"$45,024.00 ",0.00%,"$315,168.00","$222,099.58","$93,068.42",UPI,September,9,2025,70.47%,,,,
11073,6/21/2026,1376.00,Customer 146,Mumbai,Maharashtra,245.00,Chair,Furniture,5.00,"$35,450.00 ",1500.00%,"$150,662.50","$119,136.92","$31,525.58",Credit Card,June,6,2026,79.08%,,,,
11074,8/10/2026,1165.00,Customer 450,Delhi,Delhi,275.00,Notebook,Office,5.00,"$43,107.00 ",0.00%,"$215,535.00","$176,145.41","$39,389.59",Cash,August,8,2026,81.72%,,,,
11075,7/22/2025,1159.00,Customer 358,Hyderabad,Telangana,235.00,Keyboard,Electronics,7.00,"$48,231.00 ",1500.00%,"$286,974.45","$183,446.74","$103,527.71",UPI,July,7,2025,63.92%,,,,
11076,8/1/2026,1170.00,Customer 44,Chennai,Tamil Nadu,284.00,Keyboard,Electronics,8.00,"$49,240.00 ",1500.00%,"$334,832.00","$275,581.66","$59,250.34",Debit Card,August,8,2026,82.30%,,,,
11077,2/2/2025,1334.00,Customer 88,Bengaluru,Karnataka,222.00,Monitor,Electronics,1.00,"$7,531.00 ",500.00%,"$7,154.45","$4,587.71","$2,566.74",Debit Card,February,2,2025,64.12%,,,,
11078,3/15/2025,1087.00,Customer 170,Mumbai,Maharashtra,278.00,Notebook,Office,6.00,"$41,991.00 ",0.00%,"$251,946.00","$206,637.23","$45,308.77",UPI,March,3,2025,82.02%,,,,
11079,1/12/2026,1151.00,Customer 263,Bengaluru,Karnataka,206.00,Notebook,Office,7.00,$381.00 ,1500.00%,"$2,266.95","$1,495.73",$771.22,UPI,January,1,2026,65.98%,,,,
11080,4/18/2025,1084.00,Customer 325,Chennai,Tamil Nadu,299.00,Keyboard,Electronics,5.00,"$44,967.00 ",1500.00%,"$191,109.75","$134,203.14","$56,906.61",UPI,April,4,2025,70.22%,,,,
11081,7/2/2026,1497.00,Customer 252,Delhi,Delhi,201.00,Notebook,Office,3.00,"$11,253.00 ",1000.00%,"$30,383.10","$20,718.85","$9,664.25",Cash,July,7,2026,68.19%,,,,
11082,7/12/2025,1261.00,Customer 413,Bengaluru,Karnataka,278.00,Desk,Furniture,6.00,"$14,877.00 ",2000.00%,"$71,409.60","$60,445.56","$10,964.04",UPI,July,7,2025,84.65%,,,,
11083,9/19/2025,1114.00,Customer 339,Chennai,Tamil Nadu,253.00,Table,Furniture,8.00,"$22,619.00 ",1000.00%,"$162,856.80","$101,434.98","$61,421.82",Cash,September,9,2025,62.28%,,,,
11084,2/28/2026,1260.00,Customer 109,Chennai,Tamil Nadu,212.00,Paper,Office,5.00,"$11,318.00 ",1500.00%,"$48,101.50","$29,256.42","$18,845.08",Debit Card,February,2,2026,60.82%,,,,
11085,11/26/2026,1276.00,Customer 222,Delhi,Delhi,290.00,Table,Furniture,1.00,"$45,867.00 ",1500.00%,"$38,986.95","$26,690.85","$12,296.10",Credit Card,November,11,2026,68.46%,,,,
11086,2/23/2025,1367.00,Customer 435,Mumbai,Maharashtra,215.00,Pen,Office,7.00,"$28,739.00 ",1500.00%,"$170,997.05","$142,558.46","$28,438.59",Debit Card,February,2,2025,83.37%,,,,
11087,12/24/2026,1389.00,Customer 182,Chennai,Tamil Nadu,274.00,Laptop,Electronics,8.00,"$24,293.00 ",0.00%,"$194,344.00","$127,944.14","$66,399.86",Debit Card,December,12,2026,65.83%,,,,
11088,5/7/2025,1125.00,Customer 214,Hyderabad,Telangana,217.00,Paper,Office,3.00,"$2,607.00 ",1000.00%,"$7,038.90","$4,745.06","$2,293.84",Credit Card,May,5,2025,67.41%,,,,
11089,4/17/2025,1278.00,Customer 430,Pune,Maharashtra,243.00,Notebook,Office,6.00,"$2,054.00 ",1000.00%,"$11,091.60","$7,618.15","$3,473.45",UPI,April,4,2025,68.68%,,,,
11090,8/20/2025,1410.00,Customer 144,Mumbai,Maharashtra,223.00,Desk,Furniture,3.00,"$1,874.00 ",1000.00%,"$5,059.80","$4,200.62",$859.18,UPI,August,8,2025,83.02%,,,,
11091,12/4/2025,1048.00,Customer 266,Delhi,Delhi,266.00,Pen,Office,3.00,"$5,937.00 ",2000.00%,"$14,248.80","$11,164.81","$3,083.99",UPI,December,12,2025,78.36%,,,,
11092,3/15/2025,1080.00,Customer 39,Bengaluru,Karnataka,212.00,Desk,Furniture,5.00,"$3,262.00 ",0.00%,"$16,310.00","$10,240.97","$6,069.03",Credit Card,March,3,2025,62.79%,,,,
11093,12/13/2025,1414.00,Customer 479,Pune,Maharashtra,223.00,Paper,Office,6.00,"$17,153.00 ",1500.00%,"$87,480.30","$75,678.42","$11,801.88",Credit Card,December,12,2025,86.51%,,,,
11094,10/17/2025,1161.00,Customer 382,Bengaluru,Karnataka,298.00,Chair,Furniture,7.00,"$34,801.00 ",0.00%,"$243,607.00","$209,857.63","$33,749.37",Cash,October,10,2025,86.15%,,,,
11095,11/3/2025,1202.00,Customer 111,Delhi,Delhi,268.00,Table,Furniture,8.00,"$8,178.00 ",0.00%,"$65,424.00","$43,583.87","$21,840.13",Debit Card,November,11,2025,66.62%,,,,
11096,4/30/2026,1398.00,Customer 284,Chennai,Tamil Nadu,290.00,Laptop,Electronics,6.00,"$7,551.00 ",1000.00%,"$40,775.40","$27,473.18","$13,302.22",Debit Card,April,4,2026,67.38%,,,,
11097,6/1/2025,1216.00,Customer 458,Bengaluru,Karnataka,278.00,Pen,Office,3.00,"$45,275.00 ",500.00%,"$129,033.75","$82,052.09","$46,981.66",UPI,June,6,2025,63.59%,,,,
11098,4/11/2026,1145.00,Customer 230,Pune,Maharashtra,222.00,Notebook,Office,1.00,"$10,515.00 ",1000.00%,"$9,463.50","$5,895.20","$3,568.30",UPI,April,4,2026,62.29%,,,,
11099,3/25/2025,1152.00,Customer 144,Chennai,Tamil Nadu,258.00,Keyboard,Electronics,7.00,"$4,111.00 ",1000.00%,"$25,899.30","$19,343.58","$6,555.72",Credit Card,March,3,2025,74.69%,,,,
11100,2/26/2025,1293.00,Customer 408,Bengaluru,Karnataka,238.00,Paper,Office,2.00,"$32,481.00 ",1000.00%,"$58,465.80","$41,258.04","$17,207.76",Debit Card,February,2,2025,70.57%,,,,
11101,7/26/2026,1196.00,Customer 298,Mumbai,Maharashtra,293.00,Notebook,Office,2.00,"$38,524.00 ",2000.00%,"$61,638.40","$53,738.62","$7,899.78",UPI,July,7,2026,87.18%,,,,
11102,4/13/2026,1367.00,Customer 315,Pune,Maharashtra,216.00,Mouse,Electronics,7.00,"$15,297.00 ",1500.00%,"$91,017.15","$63,475.96","$27,541.19",Debit Card,April,4,2026,69.74%,,,,
11103,4/9/2026,1253.00,Customer 254,Pune,Maharashtra,204.00,Chair,Furniture,7.00,"$2,839.00 ",1000.00%,"$17,885.70","$14,773.37","$3,112.33",UPI,April,4,2026,82.60%,,,,
11104,5/26/2025,1239.00,Customer 472,Chennai,Tamil Nadu,249.00,Notebook,Office,1.00,"$6,063.00 ",500.00%,"$5,759.85","$3,978.44","$1,781.41",Cash,May,5,2025,69.07%,,,,
11105,10/18/2025,1281.00,Customer 155,Chennai,Tamil Nadu,259.00,Notebook,Office,3.00,"$28,404.00 ",1500.00%,"$72,430.20","$48,892.71","$23,537.49",Credit Card,October,10,2025,67.50%,,,,
11106,7/4/2026,1336.00,Customer 455,Pune,Maharashtra,208.00,Table,Furniture,6.00,"$5,323.00 ",0.00%,"$31,938.00","$22,887.17","$9,050.83",Debit Card,July,7,2026,71.66%,,,,
11107,2/23/2026,1464.00,Customer 486,Hyderabad,Telangana,264.00,Laptop,Electronics,6.00,"$23,613.00 ",1000.00%,"$127,510.20","$112,798.46","$14,711.74",Cash,February,2,2026,88.46%,,,,
11108,12/20/2025,1188.00,Customer 304,Delhi,Delhi,289.00,Paper,Office,7.00,"$11,312.00 ",1000.00%,"$71,265.60","$49,498.40","$21,767.20",Debit Card,December,12,2025,69.46%,,,,
11109,5/26/2026,1030.00,Customer 108,Hyderabad,Telangana,267.00,Mouse,Electronics,2.00,"$35,578.00 ",0.00%,"$71,156.00","$60,746.64","$10,409.36",Debit Card,May,5,2026,85.37%,,,,
11110,4/21/2026,1261.00,Customer 455,Mumbai,Maharashtra,282.00,Chair,Furniture,2.00,"$13,514.00 ",500.00%,"$25,676.60","$20,282.34","$5,394.26",Credit Card,April,4,2026,78.99%,,,,
11111,4/18/2026,1296.00,Customer 297,Bengaluru,Karnataka,223.00,Paper,Office,2.00,"$22,447.00 ",500.00%,"$42,649.30","$36,057.63","$6,591.67",Cash,April,4,2026,84.54%,,,,
11112,5/25/2026,1208.00,Customer 314,Hyderabad,Telangana,258.00,Paper,Office,6.00,"$38,058.00 ",0.00%,"$228,348.00","$172,883.07","$55,464.93",Cash,May,5,2026,75.71%,,,,
11113,1/29/2026,1307.00,Customer 38,Mumbai,Maharashtra,276.00,Paper,Office,6.00,"$16,968.00 ",500.00%,"$96,717.60","$66,867.73","$29,849.87",Credit Card,January,1,2026,69.14%,,,,
11114,10/7/2026,1409.00,Customer 141,Bengaluru,Karnataka,223.00,Mouse,Electronics,2.00,"$18,010.00 ",2000.00%,"$28,816.00","$21,397.97","$7,418.03",UPI,October,10,2026,74.26%,,,,
11115,12/22/2025,1224.00,Customer 239,Bengaluru,Karnataka,252.00,Notebook,Office,4.00,"$11,517.00 ",500.00%,"$43,764.60","$37,061.24","$6,703.36",UPI,December,12,2025,84.68%,,,,
11116,7/20/2026,1339.00,Customer 483,Delhi,Delhi,253.00,Notebook,Office,8.00,"$24,859.00 ",0.00%,"$198,872.00","$141,405.28","$57,466.72",Credit Card,July,7,2026,71.10%,,,,
11117,7/17/2025,1318.00,Customer 182,Delhi,Delhi,236.00,Mouse,Electronics,6.00,"$1,438.00 ",0.00%,"$8,628.00","$7,189.13","$1,438.87",Cash,July,7,2025,83.32%,,,,
11118,12/2/2026,1327.00,Customer 178,Bengaluru,Karnataka,201.00,Pen,Office,5.00,$656.00 ,1000.00%,"$2,952.00","$2,520.15",$431.85,Cash,December,12,2026,85.37%,,,,
11119,7/3/2026,1208.00,Customer 248,Bengaluru,Karnataka,277.00,Monitor,Electronics,2.00,"$33,850.00 ",500.00%,"$64,315.00","$55,452.36","$8,862.64",Cash,July,7,2026,86.22%,,,,
11120,2/13/2025,1480.00,Customer 253,Delhi,Delhi,215.00,Keyboard,Electronics,4.00,"$14,047.00 ",0.00%,"$56,188.00","$38,926.27","$17,261.73",Debit Card,February,2,2025,69.28%,,,,
11121,6/13/2026,1295.00,Customer 435,Delhi,Delhi,260.00,Laptop,Electronics,3.00,"$6,009.00 ",0.00%,"$18,027.00","$11,703.93","$6,323.07",Debit Card,June,6,2026,64.92%,,,,
11122,3/26/2025,1315.00,Customer 410,Pune,Maharashtra,276.00,Laptop,Electronics,1.00,"$7,176.00 ",1500.00%,"$6,099.60","$5,214.43",$885.17,Cash,March,3,2025,85.49%,,,,
11123,4/19/2026,1047.00,Customer 41,Pune,Maharashtra,273.00,Laptop,Electronics,3.00,"$18,439.00 ",500.00%,"$52,551.15","$31,721.03","$20,830.12",UPI,April,4,2026,60.36%,,,,
11124,5/9/2025,1254.00,Customer 189,Chennai,Tamil Nadu,261.00,Paper,Office,3.00,"$4,577.00 ",1500.00%,"$11,671.35","$7,635.35","$4,036.00",UPI,May,5,2025,65.42%,,,,
11125,9/2/2026,1062.00,Customer 272,Mumbai,Maharashtra,296.00,Desk,Furniture,6.00,"$46,120.00 ",2000.00%,"$221,376.00","$156,299.20","$65,076.80",Cash,September,9,2026,70.60%,,,,
11126,6/10/2025,1467.00,Customer 199,Bengaluru,Karnataka,229.00,Table,Furniture,5.00,$738.00 ,0.00%,"$3,690.00","$2,444.21","$1,245.79",Cash,June,6,2025,66.24%,,,,
11127,10/26/2025,1309.00,Customer 46,Pune,Maharashtra,242.00,Notebook,Office,8.00,"$2,393.00 ",1000.00%,"$17,229.60","$15,364.45","$1,865.15",Debit Card,October,10,2025,89.17%,,,,
11128,11/24/2026,1043.00,Customer 75,Delhi,Delhi,205.00,Table,Furniture,3.00,"$48,904.00 ",500.00%,"$139,376.40","$85,308.99","$54,067.41",Cash,November,11,2026,61.21%,,,,
11129,9/13/2026,1417.00,Customer 425,Delhi,Delhi,268.00,Chair,Furniture,1.00,"$23,919.00 ",1500.00%,"$20,331.15","$14,952.62","$5,378.53",UPI,September,9,2026,73.55%,,,,
11130,12/26/2026,1147.00,Customer 481,Pune,Maharashtra,246.00,Table,Furniture,1.00,"$48,518.00 ",1500.00%,"$41,240.30","$31,095.51","$10,144.79",Credit Card,December,12,2026,75.40%,,,,
11131,3/12/2025,1315.00,Customer 135,Pune,Maharashtra,233.00,Chair,Furniture,3.00,"$29,037.00 ",1500.00%,"$74,044.35","$48,335.18","$25,709.17",Cash,March,3,2025,65.28%,,,,
11132,7/21/2025,1486.00,Customer 116,Hyderabad,Telangana,236.00,Chair,Furniture,8.00,"$30,851.00 ",0.00%,"$246,808.00","$160,729.65","$86,078.35",Credit Card,July,7,2025,65.12%,,,,
11133,9/5/2025,1296.00,Customer 346,Bengaluru,Karnataka,228.00,Pen,Office,1.00,"$9,120.00 ",500.00%,"$8,664.00","$7,384.96","$1,279.04",Cash,September,9,2025,85.24%,,,,
11134,5/6/2025,1038.00,Customer 314,Mumbai,Maharashtra,292.00,Pen,Office,2.00,"$29,823.00 ",2000.00%,"$47,716.80","$40,211.55","$7,505.25",Cash,May,5,2025,84.27%,,,,
11135,2/12/2025,1262.00,Customer 244,Bengaluru,Karnataka,207.00,Notebook,Office,6.00,"$32,984.00 ",1500.00%,"$168,218.40","$145,303.57","$22,914.83",Credit Card,February,2,2025,86.38%,,,,
11136,2/7/2025,1006.00,Customer 247,Delhi,Delhi,208.00,Desk,Furniture,6.00,"$47,642.00 ",1500.00%,"$242,974.20","$178,112.09","$64,862.11",UPI,February,2,2025,73.30%,,,,
11137,2/8/2025,1309.00,Customer 5,Bengaluru,Karnataka,226.00,Paper,Office,8.00,"$3,404.00 ",500.00%,"$25,870.40","$18,319.50","$7,550.90",Credit Card,February,2,2025,70.81%,,,,
11138,10/16/2025,1204.00,Customer 249,Delhi,Delhi,272.00,Paper,Office,2.00,"$40,755.00 ",2000.00%,"$65,208.00","$48,949.63","$16,258.37",Credit Card,October,10,2025,75.07%,,,,
11139,9/20/2025,1037.00,Customer 457,Bengaluru,Karnataka,217.00,Desk,Furniture,7.00,"$8,817.00 ",1500.00%,"$52,461.15","$38,005.99","$14,455.16",Debit Card,September,9,2025,72.45%,,,,
11140,1/11/2026,1395.00,Customer 466,Mumbai,Maharashtra,257.00,Mouse,Electronics,7.00,"$40,792.00 ",0.00%,"$285,544.00","$234,062.75","$51,481.25",Credit Card,January,1,2026,81.97%,,,,
11141,12/29/2026,1133.00,Customer 80,Mumbai,Maharashtra,237.00,Monitor,Electronics,6.00,"$23,102.00 ",1000.00%,"$124,750.80","$100,767.92","$23,982.88",Credit Card,December,12,2026,80.78%,,,,
11142,10/5/2026,1193.00,Customer 425,Hyderabad,Telangana,233.00,Pen,Office,4.00,"$49,441.00 ",1500.00%,"$168,099.40","$123,046.26","$45,053.14",Cash,October,10,2026,73.20%,,,,
11143,6/5/2025,1338.00,Customer 269,Pune,Maharashtra,233.00,Keyboard,Electronics,4.00,"$39,875.00 ",2000.00%,"$127,600.00","$106,865.06","$20,734.94",Cash,June,6,2025,83.75%,,,,
11144,3/5/2025,1019.00,Customer 300,Pune,Maharashtra,216.00,Pen,Office,6.00,"$44,864.00 ",1000.00%,"$242,265.60","$159,262.10","$83,003.50",Debit Card,March,3,2025,65.74%,,,,
11145,12/6/2026,1364.00,Customer 25,Bengaluru,Karnataka,238.00,Pen,Office,7.00,"$28,149.00 ",0.00%,"$197,043.00","$152,284.06","$44,758.94",Credit Card,December,12,2026,77.28%,,,,
11146,7/6/2025,1240.00,Customer 6,Bengaluru,Karnataka,294.00,Table,Furniture,3.00,"$37,451.00 ",1000.00%,"$101,117.70","$73,450.99","$27,666.71",Credit Card,July,7,2025,72.64%,,,,
11147,5/7/2026,1443.00,Customer 263,Mumbai,Maharashtra,295.00,Notebook,Office,3.00,"$24,134.00 ",500.00%,"$68,781.90","$58,900.31","$9,881.59",UPI,May,5,2026,85.63%,,,,
11148,7/27/2026,1138.00,Customer 268,Delhi,Delhi,263.00,Notebook,Office,1.00,"$41,181.00 ",2000.00%,"$32,944.80","$27,657.14","$5,287.66",UPI,July,7,2026,83.95%,,,,
11149,5/25/2026,1136.00,Customer 141,Bengaluru,Karnataka,238.00,Keyboard,Electronics,3.00,"$1,438.00 ",1500.00%,"$3,666.90","$2,681.39",$985.51,Cash,May,5,2026,73.12%,,,,
11150,3/24/2026,1453.00,Customer 131,Mumbai,Maharashtra,206.00,Laptop,Electronics,8.00,"$36,830.00 ",1000.00%,"$265,176.00","$197,680.19","$67,495.81",Debit Card,March,3,2026,74.55%,,,,
11151,6/17/2025,1343.00,Customer 384,Bengaluru,Karnataka,276.00,Chair,Furniture,1.00,"$18,973.00 ",1000.00%,"$17,075.70","$11,249.56","$5,826.14",Cash,June,6,2025,65.88%,,,,
11152,1/4/2026,1065.00,Customer 253,Delhi,Delhi,233.00,Desk,Furniture,6.00,"$21,547.00 ",500.00%,"$122,817.90","$85,600.16","$37,217.74",Debit Card,January,1,2026,69.70%,,,,
11153,3/18/2026,1448.00,Customer 308,Hyderabad,Telangana,213.00,Monitor,Electronics,5.00,"$27,775.00 ",0.00%,"$138,875.00","$103,290.78","$35,584.22",Credit Card,March,3,2026,74.38%,,,,
11154,8/25/2026,1206.00,Customer 164,Mumbai,Maharashtra,266.00,Pen,Office,4.00,"$18,976.00 ",500.00%,"$72,108.80","$51,580.32","$20,528.48",Debit Card,August,8,2026,71.53%,,,,
11155,9/19/2025,1055.00,Customer 258,Mumbai,Maharashtra,230.00,Laptop,Electronics,4.00,"$46,978.00 ",0.00%,"$187,912.00","$140,330.31","$47,581.69",Cash,September,9,2025,74.68%,,,,
11156,3/2/2026,1434.00,Customer 41,Pune,Maharashtra,218.00,Pen,Office,1.00,"$48,528.00 ",2000.00%,"$38,822.40","$32,134.24","$6,688.16",Debit Card,March,3,2026,82.77%,,,,
11157,11/15/2026,1187.00,Customer 363,Bengaluru,Karnataka,283.00,Chair,Furniture,5.00,"$47,060.00 ",0.00%,"$235,300.00","$207,342.73","$27,957.27",Cash,November,11,2026,88.12%,,,,
11158,8/7/2026,1357.00,Customer 42,Pune,Maharashtra,244.00,Paper,Office,1.00,"$9,426.00 ",2000.00%,"$7,540.80","$4,715.96","$2,824.84",UPI,August,8,2026,62.54%,,,,
11159,7/21/2025,1147.00,Customer 66,Chennai,Tamil Nadu,244.00,Keyboard,Electronics,2.00,"$10,924.00 ",0.00%,"$21,848.00","$15,499.67","$6,348.33",UPI,July,7,2025,70.94%,,,,
11160,3/27/2026,1047.00,Customer 201,Chennai,Tamil Nadu,241.00,Chair,Furniture,3.00,"$27,475.00 ",500.00%,"$78,303.75","$64,695.88","$13,607.87",Cash,March,3,2026,82.62%,,,,
11161,8/10/2025,1294.00,Customer 22,Bengaluru,Karnataka,248.00,Paper,Office,3.00,"$5,238.00 ",1500.00%,"$13,356.90","$8,527.35","$4,829.55",Cash,August,8,2025,63.84%,,,,
11162,11/3/2026,1465.00,Customer 391,Mumbai,Maharashtra,265.00,Chair,Furniture,7.00,"$17,148.00 ",500.00%,"$114,034.20","$89,857.36","$24,176.84",Credit Card,November,11,2026,78.80%,,,,
11163,4/4/2026,1037.00,Customer 27,Pune,Maharashtra,209.00,Table,Furniture,2.00,"$12,009.00 ",0.00%,"$24,018.00","$14,944.86","$9,073.14",UPI,April,4,2026,62.22%,,,,
11164,5/4/2026,1078.00,Customer 445,Bengaluru,Karnataka,265.00,Desk,Furniture,6.00,"$33,581.00 ",1500.00%,"$171,263.10","$106,845.72","$64,417.38",Cash,May,5,2026,62.39%,,,,
11165,11/1/2026,1402.00,Customer 98,Delhi,Delhi,274.00,Desk,Furniture,2.00,"$12,295.00 ",2000.00%,"$19,672.00","$17,669.28","$2,002.72",UPI,November,11,2026,89.82%,,,,
11166,9/28/2025,1236.00,Customer 410,Chennai,Tamil Nadu,291.00,Keyboard,Electronics,2.00,"$9,812.00 ",1000.00%,"$17,661.60","$10,850.29","$6,811.31",Credit Card,September,9,2025,61.43%,,,,
11167,2/3/2026,1414.00,Customer 133,Chennai,Tamil Nadu,295.00,Table,Furniture,8.00,"$48,089.00 ",500.00%,"$365,476.40","$234,070.32","$131,406.08",Cash,February,2,2026,64.05%,,,,
11168,2/13/2025,1093.00,Customer 145,Delhi,Delhi,275.00,Notebook,Office,7.00,"$14,837.00 ",500.00%,"$98,666.05","$84,350.41","$14,315.64",UPI,February,2,2025,85.49%,,,,
11169,3/2/2025,1227.00,Customer 331,Bengaluru,Karnataka,271.00,Desk,Furniture,5.00,"$17,166.00 ",2000.00%,"$68,664.00","$56,786.83","$11,877.17",UPI,March,3,2025,82.70%,,,,
11170,11/22/2025,1265.00,Customer 119,Pune,Maharashtra,235.00,Desk,Furniture,8.00,"$13,372.00 ",500.00%,"$101,627.20","$71,135.22","$30,491.98",Debit Card,November,11,2025,70.00%,,,,
11171,1/18/2026,1228.00,Customer 129,Bengaluru,Karnataka,237.00,Notebook,Office,3.00,"$32,091.00 ",1500.00%,"$81,832.05","$60,727.36","$21,104.69",Debit Card,January,1,2026,74.21%,,,,
11172,11/12/2026,1119.00,Customer 157,Chennai,Tamil Nadu,229.00,Table,Furniture,7.00,"$43,684.00 ",1500.00%,"$259,919.80","$162,057.35","$97,862.45",UPI,November,11,2026,62.35%,,,,
11173,12/31/2025,1023.00,Customer 123,Delhi,Delhi,209.00,Laptop,Electronics,4.00,"$35,070.00 ",1000.00%,"$126,252.00","$90,465.30","$35,786.70",Debit Card,December,12,2025,71.65%,,,,
11174,4/28/2026,1477.00,Customer 374,Chennai,Tamil Nadu,257.00,Table,Furniture,8.00,"$29,403.00 ",500.00%,"$223,462.80","$146,261.28","$77,201.52",UPI,April,4,2026,65.45%,,,,
11175,10/9/2026,1346.00,Customer 224,Delhi,Delhi,291.00,Chair,Furniture,5.00,"$20,001.00 ",500.00%,"$95,004.75","$83,179.83","$11,824.92",Debit Card,October,10,2026,87.55%,,,,
11176,3/18/2025,1356.00,Customer 18,Chennai,Tamil Nadu,268.00,Chair,Furniture,1.00,"$16,789.00 ",1000.00%,"$15,110.10","$9,952.59","$5,157.51",Debit Card,March,3,2025,65.87%,,,,
11177,6/19/2025,1031.00,Customer 190,Mumbai,Maharashtra,273.00,Monitor,Electronics,3.00,"$40,164.00 ",1000.00%,"$108,442.80","$95,553.00","$12,889.80",Cash,June,6,2025,88.11%,,,,
11178,9/26/2025,1366.00,Customer 293,Chennai,Tamil Nadu,201.00,Mouse,Electronics,6.00,"$32,110.00 ",0.00%,"$192,660.00","$171,433.57","$21,226.43",Cash,September,9,2025,88.98%,,,,
11179,8/13/2026,1095.00,Customer 110,Delhi,Delhi,248.00,Chair,Furniture,3.00,"$47,640.00 ",500.00%,"$135,774.00","$121,693.47","$14,080.53",Cash,August,8,2026,89.63%,,,,
11180,6/13/2026,1226.00,Customer 143,Mumbai,Maharashtra,223.00,Table,Furniture,7.00,"$31,081.00 ",1000.00%,"$195,810.30","$134,052.53","$61,757.77",Cash,June,6,2026,68.46%,,,,
11181,1/1/2025,1280.00,Customer 471,Pune,Maharashtra,271.00,Monitor,Electronics,7.00,"$32,558.00 ",0.00%,"$227,906.00","$174,139.73","$53,766.27",Credit Card,January,1,2025,76.41%,,,,
11182,4/16/2025,1454.00,Customer 120,Delhi,Delhi,267.00,Table,Furniture,5.00,"$41,847.00 ",500.00%,"$198,773.25","$158,734.30","$40,038.95",Credit Card,April,4,2025,79.86%,,,,
11183,10/5/2025,1023.00,Customer 59,Pune,Maharashtra,277.00,Laptop,Electronics,3.00,"$19,469.00 ",2000.00%,"$46,725.60","$37,637.84","$9,087.76",Cash,October,10,2025,80.55%,,,,
11184,5/24/2025,1253.00,Customer 410,Bengaluru,Karnataka,256.00,Laptop,Electronics,6.00,"$24,050.00 ",1000.00%,"$129,870.00","$96,688.92","$33,181.08",Credit Card,May,5,2025,74.45%,,,,
11185,10/13/2026,1227.00,Customer 77,Delhi,Delhi,260.00,Notebook,Office,3.00,"$11,747.00 ",2000.00%,"$28,192.80","$20,118.87","$8,073.93",Debit Card,October,10,2026,71.36%,,,,
11186,3/7/2025,1087.00,Customer 134,Delhi,Delhi,201.00,Pen,Office,5.00,$559.00 ,1000.00%,"$2,515.50","$1,860.72",$654.78,Cash,March,3,2025,73.97%,,,,
11187,12/7/2025,1079.00,Customer 76,Chennai,Tamil Nadu,232.00,Chair,Furniture,4.00,$963.00 ,1000.00%,"$3,466.80","$2,321.94","$1,144.86",Credit Card,December,12,2025,66.98%,,,,
11188,2/28/2026,1222.00,Customer 463,Mumbai,Maharashtra,203.00,Laptop,Electronics,8.00,"$14,360.00 ",1500.00%,"$97,648.00","$70,356.82","$27,291.18",Debit Card,February,2,2026,72.05%,,,,
11189,3/22/2026,1499.00,Customer 353,Bengaluru,Karnataka,238.00,Mouse,Electronics,3.00,"$18,285.00 ",500.00%,"$52,112.25","$32,232.19","$19,880.06",Cash,March,3,2026,61.85%,,,,
11190,7/4/2025,1439.00,Customer 119,Mumbai,Maharashtra,281.00,Desk,Furniture,5.00,"$17,025.00 ",500.00%,"$80,868.75","$60,142.92","$20,725.83",UPI,July,7,2025,74.37%,,,,
11191,2/16/2025,1308.00,Customer 151,Mumbai,Maharashtra,211.00,Notebook,Office,8.00,"$17,445.00 ",500.00%,"$132,582.00","$80,721.99","$51,860.01",Debit Card,February,2,2025,60.88%,,,,
11192,4/5/2026,1188.00,Customer 62,Mumbai,Maharashtra,215.00,Paper,Office,4.00,"$27,164.00 ",2000.00%,"$86,924.80","$58,598.22","$28,326.58",UPI,April,4,2026,67.41%,,,,
11193,1/29/2025,1470.00,Customer 482,Delhi,Delhi,233.00,Chair,Furniture,6.00,"$5,347.00 ",2000.00%,"$25,665.60","$15,562.50","$10,103.10",Credit Card,January,1,2025,60.64%,,,,
11194,4/29/2026,1369.00,Customer 162,Pune,Maharashtra,222.00,Desk,Furniture,7.00,"$12,964.00 ",0.00%,"$90,748.00","$69,760.65","$20,987.35",UPI,April,4,2026,76.87%,,,,
11195,2/16/2026,1112.00,Customer 127,Hyderabad,Telangana,203.00,Monitor,Electronics,8.00,"$2,035.00 ",500.00%,"$15,466.00","$13,847.31","$1,618.69",UPI,February,2,2026,89.53%,,,,
11196,2/10/2025,1146.00,Customer 52,Mumbai,Maharashtra,248.00,Pen,Office,5.00,"$20,383.00 ",1500.00%,"$86,627.75","$61,916.52","$24,711.23",UPI,February,2,2025,71.47%,,,,
11197,12/30/2026,1122.00,Customer 99,Pune,Maharashtra,209.00,Pen,Office,8.00,"$18,050.00 ",2000.00%,"$115,520.00","$76,578.73","$38,941.27",Debit Card,December,12,2026,66.29%,,,,
11198,10/21/2026,1306.00,Customer 243,Pune,Maharashtra,275.00,Mouse,Electronics,6.00,"$9,853.00 ",1500.00%,"$50,250.30","$35,289.00","$14,961.30",Cash,October,10,2026,70.23%,,,,
11199,12/15/2025,1347.00,Customer 430,Bengaluru,Karnataka,246.00,Mouse,Electronics,2.00,"$10,931.00 ",500.00%,"$20,768.90","$13,839.31","$6,929.59",Credit Card,December,12,2025,66.63%,,,,
11200,11/11/2026,1407.00,Customer 490,Hyderabad,Telangana,242.00,Table,Furniture,3.00,"$10,782.00 ",500.00%,"$30,728.70","$20,411.24","$10,317.46",UPI,November,11,2026,66.42%,,,,
11201,2/19/2025,1292.00,Customer 225,Hyderabad,Telangana,299.00,Notebook,Office,8.00,"$19,975.00 ",0.00%,"$159,800.00","$99,990.83","$59,809.17",Cash,February,2,2025,62.57%,,,,
11202,5/10/2026,1286.00,Customer 471,Mumbai,Maharashtra,224.00,Notebook,Office,1.00,"$38,253.00 ",1000.00%,"$34,427.70","$25,400.63","$9,027.07",Debit Card,May,5,2026,73.78%,,,,
11203,3/17/2025,1261.00,Customer 55,Bengaluru,Karnataka,248.00,Paper,Office,5.00,"$42,732.00 ",500.00%,"$202,977.00","$162,520.22","$40,456.78",Cash,March,3,2025,80.07%,,,,
11204,7/26/2026,1420.00,Customer 76,Hyderabad,Telangana,285.00,Pen,Office,6.00,"$7,317.00 ",1500.00%,"$37,316.70","$33,340.32","$3,976.38",Credit Card,July,7,2026,89.34%,,,,
11205,11/1/2026,1193.00,Customer 95,Bengaluru,Karnataka,218.00,Chair,Furniture,2.00,"$33,685.00 ",1000.00%,"$60,633.00","$44,674.34","$15,958.66",Credit Card,November,11,2026,73.68%,,,,
11206,8/20/2026,1395.00,Customer 254,Mumbai,Maharashtra,220.00,Notebook,Office,7.00,"$2,264.00 ",1500.00%,"$13,470.80","$10,458.91","$3,011.89",UPI,August,8,2026,77.64%,,,,
11207,10/3/2025,1330.00,Customer 178,Bengaluru,Karnataka,202.00,Pen,Office,4.00,"$44,135.00 ",0.00%,"$176,540.00","$145,750.90","$30,789.10",Credit Card,October,10,2025,82.56%,,,,
11208,1/21/2026,1187.00,Customer 264,Delhi,Delhi,220.00,Laptop,Electronics,6.00,"$47,736.00 ",0.00%,"$286,416.00","$216,947.29","$69,468.71",Debit Card,January,1,2026,75.75%,,,,
11209,10/1/2026,1098.00,Customer 42,Mumbai,Maharashtra,284.00,Pen,Office,8.00,"$23,083.00 ",1000.00%,"$166,197.60","$101,439.07","$64,758.53",Cash,October,10,2026,61.04%,,,,
11210,1/10/2025,1310.00,Customer 351,Pune,Maharashtra,293.00,Desk,Furniture,7.00,"$46,927.00 ",500.00%,"$312,064.55","$207,256.70","$104,807.85",UPI,January,1,2025,66.41%,,,,
11211,6/18/2026,1280.00,Customer 63,Mumbai,Maharashtra,258.00,Table,Furniture,3.00,"$5,904.00 ",2000.00%,"$14,169.60","$9,611.06","$4,558.54",Debit Card,June,6,2026,67.83%,,,,
11212,3/3/2025,1285.00,Customer 84,Mumbai,Maharashtra,233.00,Desk,Furniture,4.00,"$35,733.00 ",2000.00%,"$114,345.60","$93,683.95","$20,661.65",Cash,March,3,2025,81.93%,,,,
11213,3/6/2025,1340.00,Customer 289,Hyderabad,Telangana,265.00,Desk,Furniture,5.00,"$14,080.00 ",1000.00%,"$63,360.00","$48,218.16","$15,141.84",Credit Card,March,3,2025,76.10%,,,,
11214,8/23/2026,1075.00,Customer 409,Delhi,Delhi,260.00,Chair,Furniture,3.00,"$17,985.00 ",1500.00%,"$45,861.75","$39,993.13","$5,868.62",Credit Card,August,8,2026,87.20%,,,,
11215,3/18/2026,1083.00,Customer 264,Delhi,Delhi,252.00,Notebook,Office,5.00,"$35,807.00 ",2000.00%,"$143,228.00","$108,237.77","$34,990.23",Debit Card,March,3,2026,75.57%,,,,
11216,4/10/2026,1240.00,Customer 87,Delhi,Delhi,254.00,Keyboard,Electronics,4.00,"$43,606.00 ",0.00%,"$174,424.00","$122,978.00","$51,446.00",Credit Card,April,4,2026,70.51%,,,,
11217,9/21/2026,1187.00,Customer 124,Pune,Maharashtra,235.00,Desk,Furniture,8.00,"$41,789.00 ",1500.00%,"$284,165.20","$194,755.17","$89,410.03",Debit Card,September,9,2026,68.54%,,,,
11218,10/29/2025,1472.00,Customer 434,Pune,Maharashtra,259.00,Desk,Furniture,6.00,"$8,898.00 ",2000.00%,"$42,710.40","$27,697.06","$15,013.34",Cash,October,10,2025,64.85%,,,,
11219,7/5/2025,1406.00,Customer 35,Chennai,Tamil Nadu,248.00,Pen,Office,2.00,"$37,444.00 ",2000.00%,"$59,910.40","$47,768.86","$12,141.54",Cash,July,7,2025,79.73%,,,,
11220,10/24/2025,1476.00,Customer 186,Pune,Maharashtra,263.00,Paper,Office,5.00,"$1,910.00 ",0.00%,"$9,550.00","$6,178.33","$3,371.67",Cash,October,10,2025,64.69%,,,,
11221,8/18/2025,1359.00,Customer 153,Hyderabad,Telangana,246.00,Chair,Furniture,4.00,"$32,826.00 ",1500.00%,"$111,608.40","$100,045.81","$11,562.59",Debit Card,August,8,2025,89.64%,,,,
11222,11/18/2025,1249.00,Customer 468,Mumbai,Maharashtra,231.00,Notebook,Office,1.00,"$43,914.00 ",500.00%,"$41,718.30","$31,794.61","$9,923.69",UPI,November,11,2025,76.21%,,,,
11223,5/23/2026,1055.00,Customer 441,Pune,Maharashtra,261.00,Paper,Office,3.00,"$1,764.00 ",0.00%,"$5,292.00","$4,412.91",$879.09,Debit Card,May,5,2026,83.39%,,,,
11224,12/17/2026,1466.00,Customer 110,Pune,Maharashtra,225.00,Chair,Furniture,5.00,"$6,681.00 ",0.00%,"$33,405.00","$23,452.58","$9,952.42",UPI,December,12,2026,70.21%,,,,
11225,1/11/2025,1401.00,Customer 104,Mumbai,Maharashtra,269.00,Pen,Office,5.00,"$49,517.00 ",1500.00%,"$210,447.25","$150,143.79","$60,303.46",Cash,January,1,2025,71.35%,,,,
11226,8/27/2025,1429.00,Customer 254,Bengaluru,Karnataka,215.00,Paper,Office,7.00,"$19,025.00 ",2000.00%,"$106,540.00","$72,053.07","$34,486.93",Credit Card,August,8,2025,67.63%,,,,
11227,7/30/2026,1266.00,Customer 129,Bengaluru,Karnataka,270.00,Paper,Office,6.00,"$33,011.00 ",500.00%,"$188,162.70","$154,644.69","$33,518.01",UPI,July,7,2026,82.19%,,,,
11228,2/24/2025,1297.00,Customer 252,Delhi,Delhi,297.00,Table,Furniture,4.00,"$2,650.00 ",500.00%,"$10,070.00","$7,146.06","$2,923.94",UPI,February,2,2025,70.96%,,,,
11229,1/29/2026,1407.00,Customer 185,Hyderabad,Telangana,209.00,Laptop,Electronics,6.00,"$7,338.00 ",2000.00%,"$35,222.40","$28,602.15","$6,620.25",UPI,January,1,2026,81.20%,,,,
11230,12/28/2026,1033.00,Customer 235,Hyderabad,Telangana,237.00,Pen,Office,6.00,"$34,869.00 ",2000.00%,"$167,371.20","$149,328.79","$18,042.41",Cash,December,12,2026,89.22%,,,,
11231,5/5/2025,1352.00,Customer 91,Pune,Maharashtra,242.00,Monitor,Electronics,6.00,"$9,299.00 ",1000.00%,"$50,214.60","$37,980.81","$12,233.79",Cash,May,5,2025,75.64%,,,,
11232,8/16/2026,1417.00,Customer 12,Hyderabad,Telangana,275.00,Notebook,Office,8.00,"$46,584.00 ",1500.00%,"$316,771.20","$251,530.88","$65,240.32",Debit Card,August,8,2026,79.40%,,,,
11233,7/9/2026,1136.00,Customer 310,Chennai,Tamil Nadu,283.00,Laptop,Electronics,4.00,"$47,051.00 ",500.00%,"$178,793.80","$132,556.85","$46,236.95",UPI,July,7,2026,74.14%,,,,
11234,12/20/2026,1151.00,Customer 359,Delhi,Delhi,226.00,Pen,Office,6.00,$975.00 ,1000.00%,"$5,265.00","$3,918.54","$1,346.46",Credit Card,December,12,2026,74.43%,,,,
11235,8/27/2025,1300.00,Customer 113,Pune,Maharashtra,217.00,Notebook,Office,6.00,"$21,087.00 ",500.00%,"$120,195.90","$96,981.63","$23,214.27",Debit Card,August,8,2025,80.69%,,,,
11236,3/21/2025,1300.00,Customer 106,Bengaluru,Karnataka,209.00,Table,Furniture,4.00,"$10,958.00 ",500.00%,"$41,640.40","$34,856.78","$6,783.62",Cash,March,3,2025,83.71%,,,,
11237,12/12/2025,1011.00,Customer 77,Hyderabad,Telangana,255.00,Monitor,Electronics,1.00,"$10,216.00 ",2000.00%,"$8,172.80","$7,251.29",$921.51,Cash,December,12,2025,88.72%,,,,
11238,1/5/2026,1196.00,Customer 303,Mumbai,Maharashtra,221.00,Monitor,Electronics,1.00,"$10,421.00 ",500.00%,"$9,899.95","$7,648.98","$2,250.97",Debit Card,January,1,2026,77.26%,,,,
11239,6/14/2026,1320.00,Customer 70,Bengaluru,Karnataka,300.00,Monitor,Electronics,6.00,"$33,529.00 ",500.00%,"$191,115.30","$130,375.96","$60,739.34",Credit Card,June,6,2026,68.22%,,,,
11240,7/12/2026,1208.00,Customer 288,Hyderabad,Telangana,202.00,Chair,Furniture,6.00,"$45,868.00 ",500.00%,"$261,447.60","$168,511.91","$92,935.69",Cash,July,7,2026,64.45%,,,,
11241,9/13/2026,1041.00,Customer 286,Delhi,Delhi,211.00,Chair,Furniture,3.00,"$37,047.00 ",1000.00%,"$100,026.90","$80,588.95","$19,437.95",Debit Card,September,9,2026,80.57%,,,,
11242,2/25/2025,1451.00,Customer 369,Pune,Maharashtra,229.00,Monitor,Electronics,3.00,"$11,104.00 ",1500.00%,"$28,315.20","$23,854.66","$4,460.54",Debit Card,February,2,2025,84.25%,,,,
11243,10/6/2026,1275.00,Customer 192,Pune,Maharashtra,277.00,Mouse,Electronics,4.00,"$10,357.00 ",500.00%,"$39,356.60","$30,110.41","$9,246.19",Credit Card,October,10,2026,76.51%,,,,
11244,9/21/2025,1268.00,Customer 349,Hyderabad,Telangana,278.00,Notebook,Office,3.00,"$14,743.00 ",500.00%,"$42,017.55","$25,459.18","$16,558.37",Debit Card,September,9,2025,60.59%,,,,
11245,9/1/2026,1335.00,Customer 415,Pune,Maharashtra,221.00,Desk,Furniture,7.00,"$34,198.00 ",0.00%,"$239,386.00","$151,166.23","$88,219.77",Debit Card,September,9,2026,63.15%,,,,
11246,8/10/2026,1283.00,Customer 189,Delhi,Delhi,287.00,Keyboard,Electronics,3.00,"$33,292.00 ",500.00%,"$94,882.20","$83,975.21","$10,906.99",UPI,August,8,2026,88.50%,,,,
11247,5/14/2025,1246.00,Customer 396,Bengaluru,Karnataka,204.00,Paper,Office,1.00,"$19,816.00 ",0.00%,"$19,816.00","$13,788.06","$6,027.94",Credit Card,May,5,2025,69.58%,,,,
11248,1/6/2026,1274.00,Customer 38,Chennai,Tamil Nadu,274.00,Laptop,Electronics,3.00,"$40,643.00 ",0.00%,"$121,929.00","$109,112.96","$12,816.04",Debit Card,January,1,2026,89.49%,,,,
11249,3/2/2025,1111.00,Customer 463,Delhi,Delhi,222.00,Desk,Furniture,5.00,"$39,326.00 ",0.00%,"$196,630.00","$153,338.04","$43,291.96",Debit Card,March,3,2025,77.98%,,,,
11250,6/19/2025,1166.00,Customer 19,Hyderabad,Telangana,273.00,Notebook,Office,8.00,"$13,139.00 ",0.00%,"$105,112.00","$92,094.16","$13,017.84",Debit Card,June,6,2025,87.62%,,,,
11251,12/22/2026,1150.00,Customer 140,Chennai,Tamil Nadu,257.00,Table,Furniture,6.00,"$15,274.00 ",1500.00%,"$77,897.40","$61,635.66","$16,261.74",UPI,December,12,2026,79.12%,,,,
11252,8/27/2025,1263.00,Customer 284,Delhi,Delhi,274.00,Monitor,Electronics,7.00,"$33,464.00 ",1500.00%,"$199,110.80","$162,570.07","$36,540.73",Credit Card,August,8,2025,81.65%,,,,
11253,9/15/2025,1017.00,Customer 355,Bengaluru,Karnataka,233.00,Keyboard,Electronics,6.00,"$36,710.00 ",2000.00%,"$176,208.00","$117,733.90","$58,474.10",Credit Card,September,9,2025,66.82%,,,,
11254,1/10/2025,1324.00,Customer 165,Hyderabad,Telangana,243.00,Desk,Furniture,8.00,"$13,939.00 ",1500.00%,"$94,785.20","$80,425.17","$14,360.03",Credit Card,January,1,2025,84.85%,,,,
11255,5/22/2026,1346.00,Customer 91,Hyderabad,Telangana,215.00,Keyboard,Electronics,2.00,"$47,950.00 ",1500.00%,"$81,515.00","$55,012.09","$26,502.91",Cash,May,5,2026,67.49%,,,,
11256,11/26/2025,1299.00,Customer 263,Bengaluru,Karnataka,204.00,Desk,Furniture,7.00,"$15,117.00 ",2000.00%,"$84,655.20","$73,789.48","$10,865.72",UPI,November,11,2025,87.16%,,,,
11257,8/20/2025,1224.00,Customer 158,Hyderabad,Telangana,234.00,Laptop,Electronics,2.00,"$28,689.00 ",1500.00%,"$48,771.30","$37,505.67","$11,265.63",UPI,August,8,2025,76.90%,,,,
11258,7/9/2025,1039.00,Customer 121,Hyderabad,Telangana,240.00,Keyboard,Electronics,2.00,"$41,107.00 ",2000.00%,"$65,771.20","$55,827.64","$9,943.56",Credit Card,July,7,2025,84.88%,,,,
11259,8/13/2025,1449.00,Customer 231,Delhi,Delhi,218.00,Laptop,Electronics,6.00,"$48,165.00 ",500.00%,"$274,540.50","$173,756.35","$100,784.15",UPI,August,8,2025,63.29%,,,,
11260,4/5/2026,1404.00,Customer 99,Pune,Maharashtra,287.00,Laptop,Electronics,6.00,"$28,527.00 ",2000.00%,"$136,929.60","$99,420.70","$37,508.90",UPI,April,4,2026,72.61%,,,,
11261,4/23/2026,1361.00,Customer 442,Mumbai,Maharashtra,287.00,Laptop,Electronics,1.00,"$48,017.00 ",1500.00%,"$40,814.45","$35,487.56","$5,326.89",Credit Card,April,4,2026,86.95%,,,,
11262,12/30/2026,1102.00,Customer 433,Bengaluru,Karnataka,270.00,Keyboard,Electronics,6.00,"$27,384.00 ",2000.00%,"$131,443.20","$104,609.08","$26,834.12",Credit Card,December,12,2026,79.59%,,,,
11263,3/10/2025,1446.00,Customer 108,Bengaluru,Karnataka,288.00,Paper,Office,1.00,"$5,833.00 ",2000.00%,"$4,666.40","$3,486.43","$1,179.97",UPI,March,3,2025,74.71%,,,,
11264,3/26/2025,1495.00,Customer 273,Chennai,Tamil Nadu,205.00,Monitor,Electronics,3.00,"$25,865.00 ",1500.00%,"$65,955.75","$53,546.05","$12,409.70",Debit Card,March,3,2025,81.18%,,,,
11265,9/9/2026,1447.00,Customer 348,Chennai,Tamil Nadu,285.00,Monitor,Electronics,7.00,"$5,184.00 ",1000.00%,"$32,659.20","$23,367.02","$9,292.18",UPI,September,9,2026,71.55%,,,,
11266,2/20/2026,1173.00,Customer 333,Bengaluru,Karnataka,293.00,Desk,Furniture,5.00,"$10,469.00 ",1000.00%,"$47,110.50","$36,877.99","$10,232.51",UPI,February,2,2026,78.28%,,,,
11267,7/7/2025,1389.00,Customer 284,Hyderabad,Telangana,298.00,Paper,Office,3.00,"$20,719.00 ",2000.00%,"$49,725.60","$43,263.02","$6,462.58",UPI,July,7,2025,87.00%,,,,
11268,1/11/2025,1213.00,Customer 413,Chennai,Tamil Nadu,206.00,Laptop,Electronics,5.00,"$3,124.00 ",0.00%,"$15,620.00","$11,783.65","$3,836.35",Cash,January,1,2025,75.44%,,,,
11269,6/30/2026,1224.00,Customer 314,Delhi,Delhi,265.00,Desk,Furniture,5.00,"$19,296.00 ",1500.00%,"$82,008.00","$50,182.72","$31,825.28",Cash,June,6,2026,61.19%,,,,
11270,3/7/2025,1245.00,Customer 483,Mumbai,Maharashtra,224.00,Mouse,Electronics,6.00,"$22,517.00 ",2000.00%,"$108,081.60","$66,191.59","$41,890.01",Credit Card,March,3,2025,61.24%,,,,
11271,11/19/2025,1437.00,Customer 6,Pune,Maharashtra,223.00,Notebook,Office,6.00,"$19,734.00 ",0.00%,"$118,404.00","$79,909.47","$38,494.53",UPI,November,11,2025,67.49%,,,,
11272,9/3/2026,1167.00,Customer 140,Hyderabad,Telangana,282.00,Laptop,Electronics,3.00,"$5,904.00 ",2000.00%,"$14,169.60","$9,593.81","$4,575.79",Cash,September,9,2026,67.71%,,,,
11273,10/21/2026,1081.00,Customer 487,Bengaluru,Karnataka,266.00,Table,Furniture,1.00,"$20,476.00 ",1000.00%,"$18,428.40","$11,648.41","$6,779.99",Debit Card,October,10,2026,63.21%,,,,
11274,3/31/2025,1353.00,Customer 271,Hyderabad,Telangana,259.00,Desk,Furniture,1.00,"$5,672.00 ",1500.00%,"$4,821.20","$3,294.12","$1,527.08",Credit Card,March,3,2025,68.33%,,,,
11275,5/20/2026,1428.00,Customer 475,Pune,Maharashtra,261.00,Desk,Furniture,5.00,"$12,678.00 ",1000.00%,"$57,051.00","$45,512.69","$11,538.31",Cash,May,5,2026,79.78%,,,,
11276,9/14/2025,1458.00,Customer 180,Bengaluru,Karnataka,219.00,Keyboard,Electronics,7.00,"$42,516.00 ",0.00%,"$297,612.00","$230,888.72","$66,723.28",UPI,September,9,2025,77.58%,,,,
11277,11/28/2026,1391.00,Customer 400,Mumbai,Maharashtra,252.00,Table,Furniture,5.00,$720.00 ,0.00%,"$3,600.00","$2,220.04","$1,379.96",Debit Card,November,11,2026,61.67%,,,,
11278,1/15/2026,1249.00,Customer 171,Mumbai,Maharashtra,235.00,Notebook,Office,3.00,"$28,733.00 ",0.00%,"$86,199.00","$73,048.34","$13,150.66",UPI,January,1,2026,84.74%,,,,
11279,12/20/2025,1216.00,Customer 203,Delhi,Delhi,281.00,Desk,Furniture,1.00,"$40,505.00 ",0.00%,"$40,505.00","$27,454.37","$13,050.63",Debit Card,December,12,2025,67.78%,,,,
11280,5/3/2025,1409.00,Customer 373,Pune,Maharashtra,276.00,Chair,Furniture,4.00,"$49,582.00 ",500.00%,"$188,411.60","$142,294.74","$46,116.86",UPI,May,5,2025,75.52%,,,,
11281,7/25/2025,1093.00,Customer 403,Mumbai,Maharashtra,203.00,Desk,Furniture,7.00,"$43,473.00 ",500.00%,"$289,095.45","$234,495.65","$54,599.80",Cash,July,7,2025,81.11%,,,,
11282,5/11/2025,1249.00,Customer 80,Mumbai,Maharashtra,297.00,Paper,Office,1.00,"$29,966.00 ",2000.00%,"$23,972.80","$14,821.17","$9,151.63",Cash,May,5,2025,61.82%,,,,
11283,6/13/2026,1311.00,Customer 396,Pune,Maharashtra,293.00,Keyboard,Electronics,3.00,"$16,760.00 ",2000.00%,"$40,224.00","$24,511.56","$15,712.44",Cash,June,6,2026,60.94%,,,,
11284,5/21/2026,1371.00,Customer 275,Delhi,Delhi,299.00,Table,Furniture,3.00,"$19,131.00 ",1500.00%,"$48,784.05","$35,222.49","$13,561.56",Cash,May,5,2026,72.20%,,,,
11285,9/8/2025,1013.00,Customer 28,Pune,Maharashtra,224.00,Desk,Furniture,1.00,"$27,059.00 ",1500.00%,"$23,000.15","$15,055.29","$7,944.86",Credit Card,September,9,2025,65.46%,,,,
11286,4/18/2025,1091.00,Customer 64,Delhi,Delhi,288.00,Paper,Office,1.00,"$10,645.00 ",1000.00%,"$9,580.50","$7,786.49","$1,794.01",Cash,April,4,2025,81.27%,,,,
11287,7/5/2026,1449.00,Customer 330,Chennai,Tamil Nadu,204.00,Chair,Furniture,5.00,"$37,013.00 ",500.00%,"$175,811.75","$149,149.81","$26,661.94",Credit Card,July,7,2026,84.83%,,,,
11288,5/10/2025,1355.00,Customer 441,Pune,Maharashtra,295.00,Table,Furniture,6.00,"$35,433.00 ",1500.00%,"$180,708.30","$138,532.07","$42,176.23",Debit Card,May,5,2025,76.66%,,,,
11289,8/2/2025,1344.00,Customer 421,Hyderabad,Telangana,290.00,Notebook,Office,1.00,"$41,003.00 ",1000.00%,"$36,902.70","$27,710.62","$9,192.08",UPI,August,8,2025,75.09%,,,,
11290,11/22/2026,1050.00,Customer 302,Pune,Maharashtra,212.00,Desk,Furniture,3.00,"$41,002.00 ",500.00%,"$116,855.70","$71,877.01","$44,978.69",UPI,November,11,2026,61.51%,,,,
11291,11/30/2026,1430.00,Customer 141,Pune,Maharashtra,222.00,Desk,Furniture,7.00,"$19,063.00 ",0.00%,"$133,441.00","$92,620.59","$40,820.41",UPI,November,11,2026,69.41%,,,,
11292,2/10/2026,1248.00,Customer 19,Hyderabad,Telangana,296.00,Notebook,Office,2.00,"$33,099.00 ",2000.00%,"$52,958.40","$36,224.40","$16,734.00",Debit Card,February,2,2026,68.40%,,,,
11293,2/7/2025,1039.00,Customer 48,Bengaluru,Karnataka,270.00,Paper,Office,6.00,"$1,888.00 ",0.00%,"$11,328.00","$7,329.38","$3,998.62",Debit Card,February,2,2025,64.70%,,,,
11294,12/18/2026,1489.00,Customer 395,Bengaluru,Karnataka,227.00,Chair,Furniture,6.00,"$20,546.00 ",1000.00%,"$110,948.40","$68,133.39","$42,815.01",Credit Card,December,12,2026,61.41%,,,,
11295,3/25/2026,1361.00,Customer 271,Chennai,Tamil Nadu,215.00,Paper,Office,4.00,"$30,940.00 ",0.00%,"$123,760.00","$110,280.25","$13,479.75",Credit Card,March,3,2026,89.11%,,,,
11296,3/25/2025,1192.00,Customer 167,Chennai,Tamil Nadu,242.00,Mouse,Electronics,7.00,$920.00 ,1000.00%,"$5,796.00","$3,857.93","$1,938.07",Credit Card,March,3,2025,66.56%,,,,
11297,10/30/2026,1486.00,Customer 235,Bengaluru,Karnataka,222.00,Chair,Furniture,1.00,"$8,715.00 ",500.00%,"$8,279.25","$6,165.18","$2,114.07",Cash,October,10,2026,74.47%,,,,
11298,4/9/2025,1487.00,Customer 228,Mumbai,Maharashtra,240.00,Chair,Furniture,3.00,"$44,349.00 ",1500.00%,"$113,089.95","$82,231.46","$30,858.49",Debit Card,April,4,2025,72.71%,,,,
11299,10/29/2026,1145.00,Customer 408,Bengaluru,Karnataka,281.00,Laptop,Electronics,2.00,"$6,262.00 ",2000.00%,"$10,019.20","$7,879.60","$2,139.60",Debit Card,October,10,2026,78.65%,,,,
11300,6/26/2025,1403.00,Customer 140,Bengaluru,Karnataka,229.00,Chair,Furniture,1.00,"$45,350.00 ",1000.00%,"$40,815.00","$29,283.07","$11,531.93",UPI,June,6,2025,71.75%,,,,
11301,10/23/2025,1196.00,Customer 401,Hyderabad,Telangana,224.00,Pen,Office,3.00,"$9,611.00 ",0.00%,"$28,833.00","$24,898.47","$3,934.53",Debit Card,October,10,2025,86.35%,,,,
11302,3/20/2025,1423.00,Customer 19,Delhi,Delhi,270.00,Desk,Furniture,1.00,$347.00 ,2000.00%,$277.60,$198.92,$78.68,Cash,March,3,2025,71.66%,,,,
11303,10/8/2026,1473.00,Customer 23,Bengaluru,Karnataka,247.00,Notebook,Office,5.00,"$11,309.00 ",2000.00%,"$45,236.00","$35,775.69","$9,460.31",Credit Card,October,10,2026,79.09%,,,,
11304,6/2/2025,1389.00,Customer 154,Hyderabad,Telangana,226.00,Notebook,Office,3.00,"$14,498.00 ",500.00%,"$41,319.30","$34,656.49","$6,662.81",UPI,June,6,2025,83.87%,,,,
11305,3/18/2025,1144.00,Customer 21,Hyderabad,Telangana,250.00,Notebook,Office,2.00,"$47,320.00 ",2000.00%,"$75,712.00","$55,281.29","$20,430.71",UPI,March,3,2025,73.02%,,,,
11306,12/10/2025,1320.00,Customer 98,Mumbai,Maharashtra,230.00,Desk,Furniture,4.00,"$16,456.00 ",500.00%,"$62,532.80","$45,515.52","$17,017.28",UPI,December,12,2025,72.79%,,,,
11307,6/24/2025,1038.00,Customer 166,Chennai,Tamil Nadu,295.00,Laptop,Electronics,4.00,"$5,481.00 ",500.00%,"$20,827.80","$12,843.10","$7,984.70",Credit Card,June,6,2025,61.66%,,,,
11308,11/26/2026,1442.00,Customer 250,Hyderabad,Telangana,299.00,Keyboard,Electronics,4.00,"$48,542.00 ",1000.00%,"$174,751.20","$155,097.46","$19,653.74",UPI,November,11,2026,88.75%,,,,
11309,7/16/2026,1161.00,Customer 179,Pune,Maharashtra,258.00,Keyboard,Electronics,1.00,"$3,999.00 ",1000.00%,"$3,599.10","$3,114.70",$484.40,UPI,July,7,2026,86.54%,,,,
11310,2/13/2026,1147.00,Customer 301,Mumbai,Maharashtra,235.00,Paper,Office,8.00,"$24,906.00 ",0.00%,"$199,248.00","$174,208.18","$25,039.82",UPI,February,2,2026,87.43%,,,,
11311,7/31/2026,1456.00,Customer 471,Bengaluru,Karnataka,228.00,Paper,Office,4.00,"$28,657.00 ",500.00%,"$108,896.60","$75,213.26","$33,683.34",Credit Card,July,7,2026,69.07%,,,,
11312,3/31/2026,1416.00,Customer 401,Bengaluru,Karnataka,266.00,Pen,Office,2.00,"$47,207.00 ",0.00%,"$94,414.00","$76,006.98","$18,407.02",Cash,March,3,2026,80.50%,,,,
11313,4/8/2026,1242.00,Customer 374,Chennai,Tamil Nadu,240.00,Pen,Office,4.00,"$1,297.00 ",1000.00%,"$4,669.20","$3,132.63","$1,536.57",Cash,April,4,2026,67.09%,,,,
11314,2/17/2026,1154.00,Customer 347,Delhi,Delhi,273.00,Chair,Furniture,6.00,"$16,318.00 ",1500.00%,"$83,221.80","$49,965.01","$33,256.79",UPI,February,2,2026,60.04%,,,,
11315,4/18/2026,1182.00,Customer 128,Bengaluru,Karnataka,258.00,Pen,Office,2.00,"$30,373.00 ",500.00%,"$57,708.70","$37,475.75","$20,232.95",UPI,April,4,2026,64.94%,,,,
11316,2/7/2025,1146.00,Customer 254,Pune,Maharashtra,276.00,Paper,Office,7.00,"$41,557.00 ",2000.00%,"$232,719.20","$143,761.14","$88,958.06",Cash,February,2,2025,61.77%,,,,
11317,4/8/2026,1159.00,Customer 93,Pune,Maharashtra,208.00,Paper,Office,6.00,"$39,948.00 ",500.00%,"$227,703.60","$203,956.69","$23,746.91",Credit Card,April,4,2026,89.57%,,,,
11318,3/23/2025,1189.00,Customer 371,Chennai,Tamil Nadu,265.00,Notebook,Office,4.00,"$32,876.00 ",1500.00%,"$111,778.40","$92,130.80","$19,647.60",UPI,March,3,2025,82.42%,,,,
11319,2/21/2026,1037.00,Customer 63,Chennai,Tamil Nadu,204.00,Paper,Office,3.00,"$6,543.00 ",0.00%,"$19,629.00","$14,633.94","$4,995.06",Cash,February,2,2026,74.55%,,,,
11320,6/30/2025,1390.00,Customer 143,Chennai,Tamil Nadu,285.00,Pen,Office,3.00,"$27,003.00 ",1000.00%,"$72,908.10","$60,374.90","$12,533.20",UPI,June,6,2025,82.81%,,,,
11321,4/3/2026,1040.00,Customer 211,Hyderabad,Telangana,203.00,Pen,Office,2.00,"$9,093.00 ",500.00%,"$17,276.70","$11,966.02","$5,310.68",Cash,April,4,2026,69.26%,,,,
11322,1/13/2026,1310.00,Customer 11,Mumbai,Maharashtra,248.00,Chair,Furniture,1.00,"$27,857.00 ",0.00%,"$27,857.00","$22,490.13","$5,366.87",Credit Card,January,1,2026,80.73%,,,,
11323,10/2/2026,1121.00,Customer 172,Bengaluru,Karnataka,221.00,Paper,Office,2.00,"$45,992.00 ",2000.00%,"$73,587.20","$59,788.51","$13,798.69",Credit Card,October,10,2026,81.25%,,,,
11324,1/16/2026,1123.00,Customer 6,Delhi,Delhi,235.00,Notebook,Office,6.00,"$3,094.00 ",500.00%,"$17,635.80","$12,641.69","$4,994.11",Cash,January,1,2026,71.68%,,,,
11325,6/22/2026,1396.00,Customer 462,Chennai,Tamil Nadu,286.00,Table,Furniture,6.00,"$10,452.00 ",2000.00%,"$50,169.60","$35,525.12","$14,644.48",Cash,June,6,2026,70.81%,,,,
11326,9/10/2026,1145.00,Customer 421,Pune,Maharashtra,254.00,Notebook,Office,8.00,"$17,653.00 ",1500.00%,"$120,040.40","$106,556.39","$13,484.01",UPI,September,9,2026,88.77%,,,,
11327,6/27/2025,1119.00,Customer 123,Hyderabad,Telangana,289.00,Laptop,Electronics,8.00,"$23,582.00 ",1500.00%,"$160,357.60","$141,008.34","$19,349.26",Debit Card,June,6,2025,87.93%,,,,
11328,9/28/2026,1239.00,Customer 84,Mumbai,Maharashtra,279.00,Keyboard,Electronics,6.00,"$47,787.00 ",0.00%,"$286,722.00","$178,048.31","$108,673.69",Debit Card,September,9,2026,62.10%,,,,
11329,11/2/2026,1387.00,Customer 301,Hyderabad,Telangana,236.00,Monitor,Electronics,8.00,"$4,371.00 ",1000.00%,"$31,471.20","$28,268.35","$3,202.85",Debit Card,November,11,2026,89.82%,,,,
11330,7/22/2025,1283.00,Customer 10,Delhi,Delhi,247.00,Chair,Furniture,1.00,"$8,257.00 ",1000.00%,"$7,431.30","$5,856.52","$1,574.78",Credit Card,July,7,2025,78.81%,,,,
11331,9/14/2026,1070.00,Customer 109,Mumbai,Maharashtra,230.00,Notebook,Office,3.00,"$34,370.00 ",0.00%,"$103,110.00","$68,939.85","$34,170.15",Credit Card,September,9,2026,66.86%,,,,
11332,2/8/2026,1354.00,Customer 246,Bengaluru,Karnataka,290.00,Monitor,Electronics,5.00,"$34,917.00 ",0.00%,"$174,585.00","$105,784.32","$68,800.68",Cash,February,2,2026,60.59%,,,,
11333,8/10/2025,1059.00,Customer 492,Bengaluru,Karnataka,269.00,Mouse,Electronics,3.00,"$45,443.00 ",500.00%,"$129,512.55","$77,902.11","$51,610.44",Cash,August,8,2025,60.15%,,,,
11334,4/2/2025,1457.00,Customer 302,Chennai,Tamil Nadu,202.00,Pen,Office,7.00,"$21,165.00 ",0.00%,"$148,155.00","$106,420.26","$41,734.74",UPI,April,4,2025,71.83%,,,,
11335,3/22/2026,1143.00,Customer 9,Bengaluru,Karnataka,290.00,Mouse,Electronics,1.00,"$48,255.00 ",1000.00%,"$43,429.50","$31,575.13","$11,854.37",Cash,March,3,2026,72.70%,,,,
11336,9/26/2025,1494.00,Customer 455,Hyderabad,Telangana,212.00,Chair,Furniture,8.00,"$9,535.00 ",2000.00%,"$61,024.00","$38,206.06","$22,817.94",UPI,September,9,2025,62.61%,,,,
11337,7/1/2026,1197.00,Customer 318,Delhi,Delhi,248.00,Notebook,Office,5.00,"$1,680.00 ",0.00%,"$8,400.00","$7,547.05",$852.95,Credit Card,July,7,2026,89.85%,,,,
11338,7/30/2025,1143.00,Customer 63,Mumbai,Maharashtra,294.00,Notebook,Office,8.00,"$41,448.00 ",0.00%,"$331,584.00","$233,126.20","$98,457.80",Credit Card,July,7,2025,70.31%,,,,
11339,12/5/2026,1020.00,Customer 333,Bengaluru,Karnataka,235.00,Pen,Office,1.00,"$31,369.00 ",0.00%,"$31,369.00","$24,622.53","$6,746.47",Credit Card,December,12,2026,78.49%,,,,
11340,9/20/2026,1267.00,Customer 269,Bengaluru,Karnataka,221.00,Chair,Furniture,2.00,"$5,778.00 ",1000.00%,"$10,400.40","$7,692.12","$2,708.28",Debit Card,September,9,2026,73.96%,,,,
11341,5/22/2026,1146.00,Customer 50,Chennai,Tamil Nadu,267.00,Pen,Office,3.00,"$37,843.00 ",2000.00%,"$90,823.20","$62,143.80","$28,679.40",Cash,May,5,2026,68.42%,,,,
11342,5/7/2026,1200.00,Customer 155,Hyderabad,Telangana,288.00,Keyboard,Electronics,1.00,"$13,325.00 ",500.00%,"$12,658.75","$11,168.42","$1,490.33",Credit Card,May,5,2026,88.23%,,,,
11343,5/27/2026,1428.00,Customer 119,Hyderabad,Telangana,238.00,Chair,Furniture,6.00,"$48,023.00 ",2000.00%,"$230,510.40","$168,913.33","$61,597.07",Credit Card,May,5,2026,73.28%,,,,
11344,6/4/2026,1488.00,Customer 161,Pune,Maharashtra,237.00,Laptop,Electronics,1.00,$838.00 ,2000.00%,$670.40,$490.96,$179.44,Cash,June,6,2026,73.23%,,,,
11345,7/29/2026,1257.00,Customer 323,Pune,Maharashtra,247.00,Notebook,Office,7.00,"$36,949.00 ",0.00%,"$258,643.00","$159,673.00","$98,970.00",Debit Card,July,7,2026,61.73%,,,,
11346,3/28/2025,1132.00,Customer 278,Mumbai,Maharashtra,219.00,Monitor,Electronics,7.00,"$3,709.00 ",0.00%,"$25,963.00","$18,236.22","$7,726.78",Debit Card,March,3,2025,70.24%,,,,
11347,8/31/2026,1185.00,Customer 268,Bengaluru,Karnataka,232.00,Pen,Office,7.00,"$42,787.00 ",1500.00%,"$254,582.65","$159,790.11","$94,792.54",UPI,August,8,2026,62.77%,,,,
11348,9/28/2026,1309.00,Customer 214,Chennai,Tamil Nadu,238.00,Pen,Office,4.00,"$22,000.00 ",1000.00%,"$79,200.00","$64,953.71","$14,246.29",UPI,September,9,2026,82.01%,,,,
11349,6/11/2025,1357.00,Customer 330,Hyderabad,Telangana,255.00,Table,Furniture,5.00,"$3,465.00 ",500.00%,"$16,458.75","$12,637.97","$3,820.78",UPI,June,6,2025,76.79%,,,,
11350,2/28/2025,1293.00,Customer 388,Chennai,Tamil Nadu,274.00,Keyboard,Electronics,6.00,"$27,426.00 ",0.00%,"$164,556.00","$145,708.31","$18,847.69",UPI,February,2,2025,88.55%,,,,
11351,12/18/2026,1212.00,Customer 490,Pune,Maharashtra,255.00,Paper,Office,5.00,"$28,341.00 ",2000.00%,"$113,364.00","$83,662.38","$29,701.62",Cash,December,12,2026,73.80%,,,,
11352,8/5/2025,1454.00,Customer 413,Mumbai,Maharashtra,274.00,Laptop,Electronics,7.00,"$34,913.00 ",1000.00%,"$219,951.90","$189,930.79","$30,021.11",Debit Card,August,8,2025,86.35%,,,,
11353,6/12/2025,1289.00,Customer 137,Pune,Maharashtra,278.00,Keyboard,Electronics,3.00,"$23,156.00 ",2000.00%,"$55,574.40","$40,895.77","$14,678.63",Credit Card,June,6,2025,73.59%,,,,
11354,10/24/2025,1156.00,Customer 69,Delhi,Delhi,263.00,Paper,Office,5.00,"$5,053.00 ",2000.00%,"$20,212.00","$15,757.85","$4,454.15",UPI,October,10,2025,77.96%,,,,
11355,6/23/2025,1167.00,Customer 233,Delhi,Delhi,230.00,Monitor,Electronics,2.00,"$49,140.00 ",1000.00%,"$88,452.00","$64,451.65","$24,000.35",UPI,June,6,2025,72.87%,,,,
11356,6/29/2026,1401.00,Customer 394,Chennai,Tamil Nadu,272.00,Desk,Furniture,1.00,"$21,263.00 ",2000.00%,"$17,010.40","$13,739.58","$3,270.82",Credit Card,June,6,2026,80.77%,,,,
11357,10/16/2025,1353.00,Customer 367,Hyderabad,Telangana,249.00,Chair,Furniture,7.00,"$14,343.00 ",0.00%,"$100,401.00","$79,374.53","$21,026.47",Cash,October,10,2025,79.06%,,,,
11358,10/14/2025,1238.00,Customer 359,Delhi,Delhi,253.00,Notebook,Office,6.00,"$31,998.00 ",2000.00%,"$153,590.40","$132,618.74","$20,971.66",Debit Card,October,10,2025,86.35%,,,,
11359,12/5/2025,1202.00,Customer 164,Chennai,Tamil Nadu,219.00,Mouse,Electronics,4.00,"$38,455.00 ",500.00%,"$146,129.00","$110,844.48","$35,284.52",UPI,December,12,2025,75.85%,,,,
11360,1/24/2026,1440.00,Customer 380,Delhi,Delhi,253.00,Table,Furniture,4.00,"$34,155.00 ",0.00%,"$136,620.00","$106,576.07","$30,043.93",Cash,January,1,2026,78.01%,,,,
11361,3/14/2026,1469.00,Customer 195,Mumbai,Maharashtra,269.00,Monitor,Electronics,6.00,"$26,048.00 ",500.00%,"$148,473.60","$114,930.66","$33,542.94",UPI,March,3,2026,77.41%,,,,
11362,9/24/2026,1155.00,Customer 441,Hyderabad,Telangana,268.00,Laptop,Electronics,3.00,"$36,257.00 ",1000.00%,"$97,893.90","$81,337.35","$16,556.55",Credit Card,September,9,2026,83.09%,,,,
11363,5/2/2026,1453.00,Customer 119,Mumbai,Maharashtra,212.00,Laptop,Electronics,3.00,"$19,103.00 ",1000.00%,"$51,578.10","$42,598.66","$8,979.44",UPI,May,5,2026,82.59%,,,,
11364,5/26/2025,1480.00,Customer 93,Pune,Maharashtra,201.00,Mouse,Electronics,7.00,"$30,914.00 ",2000.00%,"$173,118.40","$136,121.41","$36,996.99",Cash,May,5,2025,78.63%,,,,
11365,11/27/2025,1136.00,Customer 76,Pune,Maharashtra,225.00,Table,Furniture,5.00,"$23,517.00 ",1000.00%,"$105,826.50","$78,355.34","$27,471.16",UPI,November,11,2025,74.04%,,,,
11366,2/16/2026,1465.00,Customer 406,Hyderabad,Telangana,286.00,Desk,Furniture,1.00,"$8,387.00 ",1000.00%,"$7,548.30","$5,785.17","$1,763.13",Debit Card,February,2,2026,76.64%,,,,
11367,1/31/2026,1478.00,Customer 98,Pune,Maharashtra,253.00,Pen,Office,7.00,"$12,419.00 ",0.00%,"$86,933.00","$70,010.52","$16,922.48",UPI,January,1,2026,80.53%,,,,
11368,9/7/2026,1065.00,Customer 125,Mumbai,Maharashtra,277.00,Chair,Furniture,7.00,"$24,110.00 ",500.00%,"$160,331.50","$103,264.96","$57,066.54",Cash,September,9,2026,64.41%,,,,
11369,5/19/2025,1287.00,Customer 462,Mumbai,Maharashtra,248.00,Table,Furniture,8.00,"$36,246.00 ",500.00%,"$275,469.60","$247,000.12","$28,469.48",Debit Card,May,5,2025,89.67%,,,,
11370,9/1/2025,1158.00,Customer 496,Hyderabad,Telangana,263.00,Notebook,Office,8.00,"$29,431.00 ",2000.00%,"$188,358.40","$155,092.20","$33,266.20",Debit Card,September,9,2025,82.34%,,,,
11371,9/17/2026,1131.00,Customer 388,Delhi,Delhi,292.00,Paper,Office,2.00,"$12,274.00 ",2000.00%,"$19,638.40","$14,448.29","$5,190.11",Cash,September,9,2026,73.57%,,,,
11372,7/1/2025,1345.00,Customer 264,Chennai,Tamil Nadu,269.00,Pen,Office,8.00,"$35,060.00 ",1000.00%,"$252,432.00","$217,632.50","$34,799.50",Debit Card,July,7,2025,86.21%,,,,
11373,12/25/2025,1494.00,Customer 268,Mumbai,Maharashtra,227.00,Keyboard,Electronics,6.00,"$41,050.00 ",2000.00%,"$197,040.00","$160,658.34","$36,381.66",Debit Card,December,12,2025,81.54%,,,,
11374,10/24/2026,1049.00,Customer 302,Bengaluru,Karnataka,264.00,Chair,Furniture,8.00,"$45,232.00 ",500.00%,"$343,763.20","$302,695.07","$41,068.13",UPI,October,10,2026,88.05%,,,,
11375,4/16/2025,1021.00,Customer 152,Hyderabad,Telangana,295.00,Desk,Furniture,1.00,"$42,235.00 ",2000.00%,"$33,788.00","$27,354.69","$6,433.31",Cash,April,4,2025,80.96%,,,,
11376,1/7/2026,1316.00,Customer 112,Hyderabad,Telangana,216.00,Paper,Office,1.00,"$42,831.00 ",500.00%,"$40,689.45","$26,667.67","$14,021.78",Cash,January,1,2026,65.54%,,,,
11377,7/28/2026,1019.00,Customer 371,Delhi,Delhi,300.00,Table,Furniture,3.00,"$10,948.00 ",0.00%,"$32,844.00","$20,523.61","$12,320.39",Debit Card,July,7,2026,62.49%,,,,
11378,2/7/2026,1403.00,Customer 295,Delhi,Delhi,220.00,Desk,Furniture,2.00,$229.00 ,2000.00%,$366.40,$253.87,$112.53,Cash,February,2,2026,69.29%,,,,
11379,5/25/2025,1227.00,Customer 13,Pune,Maharashtra,276.00,Table,Furniture,8.00,"$8,615.00 ",1500.00%,"$58,582.00","$50,007.93","$8,574.07",Cash,May,5,2025,85.36%,,,,
11380,2/26/2026,1139.00,Customer 428,Chennai,Tamil Nadu,202.00,Table,Furniture,8.00,"$20,209.00 ",500.00%,"$153,588.40","$110,697.63","$42,890.77",Credit Card,February,2,2026,72.07%,,,,
11381,2/24/2026,1362.00,Customer 396,Pune,Maharashtra,236.00,Chair,Furniture,3.00,"$48,589.00 ",1500.00%,"$123,901.95","$101,067.10","$22,834.85",UPI,February,2,2026,81.57%,,,,
11382,4/29/2026,1483.00,Customer 230,Pune,Maharashtra,206.00,Keyboard,Electronics,5.00,"$11,080.00 ",0.00%,"$55,400.00","$41,510.32","$13,889.68",Cash,April,4,2026,74.93%,,,,
11383,7/20/2025,1290.00,Customer 71,Delhi,Delhi,209.00,Chair,Furniture,4.00,"$38,126.00 ",500.00%,"$144,878.80","$124,031.66","$20,847.14",Debit Card,July,7,2025,85.61%,,,,
11384,7/18/2025,1024.00,Customer 398,Delhi,Delhi,291.00,Pen,Office,7.00,"$21,200.00 ",2000.00%,"$118,720.00","$94,949.90","$23,770.10",Cash,July,7,2025,79.98%,,,,
11385,5/27/2026,1085.00,Customer 181,Mumbai,Maharashtra,203.00,Chair,Furniture,3.00,"$37,459.00 ",500.00%,"$106,758.15","$78,949.09","$27,809.06",Cash,May,5,2026,73.95%,,,,
11386,4/6/2026,1006.00,Customer 282,Chennai,Tamil Nadu,252.00,Notebook,Office,6.00,"$44,308.00 ",1000.00%,"$239,263.20","$153,363.96","$85,899.24",Cash,April,4,2026,64.10%,,,,
11387,12/20/2026,1457.00,Customer 495,Mumbai,Maharashtra,240.00,Desk,Furniture,6.00,"$36,024.00 ",2000.00%,"$172,915.20","$103,761.03","$69,154.17",Debit Card,December,12,2026,60.01%,,,,
11388,1/14/2026,1086.00,Customer 25,Chennai,Tamil Nadu,211.00,Monitor,Electronics,3.00,"$34,579.00 ",0.00%,"$103,737.00","$87,167.68","$16,569.32",Cash,January,1,2026,84.03%,,,,
11389,1/10/2025,1088.00,Customer 466,Chennai,Tamil Nadu,291.00,Paper,Office,1.00,"$12,556.00 ",2000.00%,"$10,044.80","$7,279.37","$2,765.43",UPI,January,1,2025,72.47%,,,,
11390,12/20/2025,1312.00,Customer 54,Bengaluru,Karnataka,238.00,Pen,Office,6.00,"$9,224.00 ",2000.00%,"$44,275.20","$27,223.49","$17,051.71",UPI,December,12,2025,61.49%,,,,
11391,9/24/2026,1374.00,Customer 348,Chennai,Tamil Nadu,276.00,Table,Furniture,5.00,"$41,141.00 ",2000.00%,"$164,564.00","$117,259.54","$47,304.46",Cash,September,9,2026,71.25%,,,,
11392,1/10/2026,1209.00,Customer 500,Chennai,Tamil Nadu,208.00,Paper,Office,6.00,"$7,423.00 ",500.00%,"$42,311.10","$37,634.17","$4,676.93",Cash,January,1,2026,88.95%,,,,
11393,1/24/2025,1450.00,Customer 498,Mumbai,Maharashtra,291.00,Chair,Furniture,7.00,"$24,678.00 ",1000.00%,"$155,471.40","$119,566.43","$35,904.97",Credit Card,January,1,2025,76.91%,,,,
11394,9/18/2025,1140.00,Customer 76,Chennai,Tamil Nadu,284.00,Desk,Furniture,2.00,"$16,929.00 ",1500.00%,"$28,779.30","$25,746.64","$3,032.66",Credit Card,September,9,2025,89.46%,,,,
11395,4/5/2026,1023.00,Customer 354,Hyderabad,Telangana,229.00,Keyboard,Electronics,2.00,$207.00 ,2000.00%,$331.20,$276.85,$54.35,UPI,April,4,2026,83.59%,,,,
11396,10/3/2025,1159.00,Customer 414,Delhi,Delhi,251.00,Pen,Office,2.00,"$11,280.00 ",1500.00%,"$19,176.00","$11,549.59","$7,626.41",Debit Card,October,10,2025,60.23%,,,,
11397,2/3/2025,1094.00,Customer 231,Pune,Maharashtra,256.00,Chair,Furniture,6.00,"$38,851.00 ",500.00%,"$221,450.70","$189,842.87","$31,607.83",Debit Card,February,2,2025,85.73%,,,,
11398,6/23/2026,1326.00,Customer 474,Delhi,Delhi,278.00,Pen,Office,5.00,"$27,934.00 ",1500.00%,"$118,719.50","$98,149.11","$20,570.39",UPI,June,6,2026,82.67%,,,,
11399,8/11/2026,1489.00,Customer 391,Chennai,Tamil Nadu,253.00,Pen,Office,2.00,"$28,352.00 ",2000.00%,"$45,363.20","$32,516.85","$12,846.35",Debit Card,August,8,2026,71.68%,,,,
11400,6/16/2025,1436.00,Customer 8,Chennai,Tamil Nadu,291.00,Paper,Office,5.00,"$29,542.00 ",2000.00%,"$118,168.00","$72,412.28","$45,755.72",Cash,June,6,2025,61.28%,,,,
11401,12/29/2025,1123.00,Customer 206,Chennai,Tamil Nadu,293.00,Laptop,Electronics,5.00,"$35,405.00 ",500.00%,"$168,173.75","$148,114.80","$20,058.95",Cash,December,12,2025,88.07%,,,,
11402,3/26/2026,1027.00,Customer 416,Bengaluru,Karnataka,204.00,Table,Furniture,5.00,"$29,741.00 ",1500.00%,"$126,399.25","$110,272.48","$16,126.77",UPI,March,3,2026,87.24%,,,,
11403,11/15/2025,1327.00,Customer 55,Delhi,Delhi,238.00,Monitor,Electronics,1.00,"$41,881.00 ",500.00%,"$39,786.95","$28,907.87","$10,879.08",Cash,November,11,2025,72.66%,,,,
11404,4/1/2026,1376.00,Customer 226,Bengaluru,Karnataka,277.00,Chair,Furniture,4.00,"$4,560.00 ",2000.00%,"$14,592.00","$9,360.24","$5,231.76",Credit Card,April,4,2026,64.15%,,,,
11405,11/11/2025,1288.00,Customer 496,Chennai,Tamil Nadu,225.00,Desk,Furniture,2.00,"$36,804.00 ",2000.00%,"$58,886.40","$51,814.92","$7,071.48",Debit Card,November,11,2025,87.99%,,,,
11406,4/16/2025,1365.00,Customer 289,Chennai,Tamil Nadu,284.00,Keyboard,Electronics,7.00,"$25,815.00 ",1500.00%,"$153,599.25","$112,182.11","$41,417.14",Credit Card,April,4,2025,73.04%,,,,
11407,2/8/2026,1392.00,Customer 289,Mumbai,Maharashtra,270.00,Table,Furniture,8.00,"$24,217.00 ",2000.00%,"$154,988.80","$100,042.37","$54,946.43",Credit Card,February,2,2026,64.55%,,,,
11408,5/26/2026,1496.00,Customer 410,Chennai,Tamil Nadu,271.00,Desk,Furniture,7.00,"$39,719.00 ",1500.00%,"$236,328.05","$173,389.54","$62,938.51",UPI,May,5,2026,73.37%,,,,
11409,7/26/2026,1173.00,Customer 199,Chennai,Tamil Nadu,264.00,Mouse,Electronics,5.00,"$47,188.00 ",2000.00%,"$188,752.00","$163,826.60","$24,925.40",Credit Card,July,7,2026,86.79%,,,,
11410,8/11/2026,1032.00,Customer 70,Pune,Maharashtra,290.00,Chair,Furniture,1.00,"$8,622.00 ",0.00%,"$8,622.00","$6,921.10","$1,700.90",UPI,August,8,2026,80.27%,,,,
11411,2/2/2026,1349.00,Customer 318,Mumbai,Maharashtra,289.00,Notebook,Office,6.00,"$32,103.00 ",0.00%,"$192,618.00","$132,091.09","$60,526.91",UPI,February,2,2026,68.58%,,,,
11412,3/25/2026,1425.00,Customer 299,Delhi,Delhi,247.00,Table,Furniture,5.00,"$33,585.00 ",500.00%,"$159,528.75","$135,826.30","$23,702.45",Cash,March,3,2026,85.14%,,,,
11413,2/6/2026,1002.00,Customer 468,Chennai,Tamil Nadu,244.00,Notebook,Office,3.00,"$1,796.00 ",1000.00%,"$4,849.20","$3,874.30",$974.90,UPI,February,2,2026,79.90%,,,,
11414,2/10/2025,1150.00,Customer 210,Pune,Maharashtra,230.00,Paper,Office,2.00,"$20,918.00 ",1000.00%,"$37,652.40","$25,067.82","$12,584.58",Cash,February,2,2025,66.58%,,,,
11415,7/23/2025,1470.00,Customer 307,Chennai,Tamil Nadu,234.00,Desk,Furniture,4.00,"$14,285.00 ",2000.00%,"$45,712.00","$39,980.83","$5,731.17",Debit Card,July,7,2025,87.46%,,,,
11416,3/18/2025,1170.00,Customer 457,Chennai,Tamil Nadu,234.00,Notebook,Office,3.00,"$37,847.00 ",2000.00%,"$90,832.80","$69,487.08","$21,345.72",UPI,March,3,2025,76.50%,,,,
11417,1/1/2025,1321.00,Customer 413,Hyderabad,Telangana,273.00,Desk,Furniture,8.00,"$33,372.00 ",500.00%,"$253,627.20","$222,516.06","$31,111.14",UPI,January,1,2025,87.73%,,,,
11418,11/4/2025,1383.00,Customer 389,Hyderabad,Telangana,227.00,Desk,Furniture,1.00,"$46,409.00 ",1500.00%,"$39,447.65","$26,329.95","$13,117.70",Debit Card,November,11,2025,66.75%,,,,
11419,5/3/2025,1271.00,Customer 475,Pune,Maharashtra,295.00,Notebook,Office,1.00,"$12,343.00 ",1000.00%,"$11,108.70","$6,996.62","$4,112.08",Cash,May,5,2025,62.98%,,,,
11420,5/19/2026,1103.00,Customer 177,Chennai,Tamil Nadu,265.00,Table,Furniture,8.00,"$20,355.00 ",1500.00%,"$138,414.00","$116,214.25","$22,199.75",Debit Card,May,5,2026,83.96%,,,,
11421,11/19/2026,1457.00,Customer 54,Mumbai,Maharashtra,234.00,Desk,Furniture,6.00,"$9,821.00 ",1500.00%,"$50,087.10","$34,398.49","$15,688.61",Cash,November,11,2026,68.68%,,,,
11422,12/18/2025,1390.00,Customer 2,Pune,Maharashtra,254.00,Table,Furniture,7.00,"$37,077.00 ",1500.00%,"$220,608.15","$133,649.69","$86,958.46",Debit Card,December,12,2025,60.58%,,,,
11423,8/20/2026,1061.00,Customer 427,Bengaluru,Karnataka,235.00,Mouse,Electronics,3.00,"$38,885.00 ",0.00%,"$116,655.00","$92,925.35","$23,729.65",Cash,August,8,2026,79.66%,,,,
11424,3/8/2025,1277.00,Customer 197,Delhi,Delhi,247.00,Table,Furniture,5.00,"$47,751.00 ",0.00%,"$238,755.00","$183,349.61","$55,405.39",Debit Card,March,3,2025,76.79%,,,,
11425,7/9/2025,1236.00,Customer 403,Chennai,Tamil Nadu,273.00,Notebook,Office,4.00,"$47,002.00 ",0.00%,"$188,008.00","$159,208.27","$28,799.73",UPI,July,7,2025,84.68%,,,,
11426,12/23/2025,1292.00,Customer 483,Chennai,Tamil Nadu,274.00,Desk,Furniture,2.00,"$32,496.00 ",1000.00%,"$58,492.80","$45,045.86","$13,446.94",Debit Card,December,12,2025,77.01%,,,,
11427,9/23/2026,1025.00,Customer 136,Chennai,Tamil Nadu,242.00,Mouse,Electronics,6.00,"$9,306.00 ",2000.00%,"$44,668.80","$30,762.67","$13,906.13",UPI,September,9,2026,68.87%,,,,
11428,1/15/2025,1249.00,Customer 458,Bengaluru,Karnataka,257.00,Keyboard,Electronics,3.00,"$7,574.00 ",1500.00%,"$19,313.70","$11,608.99","$7,704.71",UPI,January,1,2025,60.11%,,,,
11429,1/19/2025,1281.00,Customer 231,Bengaluru,Karnataka,276.00,Pen,Office,2.00,"$30,666.00 ",0.00%,"$61,332.00","$48,219.59","$13,112.41",Credit Card,January,1,2025,78.62%,,,,
11430,9/10/2026,1362.00,Customer 376,Chennai,Tamil Nadu,265.00,Mouse,Electronics,8.00,"$46,963.00 ",2000.00%,"$300,563.20","$187,752.76","$112,810.44",Credit Card,September,9,2026,62.47%,,,,
11431,10/11/2025,1475.00,Customer 241,Bengaluru,Karnataka,223.00,Pen,Office,5.00,"$24,136.00 ",500.00%,"$114,646.00","$100,265.37","$14,380.63",Credit Card,October,10,2025,87.46%,,,,
11432,9/21/2026,1472.00,Customer 417,Bengaluru,Karnataka,298.00,Desk,Furniture,4.00,"$38,544.00 ",0.00%,"$154,176.00","$114,960.08","$39,215.92",Cash,September,9,2026,74.56%,,,,
11433,12/2/2025,1162.00,Customer 279,Pune,Maharashtra,209.00,Pen,Office,8.00,"$35,876.00 ",0.00%,"$287,008.00","$236,023.69","$50,984.31",Credit Card,December,12,2025,82.24%,,,,
11434,6/23/2025,1313.00,Customer 331,Bengaluru,Karnataka,209.00,Table,Furniture,8.00,"$34,556.00 ",0.00%,"$276,448.00","$215,785.72","$60,662.28",UPI,June,6,2025,78.06%,,,,
11435,2/21/2026,1452.00,Customer 248,Hyderabad,Telangana,250.00,Chair,Furniture,4.00,"$11,281.00 ",500.00%,"$42,867.80","$38,364.64","$4,503.16",Credit Card,February,2,2026,89.50%,,,,
11436,1/28/2026,1308.00,Customer 481,Chennai,Tamil Nadu,288.00,Pen,Office,5.00,"$9,553.00 ",1500.00%,"$40,600.25","$26,948.70","$13,651.55",Cash,January,1,2026,66.38%,,,,
11437,6/16/2025,1083.00,Customer 159,Mumbai,Maharashtra,283.00,Notebook,Office,7.00,"$15,321.00 ",500.00%,"$101,884.65","$63,187.08","$38,697.57",Cash,June,6,2025,62.02%,,,,
11438,10/13/2026,1322.00,Customer 75,Pune,Maharashtra,236.00,Notebook,Office,4.00,"$41,062.00 ",0.00%,"$164,248.00","$110,709.14","$53,538.86",Cash,October,10,2026,67.40%,,,,
11439,2/1/2026,1283.00,Customer 88,Delhi,Delhi,215.00,Notebook,Office,2.00,"$15,398.00 ",500.00%,"$29,256.20","$24,861.05","$4,395.15",Cash,February,2,2026,84.98%,,,,
11440,10/21/2026,1206.00,Customer 219,Pune,Maharashtra,295.00,Monitor,Electronics,8.00,"$1,470.00 ",500.00%,"$11,172.00","$8,121.89","$3,050.11",UPI,October,10,2026,72.70%,,,,
11441,8/14/2025,1498.00,Customer 252,Delhi,Delhi,270.00,Pen,Office,5.00,"$12,391.00 ",500.00%,"$58,857.25","$42,464.09","$16,393.16",Cash,August,8,2025,72.15%,,,,
11442,9/20/2025,1137.00,Customer 189,Chennai,Tamil Nadu,219.00,Notebook,Office,7.00,"$35,641.00 ",500.00%,"$237,012.65","$163,334.10","$73,678.55",Credit Card,September,9,2025,68.91%,,,,
11443,2/20/2026,1214.00,Customer 128,Bengaluru,Karnataka,270.00,Desk,Furniture,4.00,"$24,209.00 ",2000.00%,"$77,468.80","$65,545.42","$11,923.38",Cash,February,2,2026,84.61%,,,,
11444,1/26/2025,1136.00,Customer 363,Pune,Maharashtra,277.00,Monitor,Electronics,7.00,"$49,501.00 ",2000.00%,"$277,205.60","$191,885.03","$85,320.57",Cash,January,1,2025,69.22%,,,,
11445,1/4/2026,1019.00,Customer 130,Chennai,Tamil Nadu,284.00,Paper,Office,7.00,"$5,160.00 ",1500.00%,"$30,702.00","$26,317.33","$4,384.67",Credit Card,January,1,2026,85.72%,,,,
11446,9/10/2026,1120.00,Customer 403,Mumbai,Maharashtra,225.00,Keyboard,Electronics,6.00,"$4,721.00 ",2000.00%,"$22,660.80","$20,174.14","$2,486.66",Debit Card,September,9,2026,89.03%,,,,
11447,11/29/2026,1094.00,Customer 484,Bengaluru,Karnataka,286.00,Pen,Office,8.00,"$3,210.00 ",0.00%,"$25,680.00","$15,471.87","$10,208.13",Credit Card,November,11,2026,60.25%,,,,
11448,12/19/2025,1448.00,Customer 190,Chennai,Tamil Nadu,223.00,Keyboard,Electronics,2.00,"$9,707.00 ",0.00%,"$19,414.00","$14,805.99","$4,608.01",Cash,December,12,2025,76.26%,,,,
11449,4/27/2026,1156.00,Customer 38,Mumbai,Maharashtra,214.00,Table,Furniture,5.00,"$22,050.00 ",1500.00%,"$93,712.50","$70,289.21","$23,423.29",Credit Card,April,4,2026,75.01%,,,,
11450,11/8/2026,1453.00,Customer 250,Mumbai,Maharashtra,234.00,Paper,Office,1.00,"$43,470.00 ",0.00%,"$43,470.00","$35,625.45","$7,844.55",Debit Card,November,11,2026,81.95%,,,,
11451,9/15/2026,1020.00,Customer 187,Bengaluru,Karnataka,254.00,Laptop,Electronics,7.00,"$25,073.00 ",2000.00%,"$140,408.80","$96,309.66","$44,099.14",Credit Card,September,9,2026,68.59%,,,,
11452,11/22/2026,1328.00,Customer 482,Pune,Maharashtra,204.00,Paper,Office,1.00,"$17,679.00 ",1000.00%,"$15,911.10","$10,244.45","$5,666.65",Credit Card,November,11,2026,64.39%,,,,
11453,2/4/2026,1434.00,Customer 345,Mumbai,Maharashtra,213.00,Chair,Furniture,8.00,"$46,967.00 ",500.00%,"$356,949.20","$287,967.91","$68,981.29",UPI,February,2,2026,80.67%,,,,
11454,2/7/2025,1445.00,Customer 360,Mumbai,Maharashtra,206.00,Paper,Office,4.00,"$28,074.00 ",0.00%,"$112,296.00","$75,315.76","$36,980.24",Cash,February,2,2025,67.07%,,,,
11455,11/11/2025,1082.00,Customer 168,Mumbai,Maharashtra,252.00,Mouse,Electronics,8.00,"$9,209.00 ",2000.00%,"$58,937.60","$41,430.78","$17,506.82",Cash,November,11,2025,70.30%,,,,
11456,1/8/2025,1136.00,Customer 307,Chennai,Tamil Nadu,204.00,Desk,Furniture,6.00,"$26,884.00 ",500.00%,"$153,238.80","$122,981.49","$30,257.31",Credit Card,January,1,2025,80.25%,,,,
11457,2/2/2026,1070.00,Customer 183,Mumbai,Maharashtra,266.00,Desk,Furniture,7.00,"$34,244.00 ",1000.00%,"$215,737.20","$145,212.88","$70,524.32",Debit Card,February,2,2026,67.31%,,,,
11458,10/7/2026,1258.00,Customer 313,Mumbai,Maharashtra,213.00,Laptop,Electronics,4.00,"$36,895.00 ",1000.00%,"$132,822.00","$116,742.04","$16,079.96",UPI,October,10,2026,87.89%,,,,
11459,2/7/2025,1172.00,Customer 352,Chennai,Tamil Nadu,299.00,Monitor,Electronics,3.00,"$38,553.00 ",2000.00%,"$92,527.20","$62,958.93","$29,568.27",UPI,February,2,2025,68.04%,,,,
11460,6/19/2026,1163.00,Customer 310,Delhi,Delhi,274.00,Monitor,Electronics,6.00,"$40,199.00 ",0.00%,"$241,194.00","$204,188.47","$37,005.53",UPI,June,6,2026,84.66%,,,,
11461,1/2/2026,1119.00,Customer 481,Bengaluru,Karnataka,209.00,Chair,Furniture,1.00,"$46,919.00 ",0.00%,"$46,919.00","$34,193.32","$12,725.68",Cash,January,1,2026,72.88%,,,,
11462,6/7/2025,1263.00,Customer 113,Mumbai,Maharashtra,232.00,Pen,Office,4.00,"$19,622.00 ",500.00%,"$74,563.60","$60,529.43","$14,034.17",Debit Card,June,6,2025,81.18%,,,,
11463,5/22/2025,1236.00,Customer 309,Mumbai,Maharashtra,222.00,Table,Furniture,5.00,"$21,784.00 ",2000.00%,"$87,136.00","$77,981.11","$9,154.89",Credit Card,May,5,2025,89.49%,,,,
11464,10/17/2026,1021.00,Customer 91,Hyderabad,Telangana,204.00,Keyboard,Electronics,6.00,"$23,910.00 ",1500.00%,"$121,941.00","$94,060.17","$27,880.83",Credit Card,October,10,2026,77.14%,,,,
11465,6/24/2025,1449.00,Customer 117,Mumbai,Maharashtra,298.00,Keyboard,Electronics,4.00,"$5,097.00 ",0.00%,"$20,388.00","$17,594.21","$2,793.79",Cash,June,6,2025,86.30%,,,,
11466,5/4/2025,1045.00,Customer 9,Mumbai,Maharashtra,298.00,Pen,Office,2.00,"$14,884.00 ",500.00%,"$28,279.60","$22,857.69","$5,421.91",Credit Card,May,5,2025,80.83%,,,,
11467,9/24/2026,1114.00,Customer 327,Hyderabad,Telangana,217.00,Desk,Furniture,2.00,"$4,535.00 ",2000.00%,"$7,256.00","$5,409.78","$1,846.22",Credit Card,September,9,2026,74.56%,,,,
11468,5/23/2025,1101.00,Customer 227,Mumbai,Maharashtra,262.00,Desk,Furniture,6.00,"$48,120.00 ",500.00%,"$274,284.00","$164,603.09","$109,680.91",Debit Card,May,5,2025,60.01%,,,,
11469,8/24/2025,1395.00,Customer 395,Bengaluru,Karnataka,257.00,Paper,Office,7.00,"$22,055.00 ",0.00%,"$154,385.00","$129,870.85","$24,514.15",Credit Card,August,8,2025,84.12%,,,,
11470,12/7/2026,1258.00,Customer 152,Pune,Maharashtra,293.00,Keyboard,Electronics,3.00,"$22,170.00 ",1000.00%,"$59,859.00","$38,680.67","$21,178.33",Cash,December,12,2026,64.62%,,,,
11471,8/19/2026,1080.00,Customer 32,Chennai,Tamil Nadu,252.00,Notebook,Office,6.00,"$46,293.00 ",0.00%,"$277,758.00","$174,274.07","$103,483.93",Cash,August,8,2026,62.74%,,,,
11472,9/16/2025,1487.00,Customer 366,Pune,Maharashtra,205.00,Pen,Office,6.00,"$34,064.00 ",1000.00%,"$183,945.60","$123,904.13","$60,041.47",Debit Card,September,9,2025,67.36%,,,,
11473,5/11/2025,1382.00,Customer 130,Mumbai,Maharashtra,271.00,Pen,Office,8.00,"$26,061.00 ",500.00%,"$198,063.60","$155,444.48","$42,619.12",Credit Card,May,5,2025,78.48%,,,,
11474,8/16/2026,1386.00,Customer 58,Mumbai,Maharashtra,294.00,Notebook,Office,7.00,"$49,761.00 ",0.00%,"$348,327.00","$261,548.82","$86,778.18",Cash,August,8,2026,75.09%,,,,
11475,6/18/2026,1387.00,Customer 69,Mumbai,Maharashtra,214.00,Laptop,Electronics,6.00,"$38,209.00 ",500.00%,"$217,791.30","$172,844.81","$44,946.49",Cash,June,6,2026,79.36%,,,,
11476,2/12/2026,1166.00,Customer 198,Delhi,Delhi,281.00,Monitor,Electronics,5.00,"$25,076.00 ",500.00%,"$119,111.00","$71,909.67","$47,201.33",Debit Card,February,2,2026,60.37%,,,,
11477,7/20/2025,1104.00,Customer 374,Bengaluru,Karnataka,285.00,Paper,Office,7.00,"$14,192.00 ",2000.00%,"$79,475.20","$53,542.79","$25,932.41",Debit Card,July,7,2025,67.37%,,,,
11478,7/17/2025,1119.00,Customer 63,Mumbai,Maharashtra,293.00,Paper,Office,5.00,"$9,991.00 ",1500.00%,"$42,461.75","$31,946.67","$10,515.08",Cash,July,7,2025,75.24%,,,,
11479,6/2/2026,1113.00,Customer 57,Pune,Maharashtra,207.00,Notebook,Office,4.00,"$26,432.00 ",2000.00%,"$84,582.40","$55,644.97","$28,937.43",Debit Card,June,6,2026,65.79%,,,,
11480,6/21/2025,1231.00,Customer 375,Mumbai,Maharashtra,249.00,Pen,Office,4.00,"$34,612.00 ",1500.00%,"$117,680.80","$77,641.05","$40,039.75",Cash,June,6,2025,65.98%,,,,
11481,12/9/2026,1188.00,Customer 303,Pune,Maharashtra,232.00,Table,Furniture,6.00,"$36,648.00 ",500.00%,"$208,893.60","$138,765.97","$70,127.63",Cash,December,12,2026,66.43%,,,,
11482,7/13/2026,1272.00,Customer 356,Pune,Maharashtra,256.00,Desk,Furniture,1.00,"$30,078.00 ",0.00%,"$30,078.00","$20,718.09","$9,359.91",Credit Card,July,7,2026,68.88%,,,,
11483,4/9/2025,1271.00,Customer 449,Delhi,Delhi,267.00,Notebook,Office,8.00,"$15,925.00 ",2000.00%,"$101,920.00","$82,373.32","$19,546.68",Cash,April,4,2025,80.82%,,,,
11484,10/17/2025,1078.00,Customer 453,Chennai,Tamil Nadu,299.00,Notebook,Office,7.00,"$27,375.00 ",500.00%,"$182,043.75","$133,717.92","$48,325.83",UPI,October,10,2025,73.45%,,,,
11485,10/6/2026,1212.00,Customer 374,Delhi,Delhi,265.00,Chair,Furniture,4.00,"$29,396.00 ",2000.00%,"$94,067.20","$59,539.62","$34,527.58",Debit Card,October,10,2026,63.29%,,,,
11486,6/3/2025,1459.00,Customer 44,Delhi,Delhi,299.00,Mouse,Electronics,3.00,"$26,441.00 ",1500.00%,"$67,424.55","$42,203.42","$25,221.13",UPI,June,6,2025,62.59%,,,,
11487,5/13/2026,1046.00,Customer 111,Delhi,Delhi,253.00,Notebook,Office,4.00,"$44,349.00 ",1000.00%,"$159,656.40","$106,035.58","$53,620.82",Cash,May,5,2026,66.41%,,,,
11488,8/5/2025,1347.00,Customer 473,Chennai,Tamil Nadu,256.00,Keyboard,Electronics,6.00,"$29,524.00 ",1000.00%,"$159,429.60","$123,034.87","$36,394.73",UPI,August,8,2025,77.17%,,,,
11489,7/7/2025,1051.00,Customer 295,Bengaluru,Karnataka,222.00,Table,Furniture,2.00,"$27,686.00 ",1500.00%,"$47,066.20","$41,085.58","$5,980.62",Credit Card,July,7,2025,87.29%,,,,
11490,11/4/2025,1189.00,Customer 356,Hyderabad,Telangana,248.00,Keyboard,Electronics,4.00,"$41,813.00 ",2000.00%,"$133,801.60","$85,471.49","$48,330.11",Debit Card,November,11,2025,63.88%,,,,
11491,2/16/2026,1199.00,Customer 13,Pune,Maharashtra,207.00,Notebook,Office,1.00,"$16,800.00 ",1500.00%,"$14,280.00","$12,530.43","$1,749.57",UPI,February,2,2026,87.75%,,,,
11492,12/3/2025,1224.00,Customer 399,Chennai,Tamil Nadu,224.00,Notebook,Office,5.00,"$11,271.00 ",1000.00%,"$50,719.50","$43,199.15","$7,520.35",Cash,December,12,2025,85.17%,,,,
11493,11/6/2025,1065.00,Customer 60,Hyderabad,Telangana,225.00,Table,Furniture,6.00,"$4,121.00 ",0.00%,"$24,726.00","$21,518.92","$3,207.08",UPI,November,11,2025,87.03%,,,,
11494,7/1/2026,1115.00,Customer 145,Delhi,Delhi,230.00,Monitor,Electronics,7.00,"$45,206.00 ",1500.00%,"$268,975.70","$185,524.18","$83,451.52",UPI,July,7,2026,68.97%,,,,
11495,2/5/2025,1210.00,Customer 247,Chennai,Tamil Nadu,267.00,Mouse,Electronics,3.00,"$15,239.00 ",1000.00%,"$41,145.30","$26,122.13","$15,023.17",Debit Card,February,2,2025,63.49%,,,,
11496,2/12/2025,1248.00,Customer 53,Hyderabad,Telangana,278.00,Table,Furniture,3.00,"$23,330.00 ",0.00%,"$69,990.00","$57,879.40","$12,110.60",Cash,February,2,2025,82.70%,,,,
11497,3/2/2025,1328.00,Customer 206,Delhi,Delhi,292.00,Paper,Office,2.00,"$4,255.00 ",1500.00%,"$7,233.50","$4,736.39","$2,497.11",Credit Card,March,3,2025,65.48%,,,,
11498,8/29/2026,1164.00,Customer 470,Pune,Maharashtra,254.00,Chair,Furniture,2.00,"$24,075.00 ",1000.00%,"$43,335.00","$28,327.59","$15,007.41",Debit Card,August,8,2026,65.37%,,,,
11499,4/12/2025,1235.00,Customer 457,Pune,Maharashtra,280.00,Notebook,Office,8.00,"$28,495.00 ",1000.00%,"$205,164.00","$164,388.97","$40,775.03",Credit Card,April,4,2025,80.13%,,,,
11500,1/21/2026,1334.00,Customer 133,Chennai,Tamil Nadu,207.00,Paper,Office,2.00,"$19,040.00 ",1500.00%,"$32,368.00","$26,015.81","$6,352.19",Cash,January,1,2026,80.38%,,,,
11501,8/3/2025,1345.00,Customer 147,Hyderabad,Telangana,203.00,Notebook,Office,8.00,"$40,144.00 ",500.00%,"$305,094.40","$183,741.78","$121,352.62",Credit Card,August,8,2025,60.22%,,,,
11502,8/16/2026,1173.00,Customer 34,Bengaluru,Karnataka,262.00,Paper,Office,1.00,"$17,105.00 ",500.00%,"$16,249.75","$10,212.75","$6,037.00",Credit Card,August,8,2026,62.85%,,,,
11503,9/21/2026,1473.00,Customer 395,Chennai,Tamil Nadu,241.00,Laptop,Electronics,7.00,"$35,761.00 ",2000.00%,"$200,261.60","$153,396.97","$46,864.63",Cash,September,9,2026,76.60%,,,,
11504,10/31/2026,1250.00,Customer 346,Delhi,Delhi,252.00,Desk,Furniture,8.00,"$6,354.00 ",0.00%,"$50,832.00","$41,552.31","$9,279.69",Cash,October,10,2026,81.74%,,,,
11505,3/24/2026,1253.00,Customer 205,Chennai,Tamil Nadu,201.00,Pen,Office,7.00,"$26,962.00 ",500.00%,"$179,297.30","$135,259.64","$44,037.66",UPI,March,3,2026,75.44%,,,,
11506,7/21/2025,1211.00,Customer 176,Pune,Maharashtra,212.00,Pen,Office,7.00,"$25,163.00 ",2000.00%,"$140,912.80","$92,935.62","$47,977.18",UPI,July,7,2025,65.95%,,,,
11507,5/2/2025,1324.00,Customer 405,Bengaluru,Karnataka,247.00,Pen,Office,2.00,"$15,803.00 ",500.00%,"$30,025.70","$24,456.33","$5,569.37",Cash,May,5,2025,81.45%,,,,
11508,7/29/2025,1129.00,Customer 378,Mumbai,Maharashtra,243.00,Laptop,Electronics,1.00,"$23,040.00 ",0.00%,"$23,040.00","$15,585.70","$7,454.30",Debit Card,July,7,2025,67.65%,,,,
11509,6/16/2026,1147.00,Customer 217,Pune,Maharashtra,263.00,Notebook,Office,8.00,"$12,027.00 ",1000.00%,"$86,594.40","$60,557.06","$26,037.34",Credit Card,June,6,2026,69.93%,,,,
11510,4/7/2025,1306.00,Customer 118,Bengaluru,Karnataka,244.00,Desk,Furniture,4.00,"$14,625.00 ",0.00%,"$58,500.00","$48,262.17","$10,237.83",Debit Card,April,4,2025,82.50%,,,,
11511,5/29/2025,1184.00,Customer 295,Chennai,Tamil Nadu,246.00,Pen,Office,2.00,"$15,954.00 ",0.00%,"$31,908.00","$19,915.08","$11,992.92",Credit Card,May,5,2025,62.41%,,,,
11512,5/25/2025,1243.00,Customer 18,Delhi,Delhi,232.00,Desk,Furniture,6.00,"$35,760.00 ",1000.00%,"$193,104.00","$127,917.95","$65,186.05",Credit Card,May,5,2025,66.24%,,,,
11513,7/9/2025,1153.00,Customer 279,Bengaluru,Karnataka,227.00,Chair,Furniture,1.00,"$22,866.00 ",1500.00%,"$19,436.10","$16,326.48","$3,109.62",Cash,July,7,2025,84.00%,,,,
11514,9/29/2026,1254.00,Customer 58,Bengaluru,Karnataka,273.00,Chair,Furniture,7.00,"$45,414.00 ",1000.00%,"$286,108.20","$217,130.13","$68,978.07",Cash,September,9,2026,75.89%,,,,
11515,3/5/2026,1286.00,Customer 431,Mumbai,Maharashtra,252.00,Notebook,Office,3.00,"$16,963.00 ",1500.00%,"$43,255.65","$28,190.90","$15,064.75",Credit Card,March,3,2026,65.17%,,,,
11516,4/11/2025,1360.00,Customer 213,Hyderabad,Telangana,215.00,Chair,Furniture,5.00,"$42,417.00 ",1000.00%,"$190,876.50","$126,597.29","$64,279.21",Cash,April,4,2025,66.32%,,,,
11517,3/22/2025,1414.00,Customer 181,Hyderabad,Telangana,256.00,Chair,Furniture,4.00,"$34,605.00 ",500.00%,"$131,499.00","$100,254.65","$31,244.35",UPI,March,3,2025,76.24%,,,,
11518,8/31/2025,1220.00,Customer 312,Mumbai,Maharashtra,209.00,Desk,Furniture,7.00,"$47,484.00 ",0.00%,"$332,388.00","$282,376.87","$50,011.13",UPI,August,8,2025,84.95%,,,,
11519,7/16/2025,1477.00,Customer 234,Pune,Maharashtra,264.00,Pen,Office,5.00,"$10,329.00 ",2000.00%,"$41,316.00","$30,761.43","$10,554.57",Credit Card,July,7,2025,74.45%,,,,
11520,3/7/2025,1387.00,Customer 250,Pune,Maharashtra,212.00,Monitor,Electronics,8.00,"$38,040.00 ",0.00%,"$304,320.00","$228,319.12","$76,000.88",Cash,March,3,2025,75.03%,,,,
11521,12/23/2026,1212.00,Customer 146,Hyderabad,Telangana,229.00,Pen,Office,3.00,"$18,903.00 ",1000.00%,"$51,038.10","$36,306.00","$14,732.10",Cash,December,12,2026,71.14%,,,,
11522,8/25/2025,1246.00,Customer 73,Mumbai,Maharashtra,284.00,Desk,Furniture,1.00,"$45,561.00 ",0.00%,"$45,561.00","$34,228.96","$11,332.04",Debit Card,August,8,2025,75.13%,,,,
11523,11/13/2025,1119.00,Customer 395,Bengaluru,Karnataka,257.00,Mouse,Electronics,1.00,"$32,010.00 ",2000.00%,"$25,608.00","$20,623.28","$4,984.72",UPI,November,11,2025,80.53%,,,,
11524,6/5/2026,1305.00,Customer 297,Hyderabad,Telangana,265.00,Table,Furniture,2.00,"$33,196.00 ",0.00%,"$66,392.00","$42,466.56","$23,925.44",Cash,June,6,2026,63.96%,,,,
11525,2/3/2026,1069.00,Customer 102,Delhi,Delhi,239.00,Keyboard,Electronics,5.00,"$24,851.00 ",1500.00%,"$105,616.75","$85,703.63","$19,913.12",Debit Card,February,2,2026,81.15%,,,,
11526,11/22/2026,1432.00,Customer 289,Mumbai,Maharashtra,212.00,Monitor,Electronics,8.00,"$8,165.00 ",0.00%,"$65,320.00","$57,836.50","$7,483.50",Debit Card,November,11,2026,88.54%,,,,
11527,5/17/2025,1341.00,Customer 437,Pune,Maharashtra,207.00,Chair,Furniture,4.00,"$44,249.00 ",1000.00%,"$159,296.40","$103,917.43","$55,378.97",UPI,May,5,2025,65.24%,,,,
11528,6/30/2026,1339.00,Customer 157,Delhi,Delhi,213.00,Monitor,Electronics,1.00,"$30,520.00 ",500.00%,"$28,994.00","$25,852.01","$3,141.99",Cash,June,6,2026,89.16%,,,,
11529,7/23/2025,1071.00,Customer 22,Delhi,Delhi,256.00,Desk,Furniture,2.00,"$7,018.00 ",0.00%,"$14,036.00","$12,356.36","$1,679.64",UPI,July,7,2025,88.03%,,,,
11530,3/3/2026,1236.00,Customer 335,Hyderabad,Telangana,231.00,Pen,Office,8.00,"$13,614.00 ",1500.00%,"$92,575.20","$56,224.67","$36,350.53",Cash,March,3,2026,60.73%,,,,
11531,5/2/2026,1168.00,Customer 168,Hyderabad,Telangana,282.00,Monitor,Electronics,5.00,"$32,739.00 ",0.00%,"$163,695.00","$124,318.57","$39,376.43",Debit Card,May,5,2026,75.95%,,,,
11532,9/26/2026,1088.00,Customer 499,Mumbai,Maharashtra,220.00,Table,Furniture,8.00,"$11,950.00 ",2000.00%,"$76,480.00","$51,743.58","$24,736.42",UPI,September,9,2026,67.66%,,,,
11533,9/20/2026,1446.00,Customer 255,Chennai,Tamil Nadu,215.00,Table,Furniture,4.00,"$1,045.00 ",1000.00%,"$3,762.00","$3,141.93",$620.07,Debit Card,September,9,2026,83.52%,,,,
11534,3/28/2025,1057.00,Customer 240,Chennai,Tamil Nadu,296.00,Paper,Office,6.00,"$17,788.00 ",500.00%,"$101,391.60","$81,059.84","$20,331.76",Debit Card,March,3,2025,79.95%,,,,
11535,7/24/2026,1219.00,Customer 212,Hyderabad,Telangana,246.00,Table,Furniture,5.00,"$44,053.00 ",1000.00%,"$198,238.50","$153,892.61","$44,345.89",Debit Card,July,7,2026,77.63%,,,,
11536,12/15/2026,1094.00,Customer 144,Chennai,Tamil Nadu,207.00,Desk,Furniture,3.00,"$30,793.00 ",1000.00%,"$83,141.10","$64,018.53","$19,122.57",Cash,December,12,2026,77.00%,,,,
11537,3/11/2026,1102.00,Customer 55,Chennai,Tamil Nadu,232.00,Laptop,Electronics,7.00,"$14,193.00 ",0.00%,"$99,351.00","$82,247.99","$17,103.01",Debit Card,March,3,2026,82.79%,,,,
11538,2/20/2026,1485.00,Customer 43,Mumbai,Maharashtra,255.00,Notebook,Office,1.00,"$18,014.00 ",500.00%,"$17,113.30","$11,958.11","$5,155.19",Credit Card,February,2,2026,69.88%,,,,
11539,5/24/2025,1352.00,Customer 315,Mumbai,Maharashtra,292.00,Desk,Furniture,6.00,"$2,894.00 ",2000.00%,"$13,891.20","$8,636.44","$5,254.76",Debit Card,May,5,2025,62.17%,,,,
11540,9/28/2026,1379.00,Customer 21,Mumbai,Maharashtra,229.00,Desk,Furniture,1.00,"$13,781.00 ",1000.00%,"$12,402.90","$9,482.25","$2,920.65",UPI,September,9,2026,76.45%,,,,
11541,10/22/2026,1052.00,Customer 321,Delhi,Delhi,278.00,Paper,Office,7.00,"$38,772.00 ",0.00%,"$271,404.00","$208,604.45","$62,799.55",Credit Card,October,10,2026,76.86%,,,,
11542,4/25/2026,1102.00,Customer 347,Hyderabad,Telangana,250.00,Desk,Furniture,6.00,"$37,989.00 ",1000.00%,"$205,140.60","$135,667.09","$69,473.51",Credit Card,April,4,2026,66.13%,,,,
11543,5/30/2026,1248.00,Customer 235,Mumbai,Maharashtra,248.00,Keyboard,Electronics,4.00,"$8,549.00 ",0.00%,"$34,196.00","$23,720.93","$10,475.07",Cash,May,5,2026,69.37%,,,,
11544,6/15/2026,1442.00,Customer 147,Bengaluru,Karnataka,262.00,Pen,Office,3.00,"$8,373.00 ",0.00%,"$25,119.00","$15,917.85","$9,201.15",Credit Card,June,6,2026,63.37%,,,,
11545,8/12/2025,1405.00,Customer 49,Delhi,Delhi,275.00,Monitor,Electronics,3.00,"$6,258.00 ",2000.00%,"$15,019.20","$9,766.56","$5,252.64",UPI,August,8,2025,65.03%,,,,
11546,4/16/2025,1451.00,Customer 465,Chennai,Tamil Nadu,266.00,Notebook,Office,6.00,"$43,269.00 ",1500.00%,"$220,671.90","$170,921.53","$49,750.37",UPI,April,4,2025,77.46%,,,,
11547,10/3/2026,1151.00,Customer 113,Hyderabad,Telangana,238.00,Pen,Office,5.00,"$41,755.00 ",0.00%,"$208,775.00","$175,931.42","$32,843.58",UPI,October,10,2026,84.27%,,,,
11548,7/28/2026,1456.00,Customer 408,Mumbai,Maharashtra,218.00,Desk,Furniture,7.00,"$48,446.00 ",1500.00%,"$288,253.70","$196,582.21","$91,671.49",Credit Card,July,7,2026,68.20%,,,,
11549,1/15/2025,1278.00,Customer 416,Mumbai,Maharashtra,288.00,Laptop,Electronics,8.00,"$2,430.00 ",0.00%,"$19,440.00","$15,075.15","$4,364.85",Debit Card,January,1,2025,77.55%,,,,
11550,8/4/2025,1397.00,Customer 180,Bengaluru,Karnataka,299.00,Keyboard,Electronics,4.00,"$13,138.00 ",500.00%,"$49,924.40","$35,103.14","$14,821.26",UPI,August,8,2025,70.31%,,,,
11551,4/14/2025,1294.00,Customer 52,Bengaluru,Karnataka,282.00,Paper,Office,7.00,"$48,992.00 ",2000.00%,"$274,355.20","$243,522.22","$30,832.98",Credit Card,April,4,2025,88.76%,,,,
11552,10/29/2026,1431.00,Customer 496,Mumbai,Maharashtra,240.00,Monitor,Electronics,1.00,"$25,821.00 ",1500.00%,"$21,947.85","$16,431.58","$5,516.27",Cash,October,10,2026,74.87%,,,,
11553,2/15/2026,1233.00,Customer 188,Chennai,Tamil Nadu,247.00,Desk,Furniture,1.00,"$11,596.00 ",0.00%,"$11,596.00","$8,470.94","$3,125.06",Credit Card,February,2,2026,73.05%,,,,
11554,10/30/2026,1200.00,Customer 305,Mumbai,Maharashtra,252.00,Keyboard,Electronics,8.00,"$17,756.00 ",1500.00%,"$120,740.80","$104,431.10","$16,309.70",Credit Card,October,10,2026,86.49%,,,,
11555,10/1/2025,1227.00,Customer 204,Hyderabad,Telangana,222.00,Chair,Furniture,6.00,"$32,794.00 ",2000.00%,"$157,411.20","$140,691.21","$16,719.99",Debit Card,October,10,2025,89.38%,,,,
11556,9/19/2025,1051.00,Customer 474,Mumbai,Maharashtra,246.00,Laptop,Electronics,4.00,"$5,974.00 ",2000.00%,"$19,116.80","$12,014.42","$7,102.38",Credit Card,September,9,2025,62.85%,,,,
11557,5/8/2025,1075.00,Customer 495,Mumbai,Maharashtra,249.00,Pen,Office,2.00,"$32,185.00 ",1500.00%,"$54,714.50","$47,360.06","$7,354.44",Debit Card,May,5,2025,86.56%,,,,
11558,8/5/2026,1368.00,Customer 277,Bengaluru,Karnataka,257.00,Pen,Office,5.00,"$20,586.00 ",1500.00%,"$87,490.50","$73,804.91","$13,685.59",Cash,August,8,2026,84.36%,,,,
11559,11/3/2026,1385.00,Customer 500,Delhi,Delhi,273.00,Chair,Furniture,7.00,"$31,136.00 ",2000.00%,"$174,361.60","$120,705.96","$53,655.64",Debit Card,November,11,2026,69.23%,,,,
11560,8/20/2025,1362.00,Customer 4,Pune,Maharashtra,211.00,Chair,Furniture,8.00,"$3,568.00 ",500.00%,"$27,116.80","$16,921.93","$10,194.87",Cash,August,8,2025,62.40%,,,,
11561,3/1/2026,1013.00,Customer 27,Chennai,Tamil Nadu,288.00,Table,Furniture,5.00,"$43,033.00 ",500.00%,"$204,406.75","$170,019.72","$34,387.03",UPI,March,3,2026,83.18%,,,,
11562,1/6/2025,1341.00,Customer 465,Delhi,Delhi,290.00,Desk,Furniture,5.00,"$9,582.00 ",1500.00%,"$40,723.50","$36,161.46","$4,562.04",UPI,January,1,2025,88.80%,,,,
11563,4/11/2025,1391.00,Customer 199,Bengaluru,Karnataka,281.00,Keyboard,Electronics,2.00,"$44,647.00 ",1000.00%,"$80,364.60","$68,744.54","$11,620.06",Credit Card,April,4,2025,85.54%,,,,
11564,11/2/2026,1080.00,Customer 464,Chennai,Tamil Nadu,248.00,Paper,Office,8.00,"$38,848.00 ",1000.00%,"$279,705.60","$178,768.39","$100,937.21",Cash,November,11,2026,63.91%,,,,
11565,1/6/2026,1384.00,Customer 404,Bengaluru,Karnataka,232.00,Laptop,Electronics,1.00,"$18,517.00 ",2000.00%,"$14,813.60","$13,155.97","$1,657.63",UPI,January,1,2026,88.81%,,,,
11566,11/27/2026,1430.00,Customer 386,Delhi,Delhi,213.00,Table,Furniture,8.00,"$38,026.00 ",500.00%,"$288,997.60","$212,330.84","$76,666.76",Debit Card,November,11,2026,73.47%,,,,
11567,12/23/2025,1447.00,Customer 277,Pune,Maharashtra,288.00,Table,Furniture,2.00,"$46,202.00 ",1500.00%,"$78,543.40","$54,295.63","$24,247.77",Cash,December,12,2025,69.13%,,,,
11568,3/27/2025,1407.00,Customer 223,Delhi,Delhi,298.00,Notebook,Office,4.00,"$11,198.00 ",1000.00%,"$40,312.80","$32,007.13","$8,305.67",Cash,March,3,2025,79.40%,,,,
11569,6/27/2026,1361.00,Customer 76,Chennai,Tamil Nadu,240.00,Laptop,Electronics,1.00,"$39,475.00 ",1500.00%,"$33,553.75","$29,469.29","$4,084.46",Cash,June,6,2026,87.83%,,,,
11570,3/7/2026,1056.00,Customer 186,Hyderabad,Telangana,206.00,Desk,Furniture,1.00,"$20,453.00 ",2000.00%,"$16,362.40","$12,493.15","$3,869.25",Debit Card,March,3,2026,76.35%,,,,
11571,10/11/2025,1066.00,Customer 333,Chennai,Tamil Nadu,254.00,Desk,Furniture,2.00,"$7,215.00 ",0.00%,"$14,430.00","$10,598.70","$3,831.30",Cash,October,10,2025,73.45%,,,,
11572,12/21/2025,1207.00,Customer 161,Delhi,Delhi,201.00,Table,Furniture,7.00,"$19,741.00 ",1000.00%,"$124,368.30","$100,468.70","$23,899.60",Credit Card,December,12,2025,80.78%,,,,
11573,8/22/2025,1121.00,Customer 426,Mumbai,Maharashtra,290.00,Chair,Furniture,7.00,"$45,728.00 ",0.00%,"$320,096.00","$229,737.90","$90,358.10",Cash,August,8,2025,71.77%,,,,
11574,2/4/2026,1275.00,Customer 52,Chennai,Tamil Nadu,223.00,Paper,Office,2.00,"$3,533.00 ",0.00%,"$7,066.00","$5,333.78","$1,732.22",Credit Card,February,2,2026,75.49%,,,,
11575,5/15/2025,1394.00,Customer 376,Mumbai,Maharashtra,272.00,Pen,Office,6.00,"$17,951.00 ",500.00%,"$102,320.70","$63,025.79","$39,294.91",Debit Card,May,5,2025,61.60%,,,,
11576,4/25/2026,1345.00,Customer 45,Delhi,Delhi,232.00,Monitor,Electronics,4.00,"$43,961.00 ",1500.00%,"$149,467.40","$122,233.74","$27,233.66",Debit Card,April,4,2026,81.78%,,,,
11577,1/21/2025,1184.00,Customer 110,Mumbai,Maharashtra,223.00,Laptop,Electronics,3.00,"$25,015.00 ",2000.00%,"$60,036.00","$50,316.63","$9,719.37",Debit Card,January,1,2025,83.81%,,,,
11578,4/27/2026,1075.00,Customer 65,Bengaluru,Karnataka,218.00,Pen,Office,1.00,"$17,675.00 ",2000.00%,"$14,140.00","$10,164.37","$3,975.63",Debit Card,April,4,2026,71.88%,,,,
11579,6/14/2026,1221.00,Customer 82,Mumbai,Maharashtra,289.00,Paper,Office,1.00,"$1,581.00 ",500.00%,"$1,501.95","$1,003.57",$498.38,UPI,June,6,2026,66.82%,,,,
11580,2/16/2025,1261.00,Customer 271,Bengaluru,Karnataka,250.00,Table,Furniture,6.00,"$46,998.00 ",1500.00%,"$239,689.80","$202,015.75","$37,674.05",Credit Card,February,2,2025,84.28%,,,,
11581,10/28/2026,1171.00,Customer 279,Delhi,Delhi,237.00,Keyboard,Electronics,6.00,"$27,889.00 ",2000.00%,"$133,867.20","$95,966.93","$37,900.27",Cash,October,10,2026,71.69%,,,,
11582,9/22/2025,1097.00,Customer 106,Hyderabad,Telangana,205.00,Pen,Office,2.00,"$48,495.00 ",0.00%,"$96,990.00","$65,027.62","$31,962.38",Cash,September,9,2025,67.05%,,,,
11583,1/3/2025,1221.00,Customer 438,Pune,Maharashtra,224.00,Pen,Office,3.00,"$8,817.00 ",1500.00%,"$22,483.35","$17,064.14","$5,419.21",UPI,January,1,2025,75.90%,,,,
11584,5/16/2025,1128.00,Customer 118,Chennai,Tamil Nadu,205.00,Paper,Office,7.00,"$35,833.00 ",1000.00%,"$225,747.90","$192,232.23","$33,515.67",Cash,May,5,2025,85.15%,,,,
11585,5/18/2026,1217.00,Customer 424,Pune,Maharashtra,219.00,Pen,Office,1.00,"$32,437.00 ",0.00%,"$32,437.00","$20,716.49","$11,720.51",Credit Card,May,5,2026,63.87%,,,,
11586,10/1/2026,1181.00,Customer 132,Delhi,Delhi,237.00,Notebook,Office,6.00,"$27,209.00 ",500.00%,"$155,091.30","$99,265.36","$55,825.94",UPI,October,10,2026,64.00%,,,,
11587,3/6/2026,1433.00,Customer 375,Hyderabad,Telangana,273.00,Desk,Furniture,1.00,"$38,107.00 ",500.00%,"$36,201.65","$22,660.03","$13,541.62",Cash,March,3,2026,62.59%,,,,
11588,4/4/2026,1440.00,Customer 421,Hyderabad,Telangana,231.00,Notebook,Office,6.00,"$7,492.00 ",0.00%,"$44,952.00","$38,542.22","$6,409.78",Debit Card,April,4,2026,85.74%,,,,
11589,3/26/2026,1093.00,Customer 257,Hyderabad,Telangana,268.00,Pen,Office,8.00,"$41,568.00 ",0.00%,"$332,544.00","$199,792.61","$132,751.39",Cash,March,3,2026,60.08%,,,,
11590,1/20/2026,1255.00,Customer 45,Bengaluru,Karnataka,289.00,Paper,Office,8.00,"$43,339.00 ",1000.00%,"$312,040.80","$234,569.46","$77,471.34",UPI,January,1,2026,75.17%,,,,
11591,8/24/2025,1309.00,Customer 71,Bengaluru,Karnataka,241.00,Desk,Furniture,5.00,"$3,288.00 ",1000.00%,"$14,796.00","$11,626.28","$3,169.72",Cash,August,8,2025,78.58%,,,,
11592,5/18/2025,1225.00,Customer 17,Chennai,Tamil Nadu,232.00,Monitor,Electronics,6.00,"$34,607.00 ",2000.00%,"$166,113.60","$132,590.68","$33,522.92",Credit Card,May,5,2025,79.82%,,,,
11593,9/2/2026,1135.00,Customer 128,Chennai,Tamil Nadu,258.00,Table,Furniture,7.00,"$10,642.00 ",1000.00%,"$67,044.60","$46,589.40","$20,455.20",UPI,September,9,2026,69.49%,,,,
11594,12/13/2025,1077.00,Customer 382,Mumbai,Maharashtra,207.00,Monitor,Electronics,6.00,"$41,599.00 ",2000.00%,"$199,675.20","$121,297.57","$78,377.63",UPI,December,12,2025,60.75%,,,,
11595,1/1/2027,1072.00,Customer 254,Chennai,Tamil Nadu,277.00,Table,Furniture,4.00,"$31,595.00 ",1500.00%,"$107,423.00","$90,840.91","$16,582.09",UPI,January,1,2027,84.56%,,,,
11596,12/23/2026,1313.00,Customer 325,Hyderabad,Telangana,264.00,Pen,Office,5.00,$592.00 ,0.00%,"$2,960.00","$1,956.55","$1,003.45",Cash,December,12,2026,66.10%,,,,
11597,11/26/2026,1079.00,Customer 360,Pune,Maharashtra,210.00,Pen,Office,3.00,"$22,104.00 ",0.00%,"$66,312.00","$51,434.07","$14,877.93",Debit Card,November,11,2026,77.56%,,,,
11598,6/19/2025,1219.00,Customer 388,Chennai,Tamil Nadu,263.00,Chair,Furniture,5.00,"$48,714.00 ",2000.00%,"$194,856.00","$171,289.42","$23,566.58",Credit Card,June,6,2025,87.91%,,,,
11599,1/7/2025,1460.00,Customer 17,Hyderabad,Telangana,277.00,Keyboard,Electronics,2.00,"$41,755.00 ",1500.00%,"$70,983.50","$55,503.60","$15,479.90",Cash,January,1,2025,78.19%,,,,
11600,9/28/2026,1487.00,Customer 218,Pune,Maharashtra,206.00,Keyboard,Electronics,3.00,"$48,623.00 ",0.00%,"$145,869.00","$106,476.46","$39,392.54",Cash,September,9,2026,72.99%,,,,
11601,9/21/2026,1187.00,Customer 24,Bengaluru,Karnataka,271.00,Pen,Office,6.00,"$8,262.00 ",1000.00%,"$44,614.80","$30,834.92","$13,779.88",Debit Card,September,9,2026,69.11%,,,,
11602,3/16/2025,1367.00,Customer 479,Pune,Maharashtra,294.00,Keyboard,Electronics,5.00,"$23,016.00 ",1000.00%,"$103,572.00","$66,670.96","$36,901.04",Credit Card,March,3,2025,64.37%,,,,
11603,7/19/2026,1497.00,Customer 67,Mumbai,Maharashtra,293.00,Notebook,Office,5.00,"$33,243.00 ",2000.00%,"$132,972.00","$83,690.35","$49,281.65",Cash,July,7,2026,62.94%,,,,
11604,5/30/2026,1337.00,Customer 109,Pune,Maharashtra,295.00,Pen,Office,7.00,"$24,443.00 ",0.00%,"$171,101.00","$144,351.99","$26,749.01",Cash,May,5,2026,84.37%,,,,
11605,10/18/2026,1239.00,Customer 168,Pune,Maharashtra,286.00,Notebook,Office,2.00,"$19,578.00 ",1000.00%,"$35,240.40","$29,828.88","$5,411.52",UPI,October,10,2026,84.64%,,,,
11606,12/16/2025,1126.00,Customer 78,Chennai,Tamil Nadu,265.00,Table,Furniture,8.00,"$14,604.00 ",1500.00%,"$99,307.20","$85,851.80","$13,455.40",UPI,December,12,2025,86.45%,,,,
11607,6/22/2025,1021.00,Customer 333,Mumbai,Maharashtra,264.00,Keyboard,Electronics,8.00,"$47,594.00 ",1000.00%,"$342,676.80","$251,762.85","$90,913.95",Debit Card,June,6,2025,73.47%,,,,
11608,7/31/2025,1057.00,Customer 401,Pune,Maharashtra,269.00,Notebook,Office,1.00,"$42,624.00 ",1000.00%,"$38,361.60","$25,854.72","$12,506.88",UPI,July,7,2025,67.40%,,,,
11609,7/19/2025,1374.00,Customer 462,Mumbai,Maharashtra,278.00,Monitor,Electronics,8.00,"$43,553.00 ",500.00%,"$331,002.80","$275,922.97","$55,079.83",Credit Card,July,7,2025,83.36%,,,,
11610,12/2/2026,1256.00,Customer 79,Bengaluru,Karnataka,275.00,Laptop,Electronics,7.00,"$3,623.00 ",1000.00%,"$22,824.90","$19,802.52","$3,022.38",UPI,December,12,2026,86.76%,,,,
11611,7/16/2025,1195.00,Customer 260,Mumbai,Maharashtra,230.00,Desk,Furniture,1.00,"$34,316.00 ",500.00%,"$32,600.20","$25,632.89","$6,967.31",Debit Card,July,7,2025,78.63%,,,,
11612,4/23/2026,1295.00,Customer 155,Delhi,Delhi,298.00,Monitor,Electronics,8.00,"$49,223.00 ",500.00%,"$374,094.80","$295,761.79","$78,333.01",Credit Card,April,4,2026,79.06%,,,,
11613,10/25/2025,1211.00,Customer 149,Bengaluru,Karnataka,286.00,Paper,Office,1.00,"$46,933.00 ",500.00%,"$44,586.35","$29,632.68","$14,953.67",Credit Card,October,10,2025,66.46%,,,,
11614,1/11/2026,1311.00,Customer 243,Chennai,Tamil Nadu,201.00,Table,Furniture,6.00,"$41,542.00 ",1500.00%,"$211,864.20","$152,692.64","$59,171.56",Cash,January,1,2026,72.07%,,,,
11615,5/3/2026,1137.00,Customer 122,Delhi,Delhi,293.00,Pen,Office,6.00,"$24,621.00 ",2000.00%,"$118,180.80","$95,139.11","$23,041.69",Cash,May,5,2026,80.50%,,,,
11616,8/30/2026,1329.00,Customer 17,Mumbai,Maharashtra,213.00,Desk,Furniture,4.00,"$46,352.00 ",2000.00%,"$148,326.40","$102,579.95","$45,746.45",Credit Card,August,8,2026,69.16%,,,,
11617,4/23/2025,1490.00,Customer 337,Mumbai,Maharashtra,223.00,Paper,Office,5.00,$708.00 ,1000.00%,"$3,186.00","$2,066.18","$1,119.82",UPI,April,4,2025,64.85%,,,,
11618,7/14/2026,1154.00,Customer 126,Delhi,Delhi,223.00,Pen,Office,8.00,"$44,434.00 ",1500.00%,"$302,151.20","$265,366.85","$36,784.35",Credit Card,July,7,2026,87.83%,,,,
11619,9/8/2026,1182.00,Customer 109,Chennai,Tamil Nadu,211.00,Paper,Office,5.00,"$14,872.00 ",1000.00%,"$66,924.00","$51,613.92","$15,310.08",Credit Card,September,9,2026,77.12%,,,,
11620,8/12/2025,1478.00,Customer 311,Bengaluru,Karnataka,272.00,Chair,Furniture,1.00,"$32,552.00 ",1500.00%,"$27,669.20","$23,784.03","$3,885.17",Credit Card,August,8,2025,85.96%,,,,
11621,3/15/2026,1192.00,Customer 405,Pune,Maharashtra,236.00,Table,Furniture,3.00,"$5,569.00 ",0.00%,"$16,707.00","$13,186.93","$3,520.07",Cash,March,3,2026,78.93%,,,,
11622,10/27/2026,1480.00,Customer 393,Delhi,Delhi,237.00,Notebook,Office,3.00,"$25,389.00 ",1500.00%,"$64,741.95","$49,346.67","$15,395.28",UPI,October,10,2026,76.22%,,,,
11623,11/2/2026,1406.00,Customer 240,Pune,Maharashtra,272.00,Laptop,Electronics,3.00,"$14,542.00 ",500.00%,"$41,444.70","$33,904.65","$7,540.05",Debit Card,November,11,2026,81.81%,,,,
11624,10/16/2026,1375.00,Customer 3,Chennai,Tamil Nadu,231.00,Notebook,Office,6.00,"$32,765.00 ",0.00%,"$196,590.00","$171,729.61","$24,860.39",Cash,October,10,2026,87.35%,,,,
11625,11/17/2025,1187.00,Customer 38,Mumbai,Maharashtra,202.00,Paper,Office,4.00,"$15,739.00 ",2000.00%,"$50,364.80","$33,619.66","$16,745.14",Credit Card,November,11,2025,66.75%,,,,
11626,12/17/2026,1472.00,Customer 327,Pune,Maharashtra,286.00,Chair,Furniture,2.00,"$10,087.00 ",0.00%,"$20,174.00","$12,341.73","$7,832.27",UPI,December,12,2026,61.18%,,,,
11627,12/24/2026,1160.00,Customer 138,Delhi,Delhi,228.00,Keyboard,Electronics,3.00,"$30,275.00 ",2000.00%,"$72,660.00","$60,146.49","$12,513.51",Cash,December,12,2026,82.78%,,,,
11628,4/15/2025,1070.00,Customer 164,Chennai,Tamil Nadu,237.00,Chair,Furniture,8.00,"$31,145.00 ",500.00%,"$236,702.00","$185,833.60","$50,868.40",Debit Card,April,4,2025,78.51%,,,,
11629,10/9/2026,1140.00,Customer 84,Delhi,Delhi,282.00,Keyboard,Electronics,7.00,"$28,425.00 ",1500.00%,"$169,128.75","$102,922.61","$66,206.14",Debit Card,October,10,2026,60.85%,,,,
11630,10/12/2025,1474.00,Customer 338,Pune,Maharashtra,252.00,Laptop,Electronics,7.00,"$4,316.00 ",1000.00%,"$27,190.80","$18,177.80","$9,013.00",Debit Card,October,10,2025,66.85%,,,,
11631,9/27/2026,1164.00,Customer 235,Mumbai,Maharashtra,265.00,Table,Furniture,4.00,"$47,748.00 ",2000.00%,"$152,793.60","$109,977.69","$42,815.91",Cash,September,9,2026,71.98%,,,,
11632,12/3/2025,1471.00,Customer 17,Delhi,Delhi,277.00,Mouse,Electronics,4.00,"$5,987.00 ",1000.00%,"$21,553.20","$18,486.71","$3,066.49",Debit Card,December,12,2025,85.77%,,,,
11633,7/29/2025,1005.00,Customer 456,Hyderabad,Telangana,291.00,Desk,Furniture,7.00,"$39,518.00 ",500.00%,"$262,794.70","$217,658.19","$45,136.51",Cash,July,7,2025,82.82%,,,,
11634,8/1/2025,1271.00,Customer 416,Delhi,Delhi,201.00,Desk,Furniture,8.00,"$10,068.00 ",0.00%,"$80,544.00","$56,807.87","$23,736.13",Credit Card,August,8,2025,70.53%,,,,
11635,12/16/2025,1257.00,Customer 138,Pune,Maharashtra,276.00,Mouse,Electronics,8.00,"$34,040.00 ",2000.00%,"$217,856.00","$163,501.05","$54,354.95",Credit Card,December,12,2025,75.05%,,,,
11636,5/30/2025,1433.00,Customer 272,Chennai,Tamil Nadu,208.00,Notebook,Office,5.00,"$42,272.00 ",1000.00%,"$190,224.00","$118,476.76","$71,747.24",UPI,May,5,2025,62.28%,,,,
11637,12/7/2025,1123.00,Customer 65,Pune,Maharashtra,231.00,Pen,Office,7.00,"$43,956.00 ",0.00%,"$307,692.00","$252,750.20","$54,941.80",Cash,December,12,2025,82.14%,,,,
11638,4/15/2026,1480.00,Customer 494,Hyderabad,Telangana,241.00,Mouse,Electronics,5.00,"$11,074.00 ",2000.00%,"$44,296.00","$27,607.34","$16,688.66",Cash,April,4,2026,62.32%,,,,
11639,9/14/2025,1182.00,Customer 193,Mumbai,Maharashtra,209.00,Monitor,Electronics,7.00,"$5,330.00 ",1500.00%,"$31,713.50","$26,085.97","$5,627.53",Credit Card,September,9,2025,82.26%,,,,
11640,5/23/2025,1187.00,Customer 278,Pune,Maharashtra,208.00,Pen,Office,7.00,"$12,969.00 ",1000.00%,"$81,704.70","$50,644.50","$31,060.20",Debit Card,May,5,2025,61.98%,,,,
11641,1/19/2025,1272.00,Customer 205,Delhi,Delhi,300.00,Paper,Office,7.00,"$40,714.00 ",500.00%,"$270,748.10","$213,602.40","$57,145.70",Debit Card,January,1,2025,78.89%,,,,
11642,9/6/2025,1266.00,Customer 313,Mumbai,Maharashtra,237.00,Keyboard,Electronics,4.00,"$10,048.00 ",1500.00%,"$34,163.20","$21,152.78","$13,010.42",UPI,September,9,2025,61.92%,,,,
11643,4/24/2026,1488.00,Customer 168,Hyderabad,Telangana,226.00,Paper,Office,5.00,"$48,819.00 ",1000.00%,"$219,685.50","$154,834.61","$64,850.89",UPI,April,4,2026,70.48%,,,,
11644,12/13/2026,1368.00,Customer 150,Delhi,Delhi,210.00,Desk,Furniture,1.00,"$39,811.00 ",1000.00%,"$35,829.90","$22,833.79","$12,996.11",UPI,December,12,2026,63.73%,,,,
11645,11/20/2026,1469.00,Customer 61,Chennai,Tamil Nadu,294.00,Mouse,Electronics,1.00,"$46,613.00 ",500.00%,"$44,282.35","$28,286.15","$15,996.20",Debit Card,November,11,2026,63.88%,,,,
11646,3/1/2026,1152.00,Customer 230,Mumbai,Maharashtra,224.00,Notebook,Office,4.00,"$32,273.00 ",2000.00%,"$103,273.60","$86,741.61","$16,531.99",Credit Card,March,3,2026,83.99%,,,,
11647,10/10/2025,1091.00,Customer 159,Hyderabad,Telangana,204.00,Desk,Furniture,2.00,"$47,031.00 ",2000.00%,"$75,249.60","$46,319.32","$28,930.28",Credit Card,October,10,2025,61.55%,,,,
11648,6/25/2026,1342.00,Customer 129,Delhi,Delhi,216.00,Keyboard,Electronics,3.00,"$49,020.00 ",2000.00%,"$117,648.00","$76,129.16","$41,518.84",UPI,June,6,2026,64.71%,,,,
11649,11/15/2026,1217.00,Customer 11,Pune,Maharashtra,250.00,Paper,Office,2.00,"$19,986.00 ",500.00%,"$37,973.40","$31,802.20","$6,171.20",UPI,November,11,2026,83.75%,,,,
11650,10/24/2025,1266.00,Customer 336,Chennai,Tamil Nadu,201.00,Paper,Office,2.00,"$8,319.00 ",500.00%,"$15,806.10","$11,004.16","$4,801.94",UPI,October,10,2025,69.62%,,,,
11651,12/15/2025,1490.00,Customer 396,Pune,Maharashtra,220.00,Chair,Furniture,6.00,"$39,968.00 ",1500.00%,"$203,836.80","$154,312.10","$49,524.70",Debit Card,December,12,2025,75.70%,,,,
11652,12/6/2025,1205.00,Customer 55,Mumbai,Maharashtra,292.00,Table,Furniture,7.00,"$28,817.00 ",2000.00%,"$161,375.20","$126,347.21","$35,027.99",UPI,December,12,2025,78.29%,,,,
11653,12/3/2026,1051.00,Customer 144,Delhi,Delhi,239.00,Chair,Furniture,8.00,"$27,915.00 ",1000.00%,"$200,988.00","$151,284.16","$49,703.84",Credit Card,December,12,2026,75.27%,,,,
11654,12/3/2025,1342.00,Customer 304,Delhi,Delhi,281.00,Notebook,Office,1.00,"$33,469.00 ",2000.00%,"$26,775.20","$20,560.97","$6,214.23",Cash,December,12,2025,76.79%,,,,
11655,8/24/2026,1379.00,Customer 264,Delhi,Delhi,225.00,Notebook,Office,3.00,"$8,176.00 ",1000.00%,"$22,075.20","$14,190.76","$7,884.44",UPI,August,8,2026,64.28%,,,,
11656,4/3/2026,1297.00,Customer 128,Delhi,Delhi,256.00,Notebook,Office,1.00,"$18,533.00 ",500.00%,"$17,606.35","$11,020.78","$6,585.57",UPI,April,4,2026,62.60%,,,,
11657,1/22/2026,1049.00,Customer 362,Mumbai,Maharashtra,287.00,Paper,Office,6.00,"$28,734.00 ",2000.00%,"$137,923.20","$119,990.96","$17,932.24",UPI,January,1,2026,87.00%,,,,
11658,2/6/2026,1061.00,Customer 12,Mumbai,Maharashtra,256.00,Table,Furniture,7.00,"$21,577.00 ",500.00%,"$143,487.05","$106,471.18","$37,015.87",Cash,February,2,2026,74.20%,,,,
11659,5/7/2025,1116.00,Customer 89,Chennai,Tamil Nadu,203.00,Laptop,Electronics,5.00,"$43,374.00 ",0.00%,"$216,870.00","$143,084.63","$73,785.37",Credit Card,May,5,2025,65.98%,,,,
11660,2/6/2025,1022.00,Customer 295,Hyderabad,Telangana,236.00,Desk,Furniture,5.00,"$20,838.00 ",2000.00%,"$83,352.00","$67,216.42","$16,135.58",Credit Card,February,2,2025,80.64%,,,,
11661,12/15/2026,1291.00,Customer 423,Mumbai,Maharashtra,268.00,Keyboard,Electronics,2.00,"$32,090.00 ",2000.00%,"$51,344.00","$34,752.59","$16,591.41",Debit Card,December,12,2026,67.69%,,,,
11662,7/24/2026,1497.00,Customer 198,Hyderabad,Telangana,282.00,Monitor,Electronics,5.00,"$4,842.00 ",2000.00%,"$19,368.00","$15,488.32","$3,879.68",UPI,July,7,2026,79.97%,,,,
11663,4/9/2025,1497.00,Customer 88,Hyderabad,Telangana,278.00,Monitor,Electronics,4.00,"$15,475.00 ",1500.00%,"$52,615.00","$45,160.64","$7,454.36",UPI,April,4,2025,85.83%,,,,
11664,6/27/2025,1399.00,Customer 31,Mumbai,Maharashtra,216.00,Paper,Office,2.00,"$46,626.00 ",500.00%,"$88,589.40","$67,823.75","$20,765.65",Credit Card,June,6,2025,76.56%,,,,
11665,12/13/2026,1231.00,Customer 197,Bengaluru,Karnataka,281.00,Pen,Office,5.00,"$29,625.00 ",2000.00%,"$118,500.00","$83,952.51","$34,547.49",Cash,December,12,2026,70.85%,,,,
11666,5/4/2025,1125.00,Customer 235,Pune,Maharashtra,255.00,Table,Furniture,4.00,"$48,733.00 ",1500.00%,"$165,692.20","$110,665.04","$55,027.16",Debit Card,May,5,2025,66.79%,,,,
11667,3/25/2025,1039.00,Customer 407,Bengaluru,Karnataka,264.00,Pen,Office,1.00,"$47,853.00 ",500.00%,"$45,460.35","$31,353.50","$14,106.85",Debit Card,March,3,2025,68.97%,,,,
11668,8/27/2025,1490.00,Customer 58,Mumbai,Maharashtra,297.00,Mouse,Electronics,3.00,"$41,634.00 ",0.00%,"$124,902.00","$109,880.87","$15,021.13",Cash,August,8,2025,87.97%,,,,
11669,9/6/2026,1441.00,Customer 459,Bengaluru,Karnataka,209.00,Chair,Furniture,6.00,"$45,891.00 ",500.00%,"$261,578.70","$158,954.86","$102,623.84",Debit Card,September,9,2026,60.77%,,,,
11670,12/12/2025,1134.00,Customer 153,Delhi,Delhi,226.00,Notebook,Office,8.00,"$36,009.00 ",1000.00%,"$259,264.80","$170,365.17","$88,899.63",Credit Card,December,12,2025,65.71%,,,,
11671,8/31/2026,1356.00,Customer 47,Pune,Maharashtra,225.00,Notebook,Office,2.00,"$29,000.00 ",500.00%,"$55,100.00","$41,738.31","$13,361.69",Credit Card,August,8,2026,75.75%,,,,
11672,9/2/2025,1318.00,Customer 3,Hyderabad,Telangana,282.00,Desk,Furniture,5.00,"$34,564.00 ",0.00%,"$172,820.00","$143,652.57","$29,167.43",Cash,September,9,2025,83.12%,,,,
11673,1/12/2025,1123.00,Customer 427,Hyderabad,Telangana,227.00,Pen,Office,2.00,"$15,646.00 ",1000.00%,"$28,162.80","$17,946.56","$10,216.24",Credit Card,January,1,2025,63.72%,,,,
11674,8/3/2025,1432.00,Customer 146,Mumbai,Maharashtra,298.00,Mouse,Electronics,2.00,"$13,315.00 ",1500.00%,"$22,635.50","$20,096.57","$2,538.93",Credit Card,August,8,2025,88.78%,,,,
11675,6/15/2025,1323.00,Customer 276,Pune,Maharashtra,250.00,Notebook,Office,3.00,"$39,542.00 ",2000.00%,"$94,900.80","$63,837.85","$31,062.95",UPI,June,6,2025,67.27%,,,,
11676,12/22/2026,1162.00,Customer 26,Bengaluru,Karnataka,234.00,Table,Furniture,3.00,"$37,976.00 ",500.00%,"$108,231.60","$85,189.75","$23,041.85",Credit Card,December,12,2026,78.71%,,,,
11677,9/11/2026,1034.00,Customer 72,Delhi,Delhi,219.00,Pen,Office,5.00,"$17,548.00 ",1500.00%,"$74,579.00","$63,211.00","$11,368.00",Cash,September,9,2026,84.76%,,,,
11678,6/6/2025,1069.00,Customer 393,Bengaluru,Karnataka,265.00,Table,Furniture,2.00,"$9,227.00 ",2000.00%,"$14,763.20","$10,850.80","$3,912.40",Debit Card,June,6,2025,73.50%,,,,
11679,5/30/2025,1017.00,Customer 36,Chennai,Tamil Nadu,263.00,Mouse,Electronics,8.00,"$40,814.00 ",1500.00%,"$277,535.20","$172,964.05","$104,571.15",Cash,May,5,2025,62.32%,,,,
11680,7/14/2026,1089.00,Customer 355,Delhi,Delhi,270.00,Desk,Furniture,8.00,"$7,969.00 ",1500.00%,"$54,189.20","$43,674.23","$10,514.97",Debit Card,July,7,2026,80.60%,,,,
11681,8/28/2026,1281.00,Customer 279,Hyderabad,Telangana,267.00,Table,Furniture,5.00,"$11,622.00 ",0.00%,"$58,110.00","$49,690.44","$8,419.56",UPI,August,8,2026,85.51%,,,,
11682,10/4/2025,1186.00,Customer 162,Chennai,Tamil Nadu,246.00,Laptop,Electronics,5.00,"$40,343.00 ",1500.00%,"$171,457.75","$147,382.14","$24,075.61",Credit Card,October,10,2025,85.96%,,,,
11683,1/8/2025,1386.00,Customer 30,Mumbai,Maharashtra,230.00,Mouse,Electronics,5.00,"$32,250.00 ",2000.00%,"$129,000.00","$97,333.20","$31,666.80",UPI,January,1,2025,75.45%,,,,
11684,8/29/2026,1498.00,Customer 73,Delhi,Delhi,255.00,Notebook,Office,4.00,"$19,425.00 ",2000.00%,"$62,160.00","$42,754.19","$19,405.81",Credit Card,August,8,2026,68.78%,,,,
11685,10/6/2025,1401.00,Customer 457,Pune,Maharashtra,287.00,Chair,Furniture,2.00,"$25,377.00 ",0.00%,"$50,754.00","$42,594.46","$8,159.54",UPI,October,10,2025,83.92%,,,,
11686,3/4/2025,1276.00,Customer 401,Hyderabad,Telangana,242.00,Desk,Furniture,5.00,"$10,315.00 ",500.00%,"$48,996.25","$34,036.00","$14,960.25",Credit Card,March,3,2025,69.47%,,,,
11687,7/28/2025,1233.00,Customer 83,Pune,Maharashtra,281.00,Table,Furniture,8.00,"$48,297.00 ",2000.00%,"$309,100.80","$226,463.09","$82,637.71",Debit Card,July,7,2025,73.27%,,,,
11688,1/28/2026,1241.00,Customer 6,Bengaluru,Karnataka,262.00,Keyboard,Electronics,8.00,"$23,694.00 ",2000.00%,"$151,641.60","$114,457.74","$37,183.86",Credit Card,January,1,2026,75.48%,,,,
11689,7/7/2026,1325.00,Customer 258,Delhi,Delhi,253.00,Laptop,Electronics,4.00,"$29,054.00 ",0.00%,"$116,216.00","$80,316.08","$35,899.92",Debit Card,July,7,2026,69.11%,,,,
11690,2/4/2025,1142.00,Customer 232,Pune,Maharashtra,220.00,Laptop,Electronics,3.00,"$10,051.00 ",500.00%,"$28,645.35","$21,246.74","$7,398.61",Credit Card,February,2,2025,74.17%,,,,
11691,11/21/2025,1242.00,Customer 77,Pune,Maharashtra,277.00,Chair,Furniture,7.00,"$26,615.00 ",500.00%,"$176,989.75","$150,738.00","$26,251.75",Credit Card,November,11,2025,85.17%,,,,
11692,10/11/2025,1114.00,Customer 346,Chennai,Tamil Nadu,212.00,Desk,Furniture,1.00,"$16,411.00 ",2000.00%,"$13,128.80","$8,057.77","$5,071.03",UPI,October,10,2025,61.37%,,,,
11693,12/26/2026,1208.00,Customer 223,Bengaluru,Karnataka,243.00,Mouse,Electronics,5.00,"$9,688.00 ",500.00%,"$46,018.00","$37,548.48","$8,469.52",Cash,December,12,2026,81.60%,,,,
11694,6/4/2025,1072.00,Customer 356,Bengaluru,Karnataka,267.00,Keyboard,Electronics,1.00,"$26,994.00 ",1500.00%,"$22,944.90","$16,947.01","$5,997.89",Credit Card,June,6,2025,73.86%,,,,
11695,4/26/2026,1004.00,Customer 388,Bengaluru,Karnataka,239.00,Mouse,Electronics,7.00,"$42,059.00 ",500.00%,"$279,692.35","$230,847.45","$48,844.90",Debit Card,April,4,2026,82.54%,,,,
11696,4/1/2026,1023.00,Customer 367,Pune,Maharashtra,283.00,Notebook,Office,4.00,"$1,129.00 ",500.00%,"$4,290.20","$3,556.62",$733.58,Credit Card,April,4,2026,82.90%,,,,
11697,10/13/2026,1080.00,Customer 193,Delhi,Delhi,266.00,Notebook,Office,3.00,"$39,455.00 ",500.00%,"$112,446.75","$98,820.22","$13,626.53",Debit Card,October,10,2026,87.88%,,,,
11698,5/28/2025,1456.00,Customer 10,Hyderabad,Telangana,258.00,Desk,Furniture,1.00,"$10,928.00 ",0.00%,"$10,928.00","$8,154.36","$2,773.64",UPI,May,5,2025,74.62%,,,,
11699,8/1/2025,1322.00,Customer 122,Mumbai,Maharashtra,242.00,Notebook,Office,4.00,"$22,207.00 ",0.00%,"$88,828.00","$68,780.76","$20,047.24",UPI,August,8,2025,77.43%,,,,
11700,11/4/2026,1053.00,Customer 280,Pune,Maharashtra,255.00,Chair,Furniture,4.00,"$3,817.00 ",1500.00%,"$12,977.80","$10,990.12","$1,987.68",Debit Card,November,11,2026,84.68%,,,,
11701,11/30/2025,1281.00,Customer 343,Chennai,Tamil Nadu,221.00,Table,Furniture,1.00,"$3,381.00 ",1000.00%,"$3,042.90","$2,268.57",$774.33,UPI,November,11,2025,74.55%,,,,
11702,2/14/2025,1227.00,Customer 497,Hyderabad,Telangana,267.00,Desk,Furniture,6.00,"$48,296.00 ",0.00%,"$289,776.00","$227,124.81","$62,651.19",UPI,February,2,2025,78.38%,,,,
11703,6/2/2026,1015.00,Customer 372,Pune,Maharashtra,206.00,Mouse,Electronics,7.00,"$29,800.00 ",0.00%,"$208,600.00","$126,549.23","$82,050.77",UPI,June,6,2026,60.67%,,,,
11704,4/1/2025,1007.00,Customer 425,Bengaluru,Karnataka,223.00,Notebook,Office,8.00,"$39,960.00 ",1500.00%,"$271,728.00","$232,246.29","$39,481.71",Debit Card,April,4,2025,85.47%,,,,
11705,9/13/2026,1118.00,Customer 219,Bengaluru,Karnataka,267.00,Table,Furniture,7.00,"$38,848.00 ",1000.00%,"$244,742.40","$192,288.32","$52,454.08",Debit Card,September,9,2026,78.57%,,,,
11706,10/25/2025,1330.00,Customer 42,Hyderabad,Telangana,251.00,Chair,Furniture,7.00,"$35,243.00 ",0.00%,"$246,701.00","$152,313.66","$94,387.34",Cash,October,10,2025,61.74%,,,,
11707,11/16/2025,1164.00,Customer 270,Bengaluru,Karnataka,216.00,Desk,Furniture,1.00,"$38,897.00 ",0.00%,"$38,897.00","$30,045.99","$8,851.01",UPI,November,11,2025,77.25%,,,,
11708,3/2/2025,1123.00,Customer 241,Chennai,Tamil Nadu,213.00,Keyboard,Electronics,3.00,"$42,452.00 ",2000.00%,"$101,884.80","$68,877.20","$33,007.60",Cash,March,3,2025,67.60%,,,,
11709,4/11/2025,1410.00,Customer 301,Mumbai,Maharashtra,277.00,Notebook,Office,7.00,"$36,606.00 ",0.00%,"$256,242.00","$158,738.90","$97,503.10",Credit Card,April,4,2025,61.95%,,,,
11710,10/28/2026,1105.00,Customer 104,Chennai,Tamil Nadu,270.00,Notebook,Office,1.00,"$7,934.00 ",2000.00%,"$6,347.20","$4,603.37","$1,743.83",UPI,October,10,2026,72.53%,,,,
11711,7/3/2026,1146.00,Customer 216,Mumbai,Maharashtra,202.00,Laptop,Electronics,1.00,"$5,061.00 ",0.00%,"$5,061.00","$3,219.83","$1,841.17",Cash,July,7,2026,63.62%,,,,
11712,12/26/2026,1044.00,Customer 403,Chennai,Tamil Nadu,294.00,Laptop,Electronics,4.00,"$46,065.00 ",2000.00%,"$147,408.00","$106,191.21","$41,216.79",Cash,December,12,2026,72.04%,,,,
11713,1/5/2025,1167.00,Customer 455,Chennai,Tamil Nadu,217.00,Chair,Furniture,8.00,"$11,017.00 ",500.00%,"$83,729.20","$52,663.10","$31,066.10",Cash,January,1,2025,62.90%,,,,
11714,10/4/2026,1315.00,Customer 15,Bengaluru,Karnataka,273.00,Chair,Furniture,7.00,"$26,704.00 ",1500.00%,"$158,888.80","$105,291.21","$53,597.59",Debit Card,October,10,2026,66.27%,,,,
11715,11/3/2026,1240.00,Customer 125,Pune,Maharashtra,239.00,Paper,Office,5.00,"$8,952.00 ",1000.00%,"$40,284.00","$35,279.25","$5,004.75",UPI,November,11,2026,87.58%,,,,
11716,10/26/2026,1171.00,Customer 499,Bengaluru,Karnataka,239.00,Table,Furniture,2.00,"$23,661.00 ",2000.00%,"$37,857.60","$27,144.74","$10,712.86",UPI,October,10,2026,71.70%,,,,
11717,9/30/2025,1310.00,Customer 305,Mumbai,Maharashtra,203.00,Notebook,Office,4.00,"$21,897.00 ",1500.00%,"$74,449.80","$53,888.08","$20,561.72",Debit Card,September,9,2025,72.38%,,,,
11718,5/8/2026,1379.00,Customer 434,Mumbai,Maharashtra,254.00,Notebook,Office,7.00,"$35,933.00 ",1500.00%,"$213,801.35","$134,581.55","$79,219.80",Credit Card,May,5,2026,62.95%,,,,
11719,2/19/2026,1059.00,Customer 419,Chennai,Tamil Nadu,233.00,Pen,Office,3.00,"$48,956.00 ",0.00%,"$146,868.00","$105,329.17","$41,538.83",UPI,February,2,2026,71.72%,,,,
11720,7/15/2026,1183.00,Customer 414,Bengaluru,Karnataka,276.00,Monitor,Electronics,4.00,"$47,813.00 ",500.00%,"$181,689.40","$112,351.35","$69,338.05",UPI,July,7,2026,61.84%,,,,
11721,11/21/2025,1319.00,Customer 235,Pune,Maharashtra,237.00,Keyboard,Electronics,6.00,"$16,154.00 ",500.00%,"$92,077.80","$82,066.69","$10,011.11",Debit Card,November,11,2025,89.13%,,,,
11722,2/14/2026,1366.00,Customer 217,Mumbai,Maharashtra,230.00,Pen,Office,6.00,"$19,146.00 ",1000.00%,"$103,388.40","$65,044.60","$38,343.80",Credit Card,February,2,2026,62.91%,,,,
11723,12/5/2026,1258.00,Customer 96,Delhi,Delhi,213.00,Notebook,Office,1.00,"$9,684.00 ",0.00%,"$9,684.00","$7,136.92","$2,547.08",Debit Card,December,12,2026,73.70%,,,,
11724,1/2/2025,1006.00,Customer 312,Bengaluru,Karnataka,248.00,Desk,Furniture,2.00,"$47,901.00 ",1500.00%,"$81,431.70","$64,494.41","$16,937.29",Debit Card,January,1,2025,79.20%,,,,
11725,9/28/2026,1175.00,Customer 287,Bengaluru,Karnataka,290.00,Table,Furniture,1.00,"$42,814.00 ",1500.00%,"$36,391.90","$32,678.13","$3,713.77",Debit Card,September,9,2026,89.80%,,,,
11726,10/14/2025,1184.00,Customer 249,Hyderabad,Telangana,295.00,Chair,Furniture,2.00,"$22,309.00 ",1000.00%,"$40,156.20","$29,403.43","$10,752.77",UPI,October,10,2025,73.22%,,,,
11727,5/24/2025,1090.00,Customer 357,Mumbai,Maharashtra,204.00,Monitor,Electronics,2.00,"$41,861.00 ",0.00%,"$83,722.00","$52,578.80","$31,143.20",Debit Card,May,5,2025,62.80%,,,,
11728,10/2/2026,1499.00,Customer 296,Bengaluru,Karnataka,242.00,Chair,Furniture,7.00,"$3,834.00 ",0.00%,"$26,838.00","$20,869.86","$5,968.14",Debit Card,October,10,2026,77.76%,,,,
11729,8/30/2025,1145.00,Customer 319,Hyderabad,Telangana,206.00,Table,Furniture,4.00,"$25,927.00 ",2000.00%,"$82,966.40","$72,827.95","$10,138.45",Cash,August,8,2025,87.78%,,,,
11730,3/11/2026,1440.00,Customer 156,Pune,Maharashtra,270.00,Table,Furniture,2.00,"$25,284.00 ",0.00%,"$50,568.00","$44,285.10","$6,282.90",UPI,March,3,2026,87.58%,,,,
11731,1/28/2025,1312.00,Customer 283,Chennai,Tamil Nadu,293.00,Desk,Furniture,1.00,"$16,815.00 ",500.00%,"$15,974.25","$12,070.35","$3,903.90",UPI,January,1,2025,75.56%,,,,
11732,1/23/2026,1187.00,Customer 351,Delhi,Delhi,256.00,Desk,Furniture,6.00,"$47,827.00 ",0.00%,"$286,962.00","$207,522.94","$79,439.06",Cash,January,1,2026,72.32%,,,,
11733,10/21/2025,1268.00,Customer 229,Chennai,Tamil Nadu,284.00,Pen,Office,3.00,"$35,358.00 ",500.00%,"$100,770.30","$61,146.44","$39,623.86",Cash,October,10,2025,60.68%,,,,
11734,11/13/2026,1489.00,Customer 350,Pune,Maharashtra,296.00,Monitor,Electronics,3.00,"$47,569.00 ",1500.00%,"$121,300.95","$82,402.87","$38,898.08",UPI,November,11,2026,67.93%,,,,
11735,2/26/2025,1341.00,Customer 388,Pune,Maharashtra,204.00,Chair,Furniture,1.00,"$12,947.00 ",2000.00%,"$10,357.60","$8,190.79","$2,166.81",Cash,February,2,2025,79.08%,,,,
11736,12/13/2025,1464.00,Customer 439,Chennai,Tamil Nadu,273.00,Paper,Office,2.00,"$44,914.00 ",1000.00%,"$80,845.20","$53,499.46","$27,345.74",UPI,December,12,2025,66.18%,,,,
11737,9/12/2026,1263.00,Customer 140,Pune,Maharashtra,276.00,Chair,Furniture,5.00,"$18,123.00 ",1000.00%,"$81,553.50","$58,129.54","$23,423.96",Debit Card,September,9,2026,71.28%,,,,
11738,10/4/2025,1313.00,Customer 170,Chennai,Tamil Nadu,202.00,Pen,Office,4.00,"$38,421.00 ",1500.00%,"$130,631.40","$115,402.00","$15,229.40",Credit Card,October,10,2025,88.34%,,,,
11739,4/24/2025,1335.00,Customer 17,Delhi,Delhi,298.00,Notebook,Office,5.00,"$14,734.00 ",500.00%,"$69,986.50","$51,357.81","$18,628.69",UPI,April,4,2025,73.38%,,,,
11740,2/25/2026,1458.00,Customer 239,Chennai,Tamil Nadu,228.00,Notebook,Office,3.00,"$12,260.00 ",500.00%,"$34,941.00","$25,747.84","$9,193.16",Cash,February,2,2026,73.69%,,,,
11741,2/5/2026,1223.00,Customer 155,Chennai,Tamil Nadu,274.00,Chair,Furniture,5.00,"$35,804.00 ",1000.00%,"$161,118.00","$114,632.21","$46,485.79",UPI,February,2,2026,71.15%,,,,
11742,6/5/2025,1490.00,Customer 328,Pune,Maharashtra,300.00,Chair,Furniture,7.00,"$41,119.00 ",500.00%,"$273,441.35","$198,712.65","$74,728.70",UPI,June,6,2025,72.67%,,,,
11743,2/2/2025,1213.00,Customer 152,Bengaluru,Karnataka,258.00,Chair,Furniture,1.00,"$46,292.00 ",0.00%,"$46,292.00","$40,115.70","$6,176.30",Debit Card,February,2,2025,86.66%,,,,
11744,12/29/2025,1340.00,Customer 357,Chennai,Tamil Nadu,203.00,Desk,Furniture,2.00,"$9,604.00 ",1000.00%,"$17,287.20","$13,960.16","$3,327.04",Debit Card,December,12,2025,80.75%,,,,
11745,1/20/2025,1093.00,Customer 51,Bengaluru,Karnataka,202.00,Desk,Furniture,3.00,"$3,491.00 ",0.00%,"$10,473.00","$8,564.66","$1,908.34",Debit Card,January,1,2025,81.78%,,,,
11746,2/23/2025,1276.00,Customer 477,Chennai,Tamil Nadu,214.00,Notebook,Office,2.00,"$49,572.00 ",0.00%,"$99,144.00","$75,739.76","$23,404.24",Credit Card,February,2,2025,76.39%,,,,
11747,7/13/2025,1029.00,Customer 352,Pune,Maharashtra,284.00,Notebook,Office,3.00,"$8,133.00 ",2000.00%,"$19,519.20","$12,741.04","$6,778.16",Cash,July,7,2025,65.27%,,,,
11748,5/21/2026,1150.00,Customer 55,Hyderabad,Telangana,205.00,Table,Furniture,8.00,"$21,000.00 ",0.00%,"$168,000.00","$148,756.88","$19,243.12",Cash,May,5,2026,88.55%,,,,
11749,4/22/2025,1244.00,Customer 86,Pune,Maharashtra,257.00,Notebook,Office,7.00,"$9,127.00 ",2000.00%,"$51,111.20","$41,823.54","$9,287.66",Cash,April,4,2025,81.83%,,,,
11750,10/22/2025,1380.00,Customer 165,Pune,Maharashtra,242.00,Notebook,Office,4.00,"$27,114.00 ",2000.00%,"$86,764.80","$61,427.66","$25,337.14",Credit Card,October,10,2025,70.80%,,,,
11751,8/17/2026,1181.00,Customer 159,Delhi,Delhi,207.00,Desk,Furniture,2.00,"$49,046.00 ",500.00%,"$93,187.40","$56,796.69","$36,390.71",UPI,August,8,2026,60.95%,,,,
11752,12/8/2026,1396.00,Customer 266,Mumbai,Maharashtra,223.00,Monitor,Electronics,3.00,"$14,144.00 ",0.00%,"$42,432.00","$26,176.92","$16,255.08",UPI,December,12,2026,61.69%,,,,
11753,2/21/2026,1004.00,Customer 399,Delhi,Delhi,277.00,Monitor,Electronics,5.00,"$2,969.00 ",500.00%,"$14,102.75","$10,902.09","$3,200.66",Cash,February,2,2026,77.30%,,,,
11754,10/24/2025,1339.00,Customer 68,Hyderabad,Telangana,281.00,Mouse,Electronics,5.00,"$46,208.00 ",500.00%,"$219,488.00","$193,298.10","$26,189.90",Debit Card,October,10,2025,88.07%,,,,
11755,1/2/2025,1070.00,Customer 118,Hyderabad,Telangana,289.00,Notebook,Office,3.00,"$3,036.00 ",1000.00%,"$8,197.20","$7,203.41",$993.79,UPI,January,1,2025,87.88%,,,,
11756,10/9/2025,1136.00,Customer 354,Chennai,Tamil Nadu,272.00,Desk,Furniture,2.00,"$37,586.00 ",2000.00%,"$60,137.60","$39,266.12","$20,871.48",Cash,October,10,2025,65.29%,,,,
11757,4/3/2025,1454.00,Customer 274,Mumbai,Maharashtra,231.00,Keyboard,Electronics,4.00,"$26,461.00 ",1500.00%,"$89,967.40","$79,592.03","$10,375.37",Debit Card,April,4,2025,88.47%,,,,
11758,1/16/2026,1129.00,Customer 399,Bengaluru,Karnataka,220.00,Mouse,Electronics,1.00,"$22,036.00 ",0.00%,"$22,036.00","$16,357.63","$5,678.37",Cash,January,1,2026,74.23%,,,,
11759,12/21/2026,1345.00,Customer 28,Bengaluru,Karnataka,243.00,Chair,Furniture,5.00,"$36,081.00 ",500.00%,"$171,384.75","$152,584.70","$18,800.05",Debit Card,December,12,2026,89.03%,,,,
11760,1/3/2025,1170.00,Customer 50,Chennai,Tamil Nadu,210.00,Desk,Furniture,5.00,"$46,883.00 ",500.00%,"$222,694.25","$195,171.49","$27,522.76",Credit Card,January,1,2025,87.64%,,,,
11761,8/10/2026,1369.00,Customer 493,Bengaluru,Karnataka,247.00,Table,Furniture,7.00,"$15,405.00 ",1500.00%,"$91,659.75","$72,262.31","$19,397.44",Credit Card,August,8,2026,78.84%,,,,
11762,6/7/2025,1008.00,Customer 426,Mumbai,Maharashtra,281.00,Notebook,Office,2.00,"$40,732.00 ",500.00%,"$77,390.80","$62,131.71","$15,259.09",UPI,June,6,2025,80.28%,,,,
11763,8/13/2025,1140.00,Customer 325,Bengaluru,Karnataka,212.00,Desk,Furniture,8.00,"$37,479.00 ",1000.00%,"$269,848.80","$191,181.39","$78,667.41",Cash,August,8,2025,70.85%,,,,
11764,1/15/2026,1262.00,Customer 463,Delhi,Delhi,263.00,Monitor,Electronics,4.00,"$28,909.00 ",2000.00%,"$92,508.80","$60,325.15","$32,183.65",UPI,January,1,2026,65.21%,,,,
11765,3/2/2025,1041.00,Customer 10,Chennai,Tamil Nadu,244.00,Pen,Office,5.00,"$40,060.00 ",2000.00%,"$160,240.00","$135,289.73","$24,950.27",Credit Card,March,3,2025,84.43%,,,,
11766,4/7/2025,1333.00,Customer 151,Bengaluru,Karnataka,286.00,Notebook,Office,2.00,"$35,146.00 ",500.00%,"$66,777.40","$59,529.31","$7,248.09",Credit Card,April,4,2025,89.15%,,,,
11767,8/13/2025,1271.00,Customer 233,Delhi,Delhi,242.00,Notebook,Office,6.00,"$3,173.00 ",1500.00%,"$16,182.30","$12,649.65","$3,532.65",Cash,August,8,2025,78.17%,,,,
11768,5/20/2026,1228.00,Customer 400,Delhi,Delhi,256.00,Mouse,Electronics,4.00,"$7,902.00 ",500.00%,"$30,027.60","$18,850.33","$11,177.27",Credit Card,May,5,2026,62.78%,,,,
11769,12/22/2026,1242.00,Customer 379,Delhi,Delhi,257.00,Notebook,Office,4.00,"$42,639.00 ",500.00%,"$162,028.20","$112,743.68","$49,284.52",Debit Card,December,12,2026,69.58%,,,,
11770,6/18/2026,1231.00,Customer 310,Mumbai,Maharashtra,208.00,Notebook,Office,7.00,"$8,836.00 ",1500.00%,"$52,574.20","$44,747.56","$7,826.64",Cash,June,6,2026,85.11%,,,,
11771,9/14/2025,1370.00,Customer 127,Chennai,Tamil Nadu,267.00,Chair,Furniture,2.00,"$43,596.00 ",2000.00%,"$69,753.60","$46,314.26","$23,439.34",Credit Card,September,9,2025,66.40%,,,,
11772,12/3/2025,1059.00,Customer 40,Delhi,Delhi,235.00,Laptop,Electronics,3.00,"$6,602.00 ",500.00%,"$18,815.70","$11,318.81","$7,496.89",UPI,December,12,2025,60.16%,,,,
11773,9/16/2025,1133.00,Customer 72,Delhi,Delhi,253.00,Keyboard,Electronics,5.00,"$21,963.00 ",1500.00%,"$93,342.75","$56,399.11","$36,943.64",UPI,September,9,2025,60.42%,,,,
11774,1/24/2026,1483.00,Customer 142,Pune,Maharashtra,214.00,Chair,Furniture,2.00,"$38,022.00 ",2000.00%,"$60,835.20","$39,012.61","$21,822.59",Cash,January,1,2026,64.13%,,,,
11775,1/13/2025,1238.00,Customer 323,Delhi,Delhi,207.00,Paper,Office,8.00,$931.00 ,0.00%,"$7,448.00","$5,469.29","$1,978.71",Credit Card,January,1,2025,73.43%,,,,
11776,7/25/2025,1226.00,Customer 70,Chennai,Tamil Nadu,212.00,Pen,Office,7.00,$824.00 ,1500.00%,"$4,902.80","$3,397.04","$1,505.76",Debit Card,July,7,2025,69.29%,,,,
11777,5/11/2025,1377.00,Customer 103,Chennai,Tamil Nadu,284.00,Chair,Furniture,6.00,"$4,733.00 ",500.00%,"$26,978.10","$17,637.42","$9,340.68",UPI,May,5,2025,65.38%,,,,
11778,3/17/2026,1166.00,Customer 400,Hyderabad,Telangana,220.00,Monitor,Electronics,5.00,"$17,950.00 ",0.00%,"$89,750.00","$54,413.96","$35,336.04",Debit Card,March,3,2026,60.63%,,,,
11779,7/27/2025,1163.00,Customer 36,Bengaluru,Karnataka,280.00,Keyboard,Electronics,5.00,"$32,264.00 ",0.00%,"$161,320.00","$115,123.69","$46,196.31",Credit Card,July,7,2025,71.36%,,,,
11780,5/22/2025,1497.00,Customer 127,Chennai,Tamil Nadu,224.00,Keyboard,Electronics,3.00,"$11,115.00 ",2000.00%,"$26,676.00","$19,704.58","$6,971.42",Debit Card,May,5,2025,73.87%,,,,
11781,8/30/2026,1007.00,Customer 437,Pune,Maharashtra,204.00,Table,Furniture,4.00,"$44,490.00 ",2000.00%,"$142,368.00","$94,842.80","$47,525.20",Debit Card,August,8,2026,66.62%,,,,
11782,12/26/2026,1068.00,Customer 49,Chennai,Tamil Nadu,264.00,Notebook,Office,4.00,"$7,120.00 ",1500.00%,"$24,208.00","$21,123.70","$3,084.30",Credit Card,December,12,2026,87.26%,,,,
11783,5/19/2026,1467.00,Customer 76,Mumbai,Maharashtra,280.00,Chair,Furniture,4.00,"$36,751.00 ",1500.00%,"$124,953.40","$92,961.24","$31,992.16",Cash,May,5,2026,74.40%,,,,
11784,6/7/2026,1008.00,Customer 81,Pune,Maharashtra,295.00,Mouse,Electronics,2.00,"$6,036.00 ",2000.00%,"$9,657.60","$7,637.85","$2,019.75",Credit Card,June,6,2026,79.09%,,,,
11785,4/4/2026,1274.00,Customer 334,Delhi,Delhi,209.00,Chair,Furniture,6.00,"$2,711.00 ",1500.00%,"$13,826.10","$12,189.73","$1,636.37",Credit Card,April,4,2026,88.16%,,,,
11786,9/27/2026,1443.00,Customer 147,Hyderabad,Telangana,211.00,Notebook,Office,1.00,"$38,602.00 ",1000.00%,"$34,741.80","$29,946.86","$4,794.94",Credit Card,September,9,2026,86.20%,,,,
11787,10/21/2026,1189.00,Customer 442,Delhi,Delhi,208.00,Monitor,Electronics,5.00,"$2,731.00 ",0.00%,"$13,655.00","$9,481.79","$4,173.21",Debit Card,October,10,2026,69.44%,,,,
11788,7/20/2026,1492.00,Customer 492,Delhi,Delhi,267.00,Desk,Furniture,3.00,"$16,297.00 ",2000.00%,"$39,112.80","$27,618.27","$11,494.53",UPI,July,7,2026,70.61%,,,,
11789,10/27/2026,1258.00,Customer 182,Bengaluru,Karnataka,227.00,Chair,Furniture,6.00,"$11,731.00 ",1500.00%,"$59,828.10","$44,938.53","$14,889.57",UPI,October,10,2026,75.11%,,,,
11790,6/11/2026,1320.00,Customer 183,Pune,Maharashtra,211.00,Monitor,Electronics,4.00,"$21,654.00 ",1000.00%,"$77,954.40","$51,148.45","$26,805.95",Cash,June,6,2026,65.61%,,,,
11791,5/1/2026,1234.00,Customer 318,Hyderabad,Telangana,248.00,Paper,Office,3.00,"$38,743.00 ",1000.00%,"$104,606.10","$92,209.44","$12,396.66",Credit Card,May,5,2026,88.15%,,,,
11792,5/16/2025,1349.00,Customer 370,Chennai,Tamil Nadu,281.00,Paper,Office,5.00,"$31,534.00 ",2000.00%,"$126,136.00","$103,863.79","$22,272.21",UPI,May,5,2025,82.34%,,,,
11793,10/2/2026,1275.00,Customer 394,Mumbai,Maharashtra,297.00,Paper,Office,5.00,"$11,490.00 ",500.00%,"$54,577.50","$47,461.41","$7,116.09",Debit Card,October,10,2026,86.96%,,,,
11794,9/27/2025,1158.00,Customer 329,Mumbai,Maharashtra,204.00,Keyboard,Electronics,2.00,"$14,436.00 ",2000.00%,"$23,097.60","$16,938.93","$6,158.67",Debit Card,September,9,2025,73.34%,,,,
11795,2/17/2025,1302.00,Customer 368,Hyderabad,Telangana,221.00,Table,Furniture,6.00,"$6,488.00 ",1500.00%,"$33,088.80","$29,328.40","$3,760.40",Debit Card,February,2,2025,88.64%,,,,
11796,12/24/2026,1127.00,Customer 2,Bengaluru,Karnataka,246.00,Paper,Office,6.00,"$40,437.00 ",2000.00%,"$194,097.60","$172,992.25","$21,105.35",Debit Card,December,12,2026,89.13%,,,,
11797,2/21/2026,1248.00,Customer 407,Mumbai,Maharashtra,241.00,Table,Furniture,1.00,"$21,008.00 ",1500.00%,"$17,856.80","$12,639.17","$5,217.63",UPI,February,2,2026,70.78%,,,,
11798,2/4/2026,1081.00,Customer 330,Delhi,Delhi,284.00,Pen,Office,2.00,"$18,756.00 ",1000.00%,"$33,760.80","$22,127.13","$11,633.67",Credit Card,February,2,2026,65.54%,,,,
11799,7/4/2025,1224.00,Customer 2,Delhi,Delhi,261.00,Keyboard,Electronics,2.00,"$32,017.00 ",1000.00%,"$57,630.60","$51,343.67","$6,286.93",UPI,July,7,2025,89.09%,,,,
11800,12/4/2025,1114.00,Customer 229,Bengaluru,Karnataka,288.00,Laptop,Electronics,6.00,"$12,618.00 ",1000.00%,"$68,137.20","$41,164.51","$26,972.69",Debit Card,December,12,2025,60.41%,,,,
11801,10/29/2025,1350.00,Customer 77,Delhi,Delhi,208.00,Table,Furniture,4.00,"$41,705.00 ",1000.00%,"$150,138.00","$134,407.84","$15,730.16",Credit Card,October,10,2025,89.52%,,,,
11802,3/6/2025,1451.00,Customer 286,Delhi,Delhi,241.00,Notebook,Office,5.00,"$8,190.00 ",1500.00%,"$34,807.50","$30,537.77","$4,269.73",Cash,March,3,2025,87.73%,,,,
11803,4/16/2025,1024.00,Customer 348,Chennai,Tamil Nadu,245.00,Mouse,Electronics,5.00,"$1,413.00 ",500.00%,"$6,711.75","$5,605.88","$1,105.87",UPI,April,4,2025,83.52%,,,,
11804,3/31/2025,1364.00,Customer 75,Bengaluru,Karnataka,222.00,Desk,Furniture,6.00,"$49,472.00 ",1000.00%,"$267,148.80","$214,912.99","$52,235.81",Debit Card,March,3,2025,80.45%,,,,
11805,6/27/2026,1233.00,Customer 446,Chennai,Tamil Nadu,278.00,Monitor,Electronics,2.00,"$19,527.00 ",500.00%,"$37,101.30","$24,361.26","$12,740.04",Credit Card,June,6,2026,65.66%,,,,
11806,1/12/2026,1354.00,Customer 274,Bengaluru,Karnataka,290.00,Mouse,Electronics,2.00,"$26,048.00 ",0.00%,"$52,096.00","$42,259.92","$9,836.08",Credit Card,January,1,2026,81.12%,,,,
11807,9/4/2026,1457.00,Customer 295,Pune,Maharashtra,289.00,Desk,Furniture,2.00,"$34,873.00 ",0.00%,"$69,746.00","$49,379.98","$20,366.02",Credit Card,September,9,2026,70.80%,,,,
11808,6/16/2026,1248.00,Customer 361,Pune,Maharashtra,238.00,Notebook,Office,6.00,"$25,709.00 ",0.00%,"$154,254.00","$121,055.22","$33,198.78",Credit Card,June,6,2026,78.48%,,,,
11809,7/20/2025,1177.00,Customer 377,Bengaluru,Karnataka,262.00,Keyboard,Electronics,2.00,"$7,854.00 ",2000.00%,"$12,566.40","$10,251.86","$2,314.54",Cash,July,7,2025,81.58%,,,,
11810,5/31/2025,1296.00,Customer 320,Bengaluru,Karnataka,221.00,Table,Furniture,7.00,"$9,006.00 ",1500.00%,"$53,585.70","$32,956.71","$20,628.99",Debit Card,May,5,2025,61.50%,,,,
11811,9/8/2025,1336.00,Customer 390,Delhi,Delhi,252.00,Pen,Office,2.00,"$30,930.00 ",2000.00%,"$49,488.00","$38,629.81","$10,858.19",Debit Card,September,9,2025,78.06%,,,,
11812,12/30/2025,1326.00,Customer 128,Hyderabad,Telangana,243.00,Laptop,Electronics,7.00,"$9,038.00 ",2000.00%,"$50,612.80","$39,522.07","$11,090.73",Credit Card,December,12,2025,78.09%,,,,
11813,12/1/2026,1469.00,Customer 206,Hyderabad,Telangana,289.00,Table,Furniture,4.00,"$5,191.00 ",2000.00%,"$16,611.20","$12,901.26","$3,709.94",Cash,December,12,2026,77.67%,,,,
11814,10/30/2025,1227.00,Customer 33,Mumbai,Maharashtra,208.00,Monitor,Electronics,4.00,"$12,112.00 ",1500.00%,"$41,180.80","$36,616.07","$4,564.73",Cash,October,10,2025,88.92%,,,,
11815,10/16/2025,1101.00,Customer 461,Chennai,Tamil Nadu,259.00,Table,Furniture,7.00,"$45,368.00 ",1500.00%,"$269,939.60","$214,554.76","$55,384.84",Debit Card,October,10,2025,79.48%,,,,
11816,5/10/2026,1025.00,Customer 319,Pune,Maharashtra,203.00,Mouse,Electronics,2.00,"$4,084.00 ",1500.00%,"$6,942.80","$5,456.48","$1,486.32",Credit Card,May,5,2026,78.59%,,,,
11817,11/10/2025,1469.00,Customer 371,Chennai,Tamil Nadu,209.00,Chair,Furniture,3.00,"$27,209.00 ",500.00%,"$77,545.65","$56,786.46","$20,759.19",Cash,November,11,2025,73.23%,,,,
11818,1/28/2025,1451.00,Customer 227,Chennai,Tamil Nadu,290.00,Chair,Furniture,2.00,"$45,988.00 ",0.00%,"$91,976.00","$72,820.29","$19,155.71",Debit Card,January,1,2025,79.17%,,,,
11819,3/13/2026,1038.00,Customer 235,Mumbai,Maharashtra,282.00,Desk,Furniture,7.00,"$42,186.00 ",0.00%,"$295,302.00","$184,492.09","$110,809.91",UPI,March,3,2026,62.48%,,,,
11820,8/10/2026,1293.00,Customer 280,Delhi,Delhi,300.00,Monitor,Electronics,2.00,"$14,178.00 ",0.00%,"$28,356.00","$22,344.56","$6,011.44",Debit Card,August,8,2026,78.80%,,,,
11821,8/18/2026,1258.00,Customer 403,Delhi,Delhi,220.00,Chair,Furniture,2.00,"$49,398.00 ",1000.00%,"$88,916.40","$57,131.38","$31,785.02",Debit Card,August,8,2026,64.25%,,,,
11822,5/9/2026,1314.00,Customer 252,Delhi,Delhi,285.00,Pen,Office,5.00,"$44,708.00 ",1500.00%,"$190,009.00","$169,924.92","$20,084.08",Cash,May,5,2026,89.43%,,,,
11823,7/26/2025,1396.00,Customer 275,Chennai,Tamil Nadu,268.00,Pen,Office,4.00,"$1,791.00 ",500.00%,"$6,805.80","$4,742.88","$2,062.92",Cash,July,7,2025,69.69%,,,,
11824,3/15/2025,1152.00,Customer 33,Hyderabad,Telangana,237.00,Monitor,Electronics,3.00,"$29,761.00 ",500.00%,"$84,818.85","$66,393.50","$18,425.35",Cash,March,3,2025,78.28%,,,,
11825,8/28/2025,1324.00,Customer 112,Hyderabad,Telangana,211.00,Table,Furniture,6.00,"$17,271.00 ",2000.00%,"$82,900.80","$72,352.02","$10,548.78",Credit Card,August,8,2025,87.28%,,,,
11826,8/28/2026,1167.00,Customer 256,Chennai,Tamil Nadu,210.00,Paper,Office,2.00,"$11,873.00 ",1500.00%,"$20,184.10","$14,176.69","$6,007.41",Credit Card,August,8,2026,70.24%,,,,
11827,4/8/2025,1048.00,Customer 436,Delhi,Delhi,257.00,Paper,Office,3.00,"$30,037.00 ",1000.00%,"$81,099.90","$59,107.29","$21,992.61",UPI,April,4,2025,72.88%,,,,
11828,6/1/2025,1463.00,Customer 283,Delhi,Delhi,265.00,Mouse,Electronics,2.00,"$40,029.00 ",500.00%,"$76,055.10","$50,067.52","$25,987.58",Credit Card,June,6,2025,65.83%,,,,
11829,6/29/2025,1403.00,Customer 328,Chennai,Tamil Nadu,242.00,Mouse,Electronics,2.00,"$1,566.00 ",0.00%,"$3,132.00","$2,211.94",$920.06,Debit Card,June,6,2025,70.62%,,,,
11830,11/5/2025,1294.00,Customer 457,Bengaluru,Karnataka,270.00,Paper,Office,5.00,"$10,026.00 ",1500.00%,"$42,610.50","$28,900.10","$13,710.40",Credit Card,November,11,2025,67.82%,,,,
11831,12/2/2025,1356.00,Customer 154,Chennai,Tamil Nadu,211.00,Paper,Office,1.00,"$21,271.00 ",500.00%,"$20,207.45","$16,812.45","$3,395.00",Cash,December,12,2025,83.20%,,,,
11832,10/9/2026,1357.00,Customer 460,Bengaluru,Karnataka,230.00,Laptop,Electronics,3.00,"$11,825.00 ",2000.00%,"$28,380.00","$25,477.19","$2,902.81",UPI,October,10,2026,89.77%,,,,
11833,4/12/2025,1275.00,Customer 492,Hyderabad,Telangana,265.00,Notebook,Office,1.00,"$34,392.00 ",1500.00%,"$29,233.20","$21,486.28","$7,746.92",Debit Card,April,4,2025,73.50%,,,,
11834,11/7/2026,1367.00,Customer 163,Hyderabad,Telangana,277.00,Chair,Furniture,7.00,"$24,567.00 ",500.00%,"$163,370.55","$101,560.07","$61,810.48",UPI,November,11,2026,62.17%,,,,
11835,1/12/2026,1042.00,Customer 388,Bengaluru,Karnataka,284.00,Paper,Office,3.00,"$15,260.00 ",2000.00%,"$36,624.00","$22,939.66","$13,684.34",UPI,January,1,2026,62.64%,,,,
11836,8/14/2025,1149.00,Customer 406,Pune,Maharashtra,225.00,Keyboard,Electronics,1.00,"$24,315.00 ",0.00%,"$24,315.00","$18,481.67","$5,833.33",Credit Card,August,8,2025,76.01%,,,,
11837,6/24/2025,1497.00,Customer 336,Chennai,Tamil Nadu,229.00,Notebook,Office,4.00,"$22,919.00 ",500.00%,"$87,092.20","$74,444.43","$12,647.77",Cash,June,6,2025,85.48%,,,,
11838,1/24/2026,1248.00,Customer 169,Mumbai,Maharashtra,237.00,Chair,Furniture,2.00,"$34,285.00 ",0.00%,"$68,570.00","$41,186.43","$27,383.57",Credit Card,January,1,2026,60.06%,,,,
11839,1/27/2026,1371.00,Customer 428,Pune,Maharashtra,215.00,Notebook,Office,2.00,"$28,232.00 ",0.00%,"$56,464.00","$38,370.13","$18,093.87",Credit Card,January,1,2026,67.96%,,,,
11840,8/14/2025,1406.00,Customer 424,Delhi,Delhi,268.00,Chair,Furniture,6.00,"$33,702.00 ",500.00%,"$192,101.40","$160,812.45","$31,288.95",Debit Card,August,8,2025,83.71%,,,,
11841,4/21/2025,1197.00,Customer 464,Bengaluru,Karnataka,233.00,Monitor,Electronics,2.00,"$49,087.00 ",2000.00%,"$78,539.20","$61,711.68","$16,827.52",Debit Card,April,4,2025,78.57%,,,,
11842,3/31/2025,1198.00,Customer 449,Bengaluru,Karnataka,271.00,Keyboard,Electronics,4.00,"$37,026.00 ",2000.00%,"$118,483.20","$72,837.03","$45,646.17",Credit Card,March,3,2025,61.47%,,,,
11843,3/25/2025,1190.00,Customer 142,Pune,Maharashtra,212.00,Notebook,Office,5.00,"$9,454.00 ",1500.00%,"$40,179.50","$25,733.18","$14,446.32",Debit Card,March,3,2025,64.05%,,,,
11844,7/26/2026,1410.00,Customer 166,Mumbai,Maharashtra,295.00,Keyboard,Electronics,7.00,"$34,757.00 ",500.00%,"$231,134.05","$177,599.81","$53,534.24",Credit Card,July,7,2026,76.84%,,,,
11845,2/7/2025,1350.00,Customer 138,Bengaluru,Karnataka,288.00,Pen,Office,7.00,"$35,596.00 ",2000.00%,"$199,337.60","$167,114.69","$32,222.91",Credit Card,February,2,2025,83.84%,,,,
11846,1/4/2025,1435.00,Customer 497,Delhi,Delhi,216.00,Table,Furniture,7.00,"$2,018.00 ",2000.00%,"$11,300.80","$7,962.09","$3,338.71",Cash,January,1,2025,70.46%,,,,
11847,3/6/2026,1031.00,Customer 156,Mumbai,Maharashtra,255.00,Desk,Furniture,1.00,"$30,311.00 ",0.00%,"$30,311.00","$20,480.60","$9,830.40",UPI,March,3,2026,67.57%,,,,
11848,4/7/2025,1247.00,Customer 96,Bengaluru,Karnataka,229.00,Notebook,Office,2.00,"$47,575.00 ",500.00%,"$90,392.50","$72,036.55","$18,355.95",Credit Card,April,4,2025,79.69%,,,,
11849,8/13/2026,1149.00,Customer 315,Pune,Maharashtra,235.00,Table,Furniture,4.00,"$48,326.00 ",1000.00%,"$173,973.60","$133,537.15","$40,436.45",Credit Card,August,8,2026,76.76%,,,,
11850,7/29/2025,1390.00,Customer 12,Delhi,Delhi,213.00,Keyboard,Electronics,7.00,"$8,875.00 ",1500.00%,"$52,806.25","$36,931.52","$15,874.73",Cash,July,7,2025,69.94%,,,,
11851,7/27/2026,1035.00,Customer 86,Pune,Maharashtra,250.00,Mouse,Electronics,1.00,"$48,282.00 ",1000.00%,"$43,453.80","$26,231.43","$17,222.37",Credit Card,July,7,2026,60.37%,,,,
11852,8/23/2026,1358.00,Customer 139,Pune,Maharashtra,219.00,Keyboard,Electronics,5.00,"$39,764.00 ",2000.00%,"$159,056.00","$118,714.27","$40,341.73",Cash,August,8,2026,74.64%,,,,
11853,12/2/2026,1020.00,Customer 422,Bengaluru,Karnataka,252.00,Paper,Office,5.00,"$27,597.00 ",1500.00%,"$117,287.25","$97,974.59","$19,312.66",Debit Card,December,12,2026,83.53%,,,,
11854,11/16/2025,1414.00,Customer 30,Hyderabad,Telangana,300.00,Table,Furniture,3.00,"$29,647.00 ",1500.00%,"$75,599.85","$62,935.47","$12,664.38",Cash,November,11,2025,83.25%,,,,
11855,11/12/2025,1087.00,Customer 285,Pune,Maharashtra,215.00,Chair,Furniture,3.00,$851.00 ,0.00%,"$2,553.00","$1,746.19",$806.81,Cash,November,11,2025,68.40%,,,,
11856,12/23/2026,1390.00,Customer 407,Bengaluru,Karnataka,264.00,Laptop,Electronics,7.00,$639.00 ,1500.00%,"$3,802.05","$3,386.24",$415.81,UPI,December,12,2026,89.06%,,,,
11857,7/8/2026,1296.00,Customer 252,Pune,Maharashtra,267.00,Mouse,Electronics,5.00,"$43,124.00 ",0.00%,"$215,620.00","$139,589.04","$76,030.96",Debit Card,July,7,2026,64.74%,,,,
11858,2/17/2026,1404.00,Customer 23,Hyderabad,Telangana,222.00,Notebook,Office,2.00,$121.00 ,0.00%,$242.00,$174.75,$67.25,UPI,February,2,2026,72.21%,,,,
11859,8/14/2026,1402.00,Customer 148,Pune,Maharashtra,208.00,Desk,Furniture,7.00,"$39,658.00 ",1500.00%,"$235,965.10","$195,412.76","$40,552.34",Debit Card,August,8,2026,82.81%,,,,
11860,3/30/2025,1360.00,Customer 444,Bengaluru,Karnataka,222.00,Table,Furniture,5.00,"$14,199.00 ",0.00%,"$70,995.00","$46,917.81","$24,077.19",Credit Card,March,3,2025,66.09%,,,,
11861,4/22/2026,1043.00,Customer 323,Pune,Maharashtra,262.00,Desk,Furniture,5.00,"$3,279.00 ",0.00%,"$16,395.00","$10,680.40","$5,714.60",Cash,April,4,2026,65.14%,,,,
11862,4/13/2026,1084.00,Customer 417,Bengaluru,Karnataka,291.00,Mouse,Electronics,2.00,"$39,231.00 ",2000.00%,"$62,769.60","$45,095.44","$17,674.16",Debit Card,April,4,2026,71.84%,,,,
11863,3/21/2026,1112.00,Customer 415,Pune,Maharashtra,209.00,Mouse,Electronics,5.00,"$36,286.00 ",2000.00%,"$145,144.00","$92,602.83","$52,541.17",Credit Card,March,3,2026,63.80%,,,,
11864,4/21/2026,1044.00,Customer 234,Mumbai,Maharashtra,295.00,Pen,Office,6.00,"$39,253.00 ",2000.00%,"$188,414.40","$138,073.16","$50,341.24",Credit Card,April,4,2026,73.28%,,,,
11865,12/10/2026,1273.00,Customer 123,Hyderabad,Telangana,268.00,Notebook,Office,4.00,"$23,282.00 ",1000.00%,"$83,815.20","$66,656.04","$17,159.16",UPI,December,12,2026,79.53%,,,,
11866,12/16/2026,1289.00,Customer 430,Pune,Maharashtra,212.00,Pen,Office,8.00,"$6,806.00 ",2000.00%,"$43,558.40","$30,533.31","$13,025.09",UPI,December,12,2026,70.10%,,,,
11867,7/31/2025,1358.00,Customer 326,Bengaluru,Karnataka,235.00,Table,Furniture,4.00,"$19,711.00 ",500.00%,"$74,901.80","$61,892.12","$13,009.68",Debit Card,July,7,2025,82.63%,,,,
11868,11/21/2025,1126.00,Customer 79,Pune,Maharashtra,212.00,Monitor,Electronics,4.00,"$35,677.00 ",1000.00%,"$128,437.20","$106,817.08","$21,620.12",Cash,November,11,2025,83.17%,,,,
11869,3/25/2026,1009.00,Customer 212,Pune,Maharashtra,238.00,Desk,Furniture,4.00,"$2,389.00 ",1000.00%,"$8,600.40","$5,711.30","$2,889.10",Debit Card,March,3,2026,66.41%,,,,
11870,10/21/2026,1458.00,Customer 391,Pune,Maharashtra,275.00,Pen,Office,2.00,"$22,050.00 ",1000.00%,"$39,690.00","$26,061.20","$13,628.80",Credit Card,October,10,2026,65.66%,,,,
11871,5/28/2026,1088.00,Customer 243,Delhi,Delhi,244.00,Table,Furniture,8.00,"$18,941.00 ",2000.00%,"$121,222.40","$82,593.61","$38,628.79",Credit Card,May,5,2026,68.13%,,,,
11872,5/27/2026,1249.00,Customer 2,Hyderabad,Telangana,202.00,Paper,Office,1.00,"$24,967.00 ",1000.00%,"$22,470.30","$16,997.45","$5,472.85",Cash,May,5,2026,75.64%,,,,
11873,2/2/2025,1162.00,Customer 390,Mumbai,Maharashtra,290.00,Desk,Furniture,8.00,"$30,607.00 ",0.00%,"$244,856.00","$182,338.78","$62,517.22",Debit Card,February,2,2025,74.47%,,,,
11874,5/28/2025,1068.00,Customer 412,Mumbai,Maharashtra,291.00,Notebook,Office,5.00,"$19,211.00 ",1500.00%,"$81,646.75","$58,723.54","$22,923.21",Credit Card,May,5,2025,71.92%,,,,
11875,12/28/2025,1252.00,Customer 209,Bengaluru,Karnataka,243.00,Pen,Office,3.00,"$28,853.00 ",0.00%,"$86,559.00","$54,158.35","$32,400.65",UPI,December,12,2025,62.57%,,,,
11876,4/14/2026,1169.00,Customer 275,Mumbai,Maharashtra,263.00,Laptop,Electronics,3.00,"$43,431.00 ",500.00%,"$123,778.35","$111,362.33","$12,416.02",Debit Card,April,4,2026,89.97%,,,,
11877,1/10/2026,1440.00,Customer 477,Delhi,Delhi,229.00,Desk,Furniture,4.00,"$48,644.00 ",1000.00%,"$175,118.40","$156,768.96","$18,349.44",Credit Card,January,1,2026,89.52%,,,,
11878,6/28/2026,1181.00,Customer 455,Chennai,Tamil Nadu,292.00,Mouse,Electronics,8.00,"$37,213.00 ",0.00%,"$297,704.00","$230,471.48","$67,232.52",UPI,June,6,2026,77.42%,,,,
11879,11/8/2025,1003.00,Customer 329,Delhi,Delhi,250.00,Pen,Office,3.00,$675.00 ,1500.00%,"$1,721.25","$1,411.28",$309.97,Cash,November,11,2025,81.99%,,,,
11880,3/12/2026,1166.00,Customer 236,Chennai,Tamil Nadu,259.00,Keyboard,Electronics,2.00,"$18,200.00 ",500.00%,"$34,580.00","$27,827.70","$6,752.30",Cash,March,3,2026,80.47%,,,,
11881,7/19/2025,1162.00,Customer 213,Chennai,Tamil Nadu,298.00,Pen,Office,3.00,"$20,745.00 ",0.00%,"$62,235.00","$54,009.30","$8,225.70",UPI,July,7,2025,86.78%,,,,
11882,1/21/2025,1225.00,Customer 91,Mumbai,Maharashtra,231.00,Notebook,Office,8.00,"$35,295.00 ",2000.00%,"$225,888.00","$179,802.14","$46,085.86",Cash,January,1,2025,79.60%,,,,
11883,11/8/2025,1354.00,Customer 205,Chennai,Tamil Nadu,267.00,Mouse,Electronics,8.00,"$24,957.00 ",1000.00%,"$179,690.40","$160,561.52","$19,128.88",UPI,November,11,2025,89.35%,,,,
11884,8/25/2026,1123.00,Customer 86,Chennai,Tamil Nadu,232.00,Table,Furniture,3.00,"$8,747.00 ",500.00%,"$24,928.95","$22,292.26","$2,636.69",Credit Card,August,8,2026,89.42%,,,,
11885,12/16/2026,1088.00,Customer 62,Bengaluru,Karnataka,236.00,Notebook,Office,2.00,"$49,258.00 ",0.00%,"$98,516.00","$70,555.50","$27,960.50",Cash,December,12,2026,71.62%,,,,
11886,4/11/2026,1279.00,Customer 329,Delhi,Delhi,285.00,Paper,Office,1.00,"$24,198.00 ",0.00%,"$24,198.00","$18,429.66","$5,768.34",UPI,April,4,2026,76.16%,,,,
11887,2/22/2026,1361.00,Customer 333,Hyderabad,Telangana,220.00,Notebook,Office,7.00,"$4,822.00 ",1000.00%,"$30,378.60","$20,261.07","$10,117.53",Debit Card,February,2,2026,66.70%,,,,
11888,5/28/2025,1345.00,Customer 122,Hyderabad,Telangana,233.00,Paper,Office,6.00,"$41,737.00 ",500.00%,"$237,900.90","$207,391.52","$30,509.38",Credit Card,May,5,2025,87.18%,,,,
11889,9/8/2026,1162.00,Customer 400,Bengaluru,Karnataka,297.00,Chair,Furniture,8.00,"$9,788.00 ",2000.00%,"$62,643.20","$51,724.17","$10,919.03",Cash,September,9,2026,82.57%,,,,
11890,7/10/2026,1348.00,Customer 77,Bengaluru,Karnataka,265.00,Notebook,Office,7.00,"$32,368.00 ",1500.00%,"$192,589.60","$117,578.02","$75,011.58",Credit Card,July,7,2026,61.05%,,,,
11891,11/2/2026,1353.00,Customer 314,Hyderabad,Telangana,286.00,Notebook,Office,7.00,"$48,116.00 ",1500.00%,"$286,290.20","$181,805.02","$104,485.18",Cash,November,11,2026,63.50%,,,,
11892,3/4/2025,1036.00,Customer 36,Chennai,Tamil Nadu,255.00,Desk,Furniture,6.00,"$39,477.00 ",1000.00%,"$213,175.80","$148,677.72","$64,498.08",Cash,March,3,2025,69.74%,,,,
11893,9/11/2025,1013.00,Customer 491,Chennai,Tamil Nadu,293.00,Desk,Furniture,1.00,"$31,637.00 ",0.00%,"$31,637.00","$27,966.90","$3,670.10",UPI,September,9,2025,88.40%,,,,
11894,9/28/2026,1317.00,Customer 242,Bengaluru,Karnataka,254.00,Chair,Furniture,1.00,"$12,054.00 ",1000.00%,"$10,848.60","$7,981.23","$2,867.37",Debit Card,September,9,2026,73.57%,,,,
11895,2/10/2025,1077.00,Customer 217,Delhi,Delhi,237.00,Pen,Office,1.00,"$17,547.00 ",500.00%,"$16,669.65","$14,096.52","$2,573.13",Cash,February,2,2025,84.56%,,,,
11896,11/23/2026,1076.00,Customer 129,Delhi,Delhi,204.00,Keyboard,Electronics,3.00,"$28,304.00 ",1000.00%,"$76,420.80","$54,710.02","$21,710.78",UPI,November,11,2026,71.59%,,,,
11897,2/20/2026,1500.00,Customer 134,Delhi,Delhi,298.00,Chair,Furniture,1.00,"$40,984.00 ",0.00%,"$40,984.00","$27,907.12","$13,076.88",Credit Card,February,2,2026,68.09%,,,,
11898,5/14/2025,1350.00,Customer 247,Hyderabad,Telangana,300.00,Pen,Office,5.00,"$41,651.00 ",500.00%,"$197,842.25","$138,464.25","$59,378.00",Cash,May,5,2025,69.99%,,,,
11899,2/4/2026,1415.00,Customer 196,Mumbai,Maharashtra,286.00,Notebook,Office,8.00,$571.00 ,1000.00%,"$4,111.20","$3,211.44",$899.76,UPI,February,2,2026,78.11%,,,,
11900,6/8/2026,1009.00,Customer 125,Bengaluru,Karnataka,255.00,Monitor,Electronics,4.00,"$6,019.00 ",500.00%,"$22,872.20","$17,788.55","$5,083.65",Cash,June,6,2026,77.77%,,,,
11901,7/31/2025,1319.00,Customer 125,Hyderabad,Telangana,246.00,Keyboard,Electronics,6.00,"$17,054.00 ",500.00%,"$97,207.80","$75,902.73","$21,305.07",UPI,July,7,2025,78.08%,,,,
11902,9/6/2026,1335.00,Customer 404,Hyderabad,Telangana,250.00,Table,Furniture,5.00,"$46,701.00 ",2000.00%,"$186,804.00","$123,155.60","$63,648.40",Credit Card,September,9,2026,65.93%,,,,
11903,11/30/2025,1357.00,Customer 420,Chennai,Tamil Nadu,264.00,Paper,Office,3.00,"$29,217.00 ",2000.00%,"$70,120.80","$62,637.49","$7,483.31",UPI,November,11,2025,89.33%,,,,
11904,9/9/2026,1365.00,Customer 410,Mumbai,Maharashtra,225.00,Laptop,Electronics,2.00,"$20,553.00 ",0.00%,"$41,106.00","$26,157.68","$14,948.32",UPI,September,9,2026,63.63%,,,,
11905,8/4/2026,1409.00,Customer 429,Delhi,Delhi,248.00,Monitor,Electronics,7.00,"$4,230.00 ",1000.00%,"$26,649.00","$21,063.87","$5,585.13",Debit Card,August,8,2026,79.04%,,,,
11906,9/28/2026,1272.00,Customer 271,Pune,Maharashtra,225.00,Laptop,Electronics,4.00,"$15,898.00 ",0.00%,"$63,592.00","$50,510.03","$13,081.97",Debit Card,September,9,2026,79.43%,,,,
11907,12/19/2025,1295.00,Customer 301,Pune,Maharashtra,208.00,Chair,Furniture,6.00,"$49,958.00 ",2000.00%,"$239,798.40","$168,255.81","$71,542.59",Cash,December,12,2025,70.17%,,,,
11908,11/27/2026,1097.00,Customer 162,Pune,Maharashtra,226.00,Laptop,Electronics,1.00,"$9,086.00 ",1500.00%,"$7,723.10","$5,860.79","$1,862.31",UPI,November,11,2026,75.89%,,,,
11909,6/22/2025,1160.00,Customer 240,Pune,Maharashtra,280.00,Paper,Office,1.00,"$24,805.00 ",500.00%,"$23,564.75","$19,510.82","$4,053.93",UPI,June,6,2025,82.80%,,,,
11910,1/27/2025,1424.00,Customer 13,Mumbai,Maharashtra,216.00,Chair,Furniture,2.00,"$44,005.00 ",1000.00%,"$79,209.00","$64,120.55","$15,088.45",Debit Card,January,1,2025,80.95%,,,,
11911,7/19/2026,1458.00,Customer 151,Mumbai,Maharashtra,260.00,Monitor,Electronics,3.00,"$10,826.00 ",1500.00%,"$27,606.30","$19,728.49","$7,877.81",Credit Card,July,7,2026,71.46%,,,,
11912,10/5/2025,1389.00,Customer 386,Chennai,Tamil Nadu,222.00,Chair,Furniture,1.00,"$27,613.00 ",1000.00%,"$24,851.70","$19,767.07","$5,084.63",Debit Card,October,10,2025,79.54%,,,,
11913,4/29/2026,1440.00,Customer 214,Bengaluru,Karnataka,281.00,Desk,Furniture,4.00,"$38,187.00 ",0.00%,"$152,748.00","$104,681.23","$48,066.77",Debit Card,April,4,2026,68.53%,,,,
11914,10/5/2025,1395.00,Customer 460,Chennai,Tamil Nadu,204.00,Pen,Office,3.00,"$35,028.00 ",2000.00%,"$84,067.20","$65,907.67","$18,159.53",Debit Card,October,10,2025,78.40%,,,,
11915,11/5/2025,1225.00,Customer 154,Mumbai,Maharashtra,291.00,Notebook,Office,5.00,"$44,999.00 ",500.00%,"$213,745.25","$170,606.20","$43,139.05",Cash,November,11,2025,79.82%,,,,
11916,5/28/2025,1106.00,Customer 453,Pune,Maharashtra,285.00,Table,Furniture,8.00,"$30,495.00 ",500.00%,"$231,762.00","$195,749.06","$36,012.94",Debit Card,May,5,2025,84.46%,,,,
11917,7/15/2025,1188.00,Customer 280,Hyderabad,Telangana,269.00,Desk,Furniture,3.00,"$1,735.00 ",500.00%,"$4,944.75","$3,703.50","$1,241.25",Credit Card,July,7,2025,74.90%,,,,
11918,3/7/2026,1460.00,Customer 264,Delhi,Delhi,204.00,Table,Furniture,4.00,"$18,667.00 ",2000.00%,"$59,734.40","$53,016.46","$6,717.94",Debit Card,March,3,2026,88.75%,,,,
11919,9/30/2025,1477.00,Customer 85,Bengaluru,Karnataka,278.00,Monitor,Electronics,5.00,"$41,083.00 ",1000.00%,"$184,873.50","$147,914.73","$36,958.77",Debit Card,September,9,2025,80.01%,,,,
11920,12/6/2026,1462.00,Customer 388,Chennai,Tamil Nadu,259.00,Chair,Furniture,6.00,"$18,890.00 ",0.00%,"$113,340.00","$85,210.40","$28,129.60",Cash,December,12,2026,75.18%,,,,
11921,1/1/2027,1128.00,Customer 116,Pune,Maharashtra,248.00,Mouse,Electronics,7.00,"$17,923.00 ",1000.00%,"$112,914.90","$92,408.13","$20,506.77",Debit Card,January,1,2027,81.84%,,,,
11922,10/19/2026,1421.00,Customer 104,Hyderabad,Telangana,229.00,Laptop,Electronics,7.00,"$43,033.00 ",1500.00%,"$256,046.35","$168,784.57","$87,261.78",UPI,October,10,2026,65.92%,,,,
11923,2/26/2025,1216.00,Customer 222,Mumbai,Maharashtra,231.00,Chair,Furniture,7.00,"$16,874.00 ",2000.00%,"$94,494.40","$84,933.10","$9,561.30",Cash,February,2,2025,89.88%,,,,
11924,3/16/2026,1145.00,Customer 224,Mumbai,Maharashtra,242.00,Laptop,Electronics,6.00,"$19,427.00 ",1500.00%,"$99,077.70","$74,125.80","$24,951.90",UPI,March,3,2026,74.82%,,,,
11925,8/12/2026,1275.00,Customer 483,Chennai,Tamil Nadu,277.00,Notebook,Office,3.00,"$5,936.00 ",2000.00%,"$14,246.40","$12,560.85","$1,685.55",Debit Card,August,8,2026,88.17%,,,,
11926,7/4/2025,1342.00,Customer 463,Pune,Maharashtra,299.00,Laptop,Electronics,6.00,"$23,807.00 ",0.00%,"$142,842.00","$118,813.13","$24,028.87",Debit Card,July,7,2025,83.18%,,,,
11927,2/28/2025,1243.00,Customer 19,Hyderabad,Telangana,215.00,Pen,Office,7.00,"$20,665.00 ",1000.00%,"$130,189.50","$111,432.82","$18,756.68",Debit Card,February,2,2025,85.59%,,,,
11928,4/9/2025,1199.00,Customer 63,Hyderabad,Telangana,238.00,Paper,Office,7.00,"$28,297.00 ",1500.00%,"$168,367.15","$104,472.95","$63,894.20",Credit Card,April,4,2025,62.05%,,,,
11929,10/14/2025,1159.00,Customer 141,Delhi,Delhi,281.00,Paper,Office,2.00,"$14,279.00 ",500.00%,"$27,130.10","$18,300.89","$8,829.21",Credit Card,October,10,2025,67.46%,,,,
11930,12/13/2025,1361.00,Customer 224,Delhi,Delhi,264.00,Chair,Furniture,3.00,"$48,338.00 ",0.00%,"$145,014.00","$93,337.99","$51,676.01",Cash,December,12,2025,64.36%,,,,
11931,7/11/2025,1323.00,Customer 101,Mumbai,Maharashtra,251.00,Notebook,Office,4.00,"$5,860.00 ",1000.00%,"$21,096.00","$14,753.87","$6,342.13",Debit Card,July,7,2025,69.94%,,,,
11932,10/3/2026,1288.00,Customer 206,Mumbai,Maharashtra,254.00,Chair,Furniture,1.00,"$19,292.00 ",0.00%,"$19,292.00","$16,648.25","$2,643.75",Credit Card,October,10,2026,86.30%,,,,
11933,6/6/2025,1109.00,Customer 72,Hyderabad,Telangana,213.00,Notebook,Office,2.00,"$12,079.00 ",2000.00%,"$19,326.40","$12,577.34","$6,749.06",Credit Card,June,6,2025,65.08%,,,,
11934,4/20/2025,1196.00,Customer 190,Chennai,Tamil Nadu,263.00,Paper,Office,8.00,"$14,022.00 ",1000.00%,"$100,958.40","$74,300.35","$26,658.05",Debit Card,April,4,2025,73.60%,,,,
11935,5/7/2025,1500.00,Customer 87,Delhi,Delhi,231.00,Notebook,Office,4.00,"$33,666.00 ",500.00%,"$127,930.80","$93,951.36","$33,979.44",Debit Card,May,5,2025,73.44%,,,,
11936,10/5/2025,1413.00,Customer 70,Hyderabad,Telangana,232.00,Laptop,Electronics,6.00,"$4,176.00 ",500.00%,"$23,803.20","$18,895.77","$4,907.43",Cash,October,10,2025,79.38%,,,,
11937,3/17/2025,1385.00,Customer 335,Hyderabad,Telangana,225.00,Laptop,Electronics,7.00,"$15,765.00 ",0.00%,"$110,355.00","$91,973.06","$18,381.94",Cash,March,3,2025,83.34%,,,,
11938,9/6/2026,1362.00,Customer 264,Bengaluru,Karnataka,261.00,Chair,Furniture,1.00,"$42,543.00 ",500.00%,"$40,415.85","$33,117.48","$7,298.37",Cash,September,9,2026,81.94%,,,,
11939,12/23/2026,1035.00,Customer 203,Pune,Maharashtra,256.00,Laptop,Electronics,6.00,"$1,728.00 ",1500.00%,"$8,812.80","$6,417.10","$2,395.70",Credit Card,December,12,2026,72.82%,,,,
11940,9/27/2026,1139.00,Customer 494,Bengaluru,Karnataka,211.00,Pen,Office,6.00,"$21,755.00 ",1500.00%,"$110,950.50","$79,145.44","$31,805.06",Credit Card,September,9,2026,71.33%,,,,
11941,6/25/2026,1316.00,Customer 182,Pune,Maharashtra,227.00,Table,Furniture,1.00,"$38,997.00 ",500.00%,"$37,047.15","$31,079.17","$5,967.98",Credit Card,June,6,2026,83.89%,,,,
11942,1/21/2026,1249.00,Customer 143,Mumbai,Maharashtra,293.00,Keyboard,Electronics,7.00,"$32,710.00 ",500.00%,"$217,521.50","$163,769.62","$53,751.88",Cash,January,1,2026,75.29%,,,,
11943,10/28/2025,1380.00,Customer 435,Hyderabad,Telangana,233.00,Paper,Office,5.00,"$17,120.00 ",500.00%,"$81,320.00","$57,068.63","$24,251.37",UPI,October,10,2025,70.18%,,,,
11944,2/8/2026,1441.00,Customer 454,Mumbai,Maharashtra,255.00,Notebook,Office,4.00,"$14,469.00 ",0.00%,"$57,876.00","$35,407.73","$22,468.27",Debit Card,February,2,2026,61.18%,,,,
11945,3/4/2026,1183.00,Customer 370,Bengaluru,Karnataka,243.00,Laptop,Electronics,2.00,"$32,152.00 ",1500.00%,"$54,658.40","$34,750.17","$19,908.23",Debit Card,March,3,2026,63.58%,,,,
11946,4/23/2025,1253.00,Customer 487,Pune,Maharashtra,214.00,Notebook,Office,2.00,"$38,693.00 ",2000.00%,"$61,908.80","$42,263.39","$19,645.41",UPI,April,4,2025,68.27%,,,,
11947,11/4/2025,1379.00,Customer 262,Hyderabad,Telangana,244.00,Table,Furniture,1.00,"$40,219.00 ",1000.00%,"$36,197.10","$28,223.57","$7,973.53",Debit Card,November,11,2025,77.97%,,,,
11948,4/28/2026,1423.00,Customer 271,Chennai,Tamil Nadu,248.00,Notebook,Office,4.00,"$40,359.00 ",500.00%,"$153,364.20","$96,286.47","$57,077.73",UPI,April,4,2026,62.78%,,,,
11949,3/25/2026,1045.00,Customer 203,Chennai,Tamil Nadu,251.00,Table,Furniture,6.00,"$25,553.00 ",1000.00%,"$137,986.20","$122,235.29","$15,750.91",Cash,March,3,2026,88.59%,,,,
11950,3/30/2025,1470.00,Customer 500,Bengaluru,Karnataka,217.00,Table,Furniture,8.00,"$31,578.00 ",0.00%,"$252,624.00","$198,396.26","$54,227.74",UPI,March,3,2025,78.53%,,,,
11951,2/13/2026,1369.00,Customer 316,Pune,Maharashtra,206.00,Laptop,Electronics,6.00,"$46,385.00 ",1500.00%,"$236,563.50","$146,907.23","$89,656.27",Cash,February,2,2026,62.10%,,,,
11952,10/1/2026,1207.00,Customer 360,Chennai,Tamil Nadu,228.00,Chair,Furniture,2.00,"$47,372.00 ",0.00%,"$94,744.00","$60,642.93","$34,101.07",Credit Card,October,10,2026,64.01%,,,,
11953,5/24/2026,1003.00,Customer 77,Pune,Maharashtra,300.00,Pen,Office,4.00,"$47,289.00 ",1000.00%,"$170,240.40","$111,428.48","$58,811.92",UPI,May,5,2026,65.45%,,,,
11954,11/10/2025,1472.00,Customer 443,Bengaluru,Karnataka,281.00,Mouse,Electronics,2.00,"$22,275.00 ",1500.00%,"$37,867.50","$22,739.57","$15,127.93",Credit Card,November,11,2025,60.05%,,,,
11955,3/29/2026,1482.00,Customer 97,Mumbai,Maharashtra,224.00,Desk,Furniture,3.00,"$7,207.00 ",1000.00%,"$19,458.90","$12,097.79","$7,361.11",Cash,March,3,2026,62.17%,,,,
11956,9/30/2026,1305.00,Customer 4,Bengaluru,Karnataka,300.00,Paper,Office,3.00,"$21,408.00 ",500.00%,"$61,012.80","$46,601.53","$14,411.27",Debit Card,September,9,2026,76.38%,,,,
11957,2/23/2026,1269.00,Customer 404,Hyderabad,Telangana,286.00,Desk,Furniture,2.00,"$42,021.00 ",0.00%,"$84,042.00","$53,863.68","$30,178.32",UPI,February,2,2026,64.09%,,,,
11958,5/10/2026,1067.00,Customer 46,Mumbai,Maharashtra,203.00,Chair,Furniture,6.00,"$3,227.00 ",1500.00%,"$16,457.70","$12,974.04","$3,483.66",Cash,May,5,2026,78.83%,,,,
11959,11/3/2026,1073.00,Customer 164,Delhi,Delhi,221.00,Monitor,Electronics,7.00,"$27,942.00 ",500.00%,"$185,814.30","$122,863.43","$62,950.87",Debit Card,November,11,2026,66.12%,,,,
11960,11/15/2026,1312.00,Customer 18,Bengaluru,Karnataka,234.00,Monitor,Electronics,8.00,"$7,136.00 ",500.00%,"$54,233.60","$37,795.19","$16,438.41",UPI,November,11,2026,69.69%,,,,
11961,9/1/2026,1163.00,Customer 386,Bengaluru,Karnataka,223.00,Monitor,Electronics,3.00,"$1,825.00 ",2000.00%,"$4,380.00","$3,905.10",$474.90,Credit Card,September,9,2026,89.16%,,,,
11962,4/11/2026,1164.00,Customer 491,Delhi,Delhi,293.00,Table,Furniture,8.00,"$35,755.00 ",1000.00%,"$257,436.00","$222,648.35","$34,787.65",Cash,April,4,2026,86.49%,,,,
11963,4/25/2026,1277.00,Customer 426,Mumbai,Maharashtra,206.00,Table,Furniture,2.00,"$31,534.00 ",500.00%,"$59,914.60","$43,548.59","$16,366.01",Cash,April,4,2026,72.68%,,,,
11964,10/4/2026,1231.00,Customer 427,Bengaluru,Karnataka,237.00,Paper,Office,7.00,"$31,078.00 ",0.00%,"$217,546.00","$195,752.33","$21,793.67",Credit Card,October,10,2026,89.98%,,,,
11965,3/11/2026,1264.00,Customer 164,Chennai,Tamil Nadu,221.00,Monitor,Electronics,6.00,"$33,700.00 ",0.00%,"$202,200.00","$146,044.46","$56,155.54",Debit Card,March,3,2026,72.23%,,,,
11966,8/16/2026,1215.00,Customer 201,Chennai,Tamil Nadu,273.00,Monitor,Electronics,1.00,"$22,502.00 ",500.00%,"$21,376.90","$14,591.30","$6,785.60",UPI,August,8,2026,68.26%,,,,
11967,10/22/2026,1378.00,Customer 492,Pune,Maharashtra,235.00,Pen,Office,8.00,"$36,379.00 ",1000.00%,"$261,928.80","$164,083.65","$97,845.15",Cash,October,10,2026,62.64%,,,,
11968,11/2/2026,1358.00,Customer 173,Chennai,Tamil Nadu,226.00,Monitor,Electronics,7.00,"$33,513.00 ",0.00%,"$234,591.00","$194,381.36","$40,209.64",Cash,November,11,2026,82.86%,,,,
11969,8/26/2026,1028.00,Customer 159,Hyderabad,Telangana,223.00,Pen,Office,5.00,"$24,537.00 ",0.00%,"$122,685.00","$105,854.69","$16,830.31",UPI,August,8,2026,86.28%,,,,
11970,4/21/2025,1401.00,Customer 408,Hyderabad,Telangana,228.00,Chair,Furniture,5.00,"$15,172.00 ",1000.00%,"$68,274.00","$44,310.42","$23,963.58",UPI,April,4,2025,64.90%,,,,
11971,2/24/2025,1155.00,Customer 494,Chennai,Tamil Nadu,220.00,Chair,Furniture,8.00,"$42,132.00 ",1000.00%,"$303,350.40","$247,699.07","$55,651.33",Debit Card,February,2,2025,81.65%,,,,
11972,9/23/2026,1046.00,Customer 269,Pune,Maharashtra,214.00,Keyboard,Electronics,2.00,"$27,997.00 ",1500.00%,"$47,594.90","$33,305.45","$14,289.45",Debit Card,September,9,2026,69.98%,,,,
11973,11/18/2026,1273.00,Customer 210,Hyderabad,Telangana,271.00,Notebook,Office,6.00,"$34,635.00 ",1000.00%,"$187,029.00","$158,916.37","$28,112.63",UPI,November,11,2026,84.97%,,,,
11974,12/16/2025,1077.00,Customer 82,Hyderabad,Telangana,243.00,Pen,Office,6.00,"$34,752.00 ",500.00%,"$198,086.40","$162,102.05","$35,984.35",Credit Card,December,12,2025,81.83%,,,,
11975,12/22/2026,1184.00,Customer 214,Bengaluru,Karnataka,230.00,Desk,Furniture,4.00,"$4,452.00 ",2000.00%,"$14,246.40","$9,533.35","$4,713.05",Credit Card,December,12,2026,66.92%,,,,
11976,4/1/2025,1066.00,Customer 478,Pune,Maharashtra,280.00,Laptop,Electronics,1.00,"$26,859.00 ",2000.00%,"$21,487.20","$14,185.80","$7,301.40",Credit Card,April,4,2025,66.02%,,,,
11977,7/23/2026,1094.00,Customer 229,Bengaluru,Karnataka,265.00,Laptop,Electronics,4.00,"$34,082.00 ",2000.00%,"$109,062.40","$66,454.79","$42,607.61",Debit Card,July,7,2026,60.93%,,,,
11978,8/29/2026,1442.00,Customer 205,Chennai,Tamil Nadu,279.00,Pen,Office,6.00,"$45,434.00 ",1000.00%,"$245,343.60","$195,769.11","$49,574.49",Debit Card,August,8,2026,79.79%,,,,
11979,12/3/2026,1391.00,Customer 185,Mumbai,Maharashtra,283.00,Paper,Office,7.00,"$8,570.00 ",1000.00%,"$53,991.00","$35,042.15","$18,948.85",Cash,December,12,2026,64.90%,,,,
11980,12/9/2025,1206.00,Customer 283,Chennai,Tamil Nadu,241.00,Chair,Furniture,3.00,"$2,638.00 ",1500.00%,"$6,726.90","$4,441.52","$2,285.38",Cash,December,12,2025,66.03%,,,,
11981,10/5/2026,1400.00,Customer 249,Chennai,Tamil Nadu,230.00,Paper,Office,2.00,"$2,453.00 ",2000.00%,"$3,924.80","$2,704.66","$1,220.14",UPI,October,10,2026,68.91%,,,,
11982,12/7/2026,1113.00,Customer 372,Chennai,Tamil Nadu,294.00,Desk,Furniture,7.00,"$30,191.00 ",1000.00%,"$190,203.30","$122,654.27","$67,549.03",Debit Card,December,12,2026,64.49%,,,,
11983,4/16/2025,1149.00,Customer 115,Delhi,Delhi,272.00,Pen,Office,8.00,"$44,212.00 ",2000.00%,"$282,956.80","$198,717.55","$84,239.25",UPI,April,4,2025,70.23%,,,,
11984,12/5/2026,1174.00,Customer 243,Delhi,Delhi,291.00,Desk,Furniture,5.00,"$30,947.00 ",1500.00%,"$131,524.75","$104,648.55","$26,876.20",Credit Card,December,12,2026,79.57%,,,,
11985,12/28/2025,1172.00,Customer 18,Hyderabad,Telangana,231.00,Laptop,Electronics,4.00,"$17,396.00 ",1000.00%,"$62,625.60","$56,351.27","$6,274.33",Cash,December,12,2025,89.98%,,,,
11986,1/22/2026,1126.00,Customer 187,Bengaluru,Karnataka,220.00,Laptop,Electronics,1.00,"$1,523.00 ",2000.00%,"$1,218.40",$979.73,$238.67,Debit Card,January,1,2026,80.41%,,,,
11987,11/19/2026,1307.00,Customer 108,Mumbai,Maharashtra,289.00,Chair,Furniture,5.00,"$40,766.00 ",500.00%,"$193,638.50","$173,749.63","$19,888.87",Debit Card,November,11,2026,89.73%,,,,
11988,10/26/2026,1361.00,Customer 315,Chennai,Tamil Nadu,233.00,Desk,Furniture,2.00,"$11,430.00 ",2000.00%,"$18,288.00","$13,349.79","$4,938.21",Credit Card,October,10,2026,73.00%,,,,
11989,7/26/2025,1449.00,Customer 397,Bengaluru,Karnataka,245.00,Desk,Furniture,3.00,"$45,553.00 ",1000.00%,"$122,993.10","$104,477.27","$18,515.83",Debit Card,July,7,2025,84.95%,,,,
11990,1/15/2025,1270.00,Customer 39,Delhi,Delhi,275.00,Pen,Office,4.00,"$8,946.00 ",0.00%,"$35,784.00","$24,179.35","$11,604.65",UPI,January,1,2025,67.57%,,,,
11991,11/18/2025,1415.00,Customer 499,Bengaluru,Karnataka,257.00,Laptop,Electronics,2.00,"$19,045.00 ",0.00%,"$38,090.00","$23,663.00","$14,427.00",Credit Card,November,11,2025,62.12%,,,,
11992,2/2/2026,1216.00,Customer 13,Mumbai,Maharashtra,207.00,Table,Furniture,6.00,"$36,578.00 ",1000.00%,"$197,521.20","$156,482.22","$41,038.98",Credit Card,February,2,2026,79.22%,,,,
11993,12/18/2026,1314.00,Customer 227,Chennai,Tamil Nadu,284.00,Notebook,Office,5.00,"$25,319.00 ",2000.00%,"$101,276.00","$67,994.16","$33,281.84",Debit Card,December,12,2026,67.14%,,,,
11994,5/4/2026,1330.00,Customer 340,Chennai,Tamil Nadu,265.00,Pen,Office,6.00,"$28,173.00 ",1500.00%,"$143,682.30","$117,575.09","$26,107.21",Debit Card,May,5,2026,81.83%,,,,
11995,9/19/2026,1081.00,Customer 315,Chennai,Tamil Nadu,206.00,Pen,Office,3.00,"$4,043.00 ",500.00%,"$11,522.55","$7,449.57","$4,072.98",UPI,September,9,2026,64.65%,,,,
11996,9/6/2026,1235.00,Customer 368,Chennai,Tamil Nadu,221.00,Mouse,Electronics,6.00,"$31,036.00 ",1500.00%,"$158,283.60","$124,580.28","$33,703.32",Credit Card,September,9,2026,78.71%,,,,
11997,12/21/2025,1309.00,Customer 170,Delhi,Delhi,224.00,Notebook,Office,8.00,"$40,357.00 ",0.00%,"$322,856.00","$243,925.78","$78,930.22",Debit Card,December,12,2025,75.55%,,,,
11998,1/28/2026,1007.00,Customer 124,Bengaluru,Karnataka,299.00,Mouse,Electronics,3.00,"$5,241.00 ",1500.00%,"$13,364.55","$8,385.03","$4,979.52",Cash,January,1,2026,62.74%,,,,
11999,3/5/2026,1114.00,Customer 127,Hyderabad,Telangana,242.00,Desk,Furniture,8.00,"$22,120.00 ",500.00%,"$168,112.00","$110,076.81","$58,035.19",Debit Card,March,3,2026,65.48%,,,,
12000,1/16/2026,1342.00,Customer 354,Mumbai,Maharashtra,225.00,Table,Furniture,7.00,"$33,578.00 ",2000.00%,"$188,036.80","$153,621.20","$34,415.60",Credit Card,January,1,2026,81.70%,,,,
12001,10/7/2025,1210.00,Customer 97,Hyderabad,Telangana,271.00,Chair,Furniture,7.00,"$14,703.00 ",2000.00%,"$82,336.80","$72,952.85","$9,383.95",Debit Card,October,10,2025,88.60%,,,,
12002,7/5/2025,1006.00,Customer 418,Mumbai,Maharashtra,294.00,Laptop,Electronics,8.00,"$22,889.00 ",1500.00%,"$155,645.20","$112,834.25","$42,810.95",Cash,July,7,2025,72.49%,,,,
12003,5/27/2026,1360.00,Customer 436,Delhi,Delhi,251.00,Table,Furniture,2.00,"$44,056.00 ",1500.00%,"$74,895.20","$56,644.18","$18,251.02",Debit Card,May,5,2026,75.63%,,,,
12004,3/29/2025,1032.00,Customer 114,Pune,Maharashtra,204.00,Chair,Furniture,8.00,"$24,789.00 ",500.00%,"$188,396.40","$146,725.96","$41,670.44",UPI,March,3,2025,77.88%,,,,
12005,4/24/2025,1472.00,Customer 487,Chennai,Tamil Nadu,228.00,Keyboard,Electronics,3.00,"$38,998.00 ",1000.00%,"$105,294.60","$81,014.93","$24,279.67",Cash,April,4,2025,76.94%,,,,
12006,8/16/2026,1016.00,Customer 90,Pune,Maharashtra,277.00,Desk,Furniture,7.00,"$15,495.00 ",500.00%,"$103,041.75","$68,582.27","$34,459.48",UPI,August,8,2026,66.56%,,,,
12007,7/20/2026,1480.00,Customer 348,Pune,Maharashtra,203.00,Table,Furniture,1.00,"$22,810.00 ",500.00%,"$21,669.50","$13,260.83","$8,408.67",Cash,July,7,2026,61.20%,,,,
12008,10/29/2025,1177.00,Customer 197,Mumbai,Maharashtra,240.00,Mouse,Electronics,1.00,"$28,720.00 ",1000.00%,"$25,848.00","$22,812.94","$3,035.06",Credit Card,October,10,2025,88.26%,,,,
12009,12/28/2026,1178.00,Customer 437,Chennai,Tamil Nadu,284.00,Monitor,Electronics,5.00,"$29,514.00 ",2000.00%,"$118,056.00","$78,683.70","$39,372.30",Credit Card,December,12,2026,66.65%,,,,
12010,6/28/2026,1239.00,Customer 357,Hyderabad,Telangana,287.00,Chair,Furniture,2.00,"$15,440.00 ",0.00%,"$30,880.00","$25,778.22","$5,101.78",UPI,June,6,2026,83.48%,,,,
12011,11/21/2026,1093.00,Customer 461,Delhi,Delhi,277.00,Pen,Office,4.00,"$33,720.00 ",0.00%,"$134,880.00","$84,221.62","$50,658.38",Credit Card,November,11,2026,62.44%,,,,
12012,6/26/2026,1404.00,Customer 46,Chennai,Tamil Nadu,271.00,Mouse,Electronics,8.00,"$5,258.00 ",2000.00%,"$33,651.20","$24,020.13","$9,631.07",UPI,June,6,2026,71.38%,,,,
12013,3/20/2025,1030.00,Customer 264,Delhi,Delhi,207.00,Paper,Office,7.00,"$11,471.00 ",1000.00%,"$72,267.30","$46,385.25","$25,882.05",Cash,March,3,2025,64.19%,,,,
12014,2/18/2026,1183.00,Customer 391,Pune,Maharashtra,293.00,Mouse,Electronics,1.00,"$19,026.00 ",1500.00%,"$16,172.10","$10,232.92","$5,939.18",Cash,February,2,2026,63.28%,,,,
12015,2/28/2026,1339.00,Customer 116,Pune,Maharashtra,224.00,Notebook,Office,6.00,$850.00 ,500.00%,"$4,845.00","$3,651.51","$1,193.49",UPI,February,2,2026,75.37%,,,,
12016,5/13/2025,1111.00,Customer 18,Pune,Maharashtra,254.00,Paper,Office,1.00,"$34,577.00 ",0.00%,"$34,577.00","$21,545.47","$13,031.53",Cash,May,5,2025,62.31%,,,,
12017,1/19/2025,1475.00,Customer 357,Delhi,Delhi,266.00,Laptop,Electronics,2.00,"$48,569.00 ",1500.00%,"$82,567.30","$56,185.45","$26,381.85",Debit Card,January,1,2025,68.05%,,,,
12018,3/22/2026,1437.00,Customer 153,Mumbai,Maharashtra,249.00,Monitor,Electronics,4.00,"$49,359.00 ",2000.00%,"$157,948.80","$120,653.32","$37,295.48",Credit Card,March,3,2026,76.39%,,,,
12019,11/10/2025,1463.00,Customer 286,Delhi,Delhi,262.00,Chair,Furniture,7.00,"$7,645.00 ",2000.00%,"$42,812.00","$36,492.95","$6,319.05",UPI,November,11,2025,85.24%,,,,
12020,3/14/2026,1148.00,Customer 421,Hyderabad,Telangana,254.00,Laptop,Electronics,7.00,"$18,397.00 ",1500.00%,"$109,462.15","$87,895.66","$21,566.49",Credit Card,March,3,2026,80.30%,,,,
12021,5/31/2025,1241.00,Customer 475,Bengaluru,Karnataka,239.00,Desk,Furniture,2.00,"$45,359.00 ",0.00%,"$90,718.00","$68,816.84","$21,901.16",Credit Card,May,5,2025,75.86%,,,,
12022,2/2/2026,1495.00,Customer 65,Mumbai,Maharashtra,284.00,Table,Furniture,8.00,"$39,181.00 ",1500.00%,"$266,430.80","$204,762.12","$61,668.68",UPI,February,2,2026,76.85%,,,,
12023,12/30/2025,1312.00,Customer 189,Delhi,Delhi,264.00,Table,Furniture,4.00,"$37,084.00 ",2000.00%,"$118,668.80","$83,095.01","$35,573.79",Cash,December,12,2025,70.02%,,,,
12024,7/14/2025,1210.00,Customer 221,Bengaluru,Karnataka,230.00,Keyboard,Electronics,2.00,"$30,184.00 ",1500.00%,"$51,312.80","$38,571.04","$12,741.76",Credit Card,July,7,2025,75.17%,,,,
12025,9/30/2026,1288.00,Customer 246,Delhi,Delhi,233.00,Desk,Furniture,4.00,"$28,698.00 ",1500.00%,"$97,573.20","$60,245.78","$37,327.42",Credit Card,September,9,2026,61.74%,,,,
12026,8/15/2025,1448.00,Customer 147,Chennai,Tamil Nadu,216.00,Notebook,Office,8.00,"$46,263.00 ",2000.00%,"$296,083.20","$263,907.31","$32,175.89",UPI,August,8,2025,89.13%,,,,
12027,11/15/2026,1033.00,Customer 500,Chennai,Tamil Nadu,208.00,Keyboard,Electronics,3.00,$698.00 ,2000.00%,"$1,675.20","$1,074.21",$600.99,UPI,November,11,2026,64.12%,,,,
12028,3/12/2025,1477.00,Customer 62,Hyderabad,Telangana,236.00,Table,Furniture,7.00,"$8,116.00 ",500.00%,"$53,971.40","$33,193.59","$20,777.81",Debit Card,March,3,2025,61.50%,,,,
12029,6/3/2026,1449.00,Customer 329,Chennai,Tamil Nadu,230.00,Monitor,Electronics,7.00,$509.00 ,0.00%,"$3,563.00","$2,641.64",$921.36,Credit Card,June,6,2026,74.14%,,,,
12030,10/15/2026,1409.00,Customer 434,Mumbai,Maharashtra,254.00,Chair,Furniture,3.00,"$7,195.00 ",0.00%,"$21,585.00","$17,245.28","$4,339.72",Cash,October,10,2026,79.89%,,,,
12031,2/11/2026,1378.00,Customer 40,Bengaluru,Karnataka,266.00,Chair,Furniture,3.00,"$49,254.00 ",1000.00%,"$132,985.80","$106,207.33","$26,778.47",Cash,February,2,2026,79.86%,,,,
12032,1/31/2026,1366.00,Customer 51,Chennai,Tamil Nadu,220.00,Pen,Office,7.00,"$20,184.00 ",500.00%,"$134,223.60","$86,910.28","$47,313.32",Debit Card,January,1,2026,64.75%,,,,
12033,12/26/2026,1492.00,Customer 165,Mumbai,Maharashtra,276.00,Desk,Furniture,3.00,"$2,240.00 ",2000.00%,"$5,376.00","$3,496.36","$1,879.64",Credit Card,December,12,2026,65.04%,,,,
12034,2/24/2025,1435.00,Customer 113,Pune,Maharashtra,276.00,Paper,Office,2.00,"$37,588.00 ",2000.00%,"$60,140.80","$48,982.20","$11,158.60",Debit Card,February,2,2025,81.45%,,,,
12035,5/10/2026,1021.00,Customer 188,Pune,Maharashtra,261.00,Paper,Office,8.00,"$43,201.00 ",2000.00%,"$276,486.40","$183,546.71","$92,939.69",Debit Card,May,5,2026,66.39%,,,,
12036,12/21/2026,1043.00,Customer 217,Hyderabad,Telangana,259.00,Mouse,Electronics,5.00,"$24,422.00 ",1000.00%,"$109,899.00","$86,503.55","$23,395.45",Debit Card,December,12,2026,78.71%,,,,
12037,4/21/2026,1460.00,Customer 407,Delhi,Delhi,256.00,Chair,Furniture,8.00,"$29,642.00 ",1500.00%,"$201,565.60","$132,714.34","$68,851.26",UPI,April,4,2026,65.84%,,,,
12038,9/18/2026,1414.00,Customer 114,Mumbai,Maharashtra,292.00,Laptop,Electronics,7.00,"$39,603.00 ",1500.00%,"$235,637.85","$166,471.86","$69,165.99",Cash,September,9,2026,70.65%,,,,
12039,7/21/2026,1416.00,Customer 361,Chennai,Tamil Nadu,203.00,Table,Furniture,6.00,"$12,527.00 ",1500.00%,"$63,887.70","$51,335.95","$12,551.75",Debit Card,July,7,2026,80.35%,,,,
12040,12/15/2026,1249.00,Customer 433,Chennai,Tamil Nadu,209.00,Chair,Furniture,1.00,"$9,223.00 ",0.00%,"$9,223.00","$6,332.60","$2,890.40",Credit Card,December,12,2026,68.66%,,,,
12041,1/17/2025,1436.00,Customer 228,Mumbai,Maharashtra,256.00,Table,Furniture,2.00,"$32,794.00 ",2000.00%,"$52,470.40","$35,509.42","$16,960.98",UPI,January,1,2025,67.68%,,,,
12042,4/19/2025,1472.00,Customer 95,Bengaluru,Karnataka,288.00,Table,Furniture,1.00,"$27,735.00 ",500.00%,"$26,348.25","$22,177.12","$4,171.13",Credit Card,April,4,2025,84.17%,,,,
12043,9/1/2025,1081.00,Customer 54,Delhi,Delhi,257.00,Paper,Office,2.00,"$13,650.00 ",500.00%,"$25,935.00","$23,204.31","$2,730.69",Cash,September,9,2025,89.47%,,,,
12044,1/9/2026,1465.00,Customer 134,Hyderabad,Telangana,241.00,Chair,Furniture,5.00,"$32,914.00 ",0.00%,"$164,570.00","$129,953.36","$34,616.64",Cash,January,1,2026,78.97%,,,,
12045,7/15/2025,1356.00,Customer 178,Chennai,Tamil Nadu,283.00,Notebook,Office,4.00,$357.00 ,1500.00%,"$1,213.80","$1,058.06",$155.74,UPI,July,7,2025,87.17%,,,,
12046,4/19/2025,1130.00,Customer 492,Mumbai,Maharashtra,280.00,Mouse,Electronics,5.00,"$36,962.00 ",0.00%,"$184,810.00","$114,548.78","$70,261.22",UPI,April,4,2025,61.98%,,,,
12047,6/11/2026,1331.00,Customer 362,Delhi,Delhi,233.00,Notebook,Office,3.00,"$28,754.00 ",0.00%,"$86,262.00","$69,035.30","$17,226.70",Credit Card,June,6,2026,80.03%,,,,
12048,1/12/2026,1380.00,Customer 471,Hyderabad,Telangana,280.00,Monitor,Electronics,1.00,"$39,200.00 ",0.00%,"$39,200.00","$24,661.43","$14,538.57",Debit Card,January,1,2026,62.91%,,,,
12049,1/9/2026,1014.00,Customer 32,Hyderabad,Telangana,245.00,Chair,Furniture,8.00,"$34,480.00 ",2000.00%,"$220,672.00","$187,123.46","$33,548.54",Cash,January,1,2026,84.80%,,,,
12050,2/24/2025,1274.00,Customer 207,Chennai,Tamil Nadu,299.00,Desk,Furniture,4.00,"$31,872.00 ",1000.00%,"$114,739.20","$78,321.26","$36,417.94",Credit Card,February,2,2025,68.26%,,,,
12051,10/18/2025,1138.00,Customer 293,Chennai,Tamil Nadu,286.00,Desk,Furniture,7.00,"$43,917.00 ",1000.00%,"$276,677.10","$168,981.95","$107,695.15",Debit Card,October,10,2025,61.08%,,,,
12052,10/15/2026,1336.00,Customer 231,Chennai,Tamil Nadu,227.00,Notebook,Office,6.00,"$41,717.00 ",0.00%,"$250,302.00","$155,244.12","$95,057.88",Cash,October,10,2026,62.02%,,,,
12053,6/24/2025,1369.00,Customer 135,Hyderabad,Telangana,258.00,Desk,Furniture,5.00,"$11,844.00 ",2000.00%,"$47,376.00","$31,658.45","$15,717.55",Cash,June,6,2025,66.82%,,,,
12054,8/10/2025,1354.00,Customer 246,Delhi,Delhi,282.00,Pen,Office,3.00,"$4,590.00 ",1500.00%,"$11,704.50","$8,207.86","$3,496.64",Debit Card,August,8,2025,70.13%,,,,
12055,6/28/2026,1467.00,Customer 246,Bengaluru,Karnataka,294.00,Mouse,Electronics,1.00,"$16,479.00 ",0.00%,"$16,479.00","$9,949.84","$6,529.16",Debit Card,June,6,2026,60.38%,,,,
12056,10/9/2026,1397.00,Customer 168,Pune,Maharashtra,277.00,Paper,Office,2.00,"$31,951.00 ",500.00%,"$60,706.90","$51,883.45","$8,823.45",UPI,October,10,2026,85.47%,,,,
12057,6/10/2026,1321.00,Customer 319,Bengaluru,Karnataka,241.00,Notebook,Office,2.00,"$21,994.00 ",1000.00%,"$39,589.20","$35,402.93","$4,186.27",UPI,June,6,2026,89.43%,,,,
12058,6/8/2026,1269.00,Customer 306,Pune,Maharashtra,281.00,Notebook,Office,4.00,"$27,050.00 ",0.00%,"$108,200.00","$87,563.59","$20,636.41",Credit Card,June,6,2026,80.93%,,,,
12059,8/21/2025,1343.00,Customer 419,Pune,Maharashtra,280.00,Chair,Furniture,4.00,"$36,196.00 ",500.00%,"$137,544.80","$114,497.52","$23,047.28",Cash,August,8,2025,83.24%,,,,
12060,1/5/2026,1416.00,Customer 381,Bengaluru,Karnataka,257.00,Pen,Office,1.00,"$25,785.00 ",2000.00%,"$20,628.00","$18,362.51","$2,265.49",Debit Card,January,1,2026,89.02%,,,,
12061,5/6/2026,1424.00,Customer 273,Mumbai,Maharashtra,240.00,Monitor,Electronics,2.00,"$45,169.00 ",1500.00%,"$76,787.30","$64,978.95","$11,808.35",UPI,May,5,2026,84.62%,,,,
12062,12/7/2026,1090.00,Customer 419,Pune,Maharashtra,224.00,Chair,Furniture,8.00,"$32,772.00 ",1000.00%,"$235,958.40","$173,700.91","$62,257.49",Cash,December,12,2026,73.62%,,,,
12063,6/27/2025,1272.00,Customer 455,Delhi,Delhi,271.00,Notebook,Office,6.00,"$34,179.00 ",2000.00%,"$164,059.20","$142,517.12","$21,542.08",Cash,June,6,2025,86.87%,,,,
12064,1/24/2025,1019.00,Customer 132,Delhi,Delhi,267.00,Paper,Office,3.00,"$19,508.00 ",0.00%,"$58,524.00","$36,743.36","$21,780.64",Cash,January,1,2025,62.78%,,,,
12065,10/30/2025,1187.00,Customer 72,Bengaluru,Karnataka,248.00,Chair,Furniture,6.00,"$24,316.00 ",0.00%,"$145,896.00","$112,126.23","$33,769.77",Debit Card,October,10,2025,76.85%,,,,
12066,6/6/2025,1043.00,Customer 447,Pune,Maharashtra,234.00,Table,Furniture,1.00,"$1,667.00 ",1000.00%,"$1,500.30","$1,327.02",$173.28,Debit Card,June,6,2025,88.45%,,,,
12067,7/23/2026,1398.00,Customer 481,Mumbai,Maharashtra,204.00,Notebook,Office,7.00,$402.00 ,1000.00%,"$2,532.60","$1,909.76",$622.84,Cash,July,7,2026,75.41%,,,,
12068,1/25/2025,1404.00,Customer 222,Mumbai,Maharashtra,209.00,Pen,Office,7.00,"$13,174.00 ",500.00%,"$87,607.10","$77,795.13","$9,811.97",UPI,January,1,2025,88.80%,,,,
12069,3/27/2025,1440.00,Customer 382,Pune,Maharashtra,282.00,Keyboard,Electronics,8.00,"$31,471.00 ",500.00%,"$239,179.60","$183,232.84","$55,946.76",UPI,March,3,2025,76.61%,,,,
12070,2/10/2025,1468.00,Customer 107,Bengaluru,Karnataka,227.00,Pen,Office,6.00,"$23,781.00 ",2000.00%,"$114,148.80","$90,592.64","$23,556.16",UPI,February,2,2025,79.36%,,,,
12071,7/28/2026,1178.00,Customer 336,Bengaluru,Karnataka,248.00,Keyboard,Electronics,4.00,"$33,743.00 ",2000.00%,"$107,977.60","$79,725.23","$28,252.37",Debit Card,July,7,2026,73.83%,,,,
12072,7/7/2026,1113.00,Customer 293,Hyderabad,Telangana,251.00,Monitor,Electronics,6.00,"$36,780.00 ",2000.00%,"$176,544.00","$127,518.97","$49,025.03",Credit Card,July,7,2026,72.23%,,,,
12073,11/17/2026,1149.00,Customer 422,Bengaluru,Karnataka,260.00,Laptop,Electronics,3.00,"$26,810.00 ",1500.00%,"$68,365.50","$58,511.31","$9,854.19",UPI,November,11,2026,85.59%,,,,
12074,5/28/2026,1491.00,Customer 379,Mumbai,Maharashtra,283.00,Desk,Furniture,7.00,"$20,014.00 ",1500.00%,"$119,083.30","$95,214.69","$23,868.61",UPI,May,5,2026,79.96%,,,,
12075,8/3/2025,1312.00,Customer 491,Mumbai,Maharashtra,207.00,Table,Furniture,7.00,"$40,474.00 ",0.00%,"$283,318.00","$234,142.89","$49,175.11",Debit Card,August,8,2025,82.64%,,,,
12076,1/9/2026,1140.00,Customer 281,Bengaluru,Karnataka,260.00,Chair,Furniture,5.00,"$8,050.00 ",1500.00%,"$34,212.50","$23,191.58","$11,020.92",Credit Card,January,1,2026,67.79%,,,,
12077,10/3/2025,1071.00,Customer 215,Delhi,Delhi,267.00,Table,Furniture,7.00,"$46,220.00 ",500.00%,"$307,363.00","$203,340.88","$104,022.12",Debit Card,October,10,2025,66.16%,,,,
12078,5/21/2025,1040.00,Customer 143,Delhi,Delhi,230.00,Desk,Furniture,1.00,"$12,280.00 ",0.00%,"$12,280.00","$9,206.32","$3,073.68",Debit Card,May,5,2025,74.97%,,,,
12079,4/26/2026,1344.00,Customer 308,Bengaluru,Karnataka,236.00,Monitor,Electronics,8.00,"$18,040.00 ",1500.00%,"$122,672.00","$82,753.59","$39,918.41",UPI,April,4,2026,67.46%,,,,
12080,9/29/2025,1264.00,Customer 242,Hyderabad,Telangana,298.00,Table,Furniture,6.00,"$28,574.00 ",500.00%,"$162,871.80","$110,725.80","$52,146.00",Debit Card,September,9,2025,67.98%,,,,
12081,1/13/2025,1296.00,Customer 64,Mumbai,Maharashtra,254.00,Paper,Office,7.00,"$48,797.00 ",1500.00%,"$290,342.15","$260,846.32","$29,495.83",UPI,January,1,2025,89.84%,,,,
12082,12/11/2026,1391.00,Customer 406,Bengaluru,Karnataka,255.00,Table,Furniture,6.00,"$23,691.00 ",0.00%,"$142,146.00","$106,366.26","$35,779.74",Cash,December,12,2026,74.83%,,,,
12083,10/27/2025,1490.00,Customer 49,Pune,Maharashtra,239.00,Paper,Office,5.00,"$23,798.00 ",1000.00%,"$107,091.00","$70,637.70","$36,453.30",Cash,October,10,2025,65.96%,,,,
12084,7/28/2025,1426.00,Customer 293,Delhi,Delhi,270.00,Mouse,Electronics,7.00,"$20,076.00 ",2000.00%,"$112,425.60","$71,373.05","$41,052.55",Cash,July,7,2025,63.48%,,,,
12085,3/16/2025,1368.00,Customer 299,Mumbai,Maharashtra,222.00,Keyboard,Electronics,8.00,"$15,866.00 ",0.00%,"$126,928.00","$113,630.61","$13,297.39",Credit Card,March,3,2025,89.52%,,,,
12086,9/21/2025,1166.00,Customer 226,Chennai,Tamil Nadu,214.00,Mouse,Electronics,1.00,"$23,273.00 ",1500.00%,"$19,782.05","$12,014.65","$7,767.40",Debit Card,September,9,2025,60.74%,,,,
12087,9/25/2025,1472.00,Customer 427,Delhi,Delhi,278.00,Notebook,Office,1.00,"$39,611.00 ",1000.00%,"$35,649.90","$23,566.96","$12,082.94",Cash,September,9,2025,66.11%,,,,
12088,1/13/2026,1353.00,Customer 499,Chennai,Tamil Nadu,288.00,Mouse,Electronics,8.00,"$2,432.00 ",0.00%,"$19,456.00","$17,456.33","$1,999.67",Debit Card,January,1,2026,89.72%,,,,
12089,11/4/2025,1063.00,Customer 179,Pune,Maharashtra,203.00,Mouse,Electronics,1.00,"$25,339.00 ",2000.00%,"$20,271.20","$17,311.56","$2,959.64",UPI,November,11,2025,85.40%,,,,
12090,4/17/2025,1363.00,Customer 54,Bengaluru,Karnataka,289.00,Chair,Furniture,2.00,"$46,686.00 ",1500.00%,"$79,366.20","$67,124.15","$12,242.05",Debit Card,April,4,2025,84.58%,,,,
12091,9/8/2025,1247.00,Customer 447,Chennai,Tamil Nadu,253.00,Monitor,Electronics,4.00,"$34,712.00 ",0.00%,"$138,848.00","$117,669.89","$21,178.11",UPI,September,9,2025,84.75%,,,,
12092,6/25/2026,1314.00,Customer 114,Delhi,Delhi,215.00,Laptop,Electronics,8.00,"$19,466.00 ",1500.00%,"$132,368.80","$103,804.85","$28,563.95",Credit Card,June,6,2026,78.42%,,,,
12093,11/2/2025,1309.00,Customer 279,Pune,Maharashtra,275.00,Notebook,Office,1.00,"$29,356.00 ",2000.00%,"$23,484.80","$20,372.20","$3,112.60",Debit Card,November,11,2025,86.75%,,,,
12094,8/16/2026,1079.00,Customer 148,Delhi,Delhi,265.00,Table,Furniture,3.00,"$15,691.00 ",0.00%,"$47,073.00","$41,848.53","$5,224.47",UPI,August,8,2026,88.90%,,,,
12095,3/15/2025,1356.00,Customer 303,Chennai,Tamil Nadu,217.00,Table,Furniture,7.00,"$18,993.00 ",2000.00%,"$106,360.80","$82,676.60","$23,684.20",Credit Card,March,3,2025,77.73%,,,,
12096,11/13/2026,1477.00,Customer 268,Chennai,Tamil Nadu,231.00,Notebook,Office,2.00,$280.00 ,1500.00%,$476.00,$404.36,$71.64,Debit Card,November,11,2026,84.95%,,,,
12097,2/9/2026,1031.00,Customer 185,Pune,Maharashtra,225.00,Chair,Furniture,6.00,"$12,255.00 ",2000.00%,"$58,824.00","$36,413.40","$22,410.60",UPI,February,2,2026,61.90%,,,,
12098,5/27/2026,1223.00,Customer 8,Pune,Maharashtra,269.00,Notebook,Office,8.00,"$21,929.00 ",500.00%,"$166,660.40","$113,718.49","$52,941.91",UPI,May,5,2026,68.23%,,,,
12099,11/12/2026,1325.00,Customer 40,Chennai,Tamil Nadu,227.00,Table,Furniture,7.00,"$38,777.00 ",1500.00%,"$230,723.15","$202,020.13","$28,703.02",UPI,November,11,2026,87.56%,,,,
12100,2/13/2025,1255.00,Customer 246,Mumbai,Maharashtra,242.00,Chair,Furniture,3.00,$252.00 ,1000.00%,$680.40,$575.90,$104.50,Debit Card,February,2,2025,84.64%,,,,
12101,4/12/2025,1198.00,Customer 112,Pune,Maharashtra,293.00,Laptop,Electronics,1.00,"$9,200.00 ",0.00%,"$9,200.00","$6,866.77","$2,333.23",Debit Card,April,4,2025,74.64%,,,,
12102,2/20/2026,1103.00,Customer 348,Mumbai,Maharashtra,266.00,Table,Furniture,8.00,"$38,590.00 ",0.00%,"$308,720.00","$271,482.20","$37,237.80",UPI,February,2,2026,87.94%,,,,
12103,10/19/2025,1141.00,Customer 117,Mumbai,Maharashtra,216.00,Keyboard,Electronics,6.00,"$43,677.00 ",1500.00%,"$222,752.70","$196,178.84","$26,573.86",Cash,October,10,2025,88.07%,,,,
12104,4/2/2026,1297.00,Customer 322,Pune,Maharashtra,241.00,Paper,Office,4.00,"$49,980.00 ",0.00%,"$199,920.00","$140,138.31","$59,781.69",Credit Card,April,4,2026,70.10%,,,,
12105,2/23/2026,1446.00,Customer 440,Pune,Maharashtra,230.00,Mouse,Electronics,5.00,"$2,858.00 ",0.00%,"$14,290.00","$9,974.75","$4,315.25",Credit Card,February,2,2026,69.80%,,,,
12106,9/29/2025,1415.00,Customer 426,Mumbai,Maharashtra,217.00,Monitor,Electronics,8.00,"$31,534.00 ",1000.00%,"$227,044.80","$164,275.67","$62,769.13",Cash,September,9,2025,72.35%,,,,
12107,8/24/2026,1450.00,Customer 379,Chennai,Tamil Nadu,233.00,Desk,Furniture,5.00,"$7,527.00 ",1500.00%,"$31,989.75","$22,327.78","$9,661.97",Credit Card,August,8,2026,69.80%,,,,
12108,4/24/2026,1245.00,Customer 83,Pune,Maharashtra,216.00,Pen,Office,7.00,"$44,099.00 ",1000.00%,"$277,823.70","$205,872.97","$71,950.73",Credit Card,April,4,2026,74.10%,,,,
12109,4/16/2026,1495.00,Customer 212,Mumbai,Maharashtra,262.00,Mouse,Electronics,2.00,"$39,291.00 ",1000.00%,"$70,723.80","$49,863.76","$20,860.04",UPI,April,4,2026,70.50%,,,,
12110,2/22/2026,1301.00,Customer 266,Bengaluru,Karnataka,293.00,Table,Furniture,6.00,"$29,873.00 ",0.00%,"$179,238.00","$124,345.11","$54,892.89",Cash,February,2,2026,69.37%,,,,
12111,5/24/2026,1114.00,Customer 58,Chennai,Tamil Nadu,237.00,Keyboard,Electronics,4.00,"$22,958.00 ",0.00%,"$91,832.00","$71,452.54","$20,379.46",Cash,May,5,2026,77.81%,,,,
12112,1/19/2026,1261.00,Customer 466,Delhi,Delhi,294.00,Chair,Furniture,8.00,"$41,905.00 ",1500.00%,"$284,954.00","$189,879.46","$95,074.54",Debit Card,January,1,2026,66.64%,,,,
12113,10/6/2025,1185.00,Customer 222,Chennai,Tamil Nadu,203.00,Notebook,Office,2.00,"$2,067.00 ",500.00%,"$3,927.30","$3,261.09",$666.21,Credit Card,October,10,2025,83.04%,,,,
12114,11/2/2026,1079.00,Customer 471,Delhi,Delhi,217.00,Notebook,Office,5.00,"$15,633.00 ",1000.00%,"$70,348.50","$45,269.90","$25,078.60",Cash,November,11,2026,64.35%,,,,
12115,5/8/2025,1145.00,Customer 177,Pune,Maharashtra,255.00,Monitor,Electronics,3.00,"$6,853.00 ",2000.00%,"$16,447.20","$10,345.30","$6,101.90",Cash,May,5,2025,62.90%,,,,
12116,6/18/2025,1476.00,Customer 299,Chennai,Tamil Nadu,279.00,Paper,Office,3.00,"$43,654.00 ",500.00%,"$124,413.90","$105,628.47","$18,785.43",UPI,June,6,2025,84.90%,,,,
12117,4/13/2026,1069.00,Customer 136,Bengaluru,Karnataka,210.00,Pen,Office,1.00,"$35,702.00 ",1000.00%,"$32,131.80","$19,543.01","$12,588.79",UPI,April,4,2026,60.82%,,,,
12118,1/4/2026,1249.00,Customer 270,Mumbai,Maharashtra,206.00,Monitor,Electronics,4.00,"$5,451.00 ",1000.00%,"$19,623.60","$12,477.43","$7,146.17",Debit Card,January,1,2026,63.58%,,,,
12119,8/7/2026,1125.00,Customer 220,Pune,Maharashtra,269.00,Chair,Furniture,5.00,"$31,693.00 ",2000.00%,"$126,772.00","$94,503.38","$32,268.62",UPI,August,8,2026,74.55%,,,,
12120,7/11/2026,1203.00,Customer 379,Bengaluru,Karnataka,251.00,Chair,Furniture,4.00,"$17,351.00 ",2000.00%,"$55,523.20","$48,636.93","$6,886.27",Credit Card,July,7,2026,87.60%,,,,
12121,3/2/2026,1487.00,Customer 71,Hyderabad,Telangana,243.00,Desk,Furniture,3.00,"$7,403.00 ",2000.00%,"$17,767.20","$15,894.53","$1,872.67",Cash,March,3,2026,89.46%,,,,
12122,11/25/2026,1051.00,Customer 308,Bengaluru,Karnataka,230.00,Mouse,Electronics,7.00,"$28,515.00 ",500.00%,"$189,624.75","$170,498.63","$19,126.12",Cash,November,11,2026,89.91%,,,,
12123,9/6/2025,1337.00,Customer 110,Chennai,Tamil Nadu,244.00,Chair,Furniture,3.00,"$5,956.00 ",2000.00%,"$14,294.40","$9,809.96","$4,484.44",Credit Card,September,9,2025,68.63%,,,,
12124,8/12/2026,1357.00,Customer 174,Pune,Maharashtra,275.00,Laptop,Electronics,7.00,"$9,602.00 ",1000.00%,"$60,492.60","$38,546.24","$21,946.36",Debit Card,August,8,2026,63.72%,,,,
12125,4/22/2025,1198.00,Customer 485,Bengaluru,Karnataka,215.00,Keyboard,Electronics,6.00,"$44,217.00 ",500.00%,"$252,036.90","$208,993.01","$43,043.89",Cash,April,4,2025,82.92%,,,,
12126,12/15/2025,1168.00,Customer 114,Bengaluru,Karnataka,202.00,Monitor,Electronics,8.00,"$41,954.00 ",1500.00%,"$285,287.20","$251,072.21","$34,214.99",UPI,December,12,2025,88.01%,,,,
12127,2/6/2025,1107.00,Customer 311,Chennai,Tamil Nadu,222.00,Monitor,Electronics,4.00,"$6,997.00 ",2000.00%,"$22,390.40","$15,204.97","$7,185.43",UPI,February,2,2025,67.91%,,,,
12128,5/6/2025,1150.00,Customer 371,Chennai,Tamil Nadu,289.00,Pen,Office,6.00,"$36,836.00 ",1500.00%,"$187,863.60","$113,673.18","$74,190.42",Cash,May,5,2025,60.51%,,,,
12129,12/17/2026,1135.00,Customer 435,Bengaluru,Karnataka,265.00,Table,Furniture,7.00,"$10,423.00 ",2000.00%,"$58,368.80","$47,993.72","$10,375.08",Credit Card,December,12,2026,82.22%,,,,
12130,10/13/2026,1218.00,Customer 160,Pune,Maharashtra,263.00,Notebook,Office,5.00,"$18,582.00 ",2000.00%,"$74,328.00","$46,863.72","$27,464.28",Credit Card,October,10,2026,63.05%,,,,
12131,10/9/2025,1027.00,Customer 112,Bengaluru,Karnataka,290.00,Paper,Office,8.00,"$5,079.00 ",1000.00%,"$36,568.80","$29,933.45","$6,635.35",Debit Card,October,10,2025,81.86%,,,,
12132,7/3/2025,1372.00,Customer 367,Pune,Maharashtra,285.00,Paper,Office,1.00,"$35,126.00 ",500.00%,"$33,369.70","$25,664.61","$7,705.09",Credit Card,July,7,2025,76.91%,,,,
12133,12/23/2025,1369.00,Customer 487,Chennai,Tamil Nadu,218.00,Monitor,Electronics,8.00,"$18,676.00 ",1500.00%,"$126,996.80","$101,861.70","$25,135.10",UPI,December,12,2025,80.21%,,,,
12134,11/6/2025,1073.00,Customer 461,Hyderabad,Telangana,282.00,Desk,Furniture,2.00,"$40,912.00 ",1500.00%,"$69,550.40","$54,353.36","$15,197.04",Cash,November,11,2025,78.15%,,,,
12135,5/22/2025,1492.00,Customer 66,Chennai,Tamil Nadu,280.00,Notebook,Office,3.00,"$41,948.00 ",0.00%,"$125,844.00","$102,101.70","$23,742.30",Debit Card,May,5,2025,81.13%,,,,
12136,4/29/2025,1070.00,Customer 120,Mumbai,Maharashtra,285.00,Laptop,Electronics,6.00,"$3,098.00 ",1500.00%,"$15,799.80","$10,943.13","$4,856.67",Credit Card,April,4,2025,69.26%,,,,
12137,4/7/2026,1100.00,Customer 494,Delhi,Delhi,210.00,Paper,Office,5.00,"$11,081.00 ",1000.00%,"$49,864.50","$32,194.47","$17,670.03",UPI,April,4,2026,64.56%,,,,
12138,5/17/2026,1084.00,Customer 282,Mumbai,Maharashtra,234.00,Chair,Furniture,4.00,"$46,599.00 ",1000.00%,"$167,756.40","$128,927.39","$38,829.01",Credit Card,May,5,2026,76.85%,,,,
12139,2/27/2025,1060.00,Customer 182,Mumbai,Maharashtra,283.00,Desk,Furniture,5.00,"$44,013.00 ",1000.00%,"$198,058.50","$159,942.63","$38,115.87",UPI,February,2,2025,80.76%,,,,
12140,1/28/2025,1203.00,Customer 240,Bengaluru,Karnataka,262.00,Table,Furniture,2.00,"$45,668.00 ",500.00%,"$86,769.20","$67,516.09","$19,253.11",Credit Card,January,1,2025,77.81%,,,,
12141,1/23/2026,1238.00,Customer 6,Hyderabad,Telangana,277.00,Keyboard,Electronics,4.00,"$10,575.00 ",1000.00%,"$38,070.00","$33,836.35","$4,233.65",Cash,January,1,2026,88.88%,,,,
12142,11/9/2026,1255.00,Customer 472,Bengaluru,Karnataka,244.00,Table,Furniture,7.00,"$23,399.00 ",1000.00%,"$147,413.70","$100,873.47","$46,540.23",Cash,November,11,2026,68.43%,,,,
12143,9/29/2025,1208.00,Customer 170,Bengaluru,Karnataka,202.00,Laptop,Electronics,4.00,"$11,293.00 ",500.00%,"$42,913.40","$35,532.54","$7,380.86",UPI,September,9,2025,82.80%,,,,
12144,12/15/2025,1398.00,Customer 292,Pune,Maharashtra,294.00,Pen,Office,3.00,"$30,251.00 ",0.00%,"$90,753.00","$63,645.54","$27,107.46",Credit Card,December,12,2025,70.13%,,,,
12145,11/20/2025,1424.00,Customer 312,Pune,Maharashtra,241.00,Paper,Office,2.00,$122.00 ,1000.00%,$219.60,$162.70,$56.90,Cash,November,11,2025,74.09%,,,,
12146,4/15/2026,1313.00,Customer 320,Delhi,Delhi,266.00,Table,Furniture,1.00,"$44,405.00 ",2000.00%,"$35,524.00","$22,819.29","$12,704.71",Credit Card,April,4,2026,64.24%,,,,
12147,11/18/2025,1176.00,Customer 464,Bengaluru,Karnataka,209.00,Chair,Furniture,2.00,"$32,006.00 ",1000.00%,"$57,610.80","$45,609.67","$12,001.13",Cash,November,11,2025,79.17%,,,,
12148,10/16/2025,1254.00,Customer 41,Delhi,Delhi,210.00,Paper,Office,1.00,"$18,562.00 ",1500.00%,"$15,777.70","$14,135.91","$1,641.79",UPI,October,10,2025,89.59%,,,,
12149,11/9/2026,1169.00,Customer 424,Bengaluru,Karnataka,210.00,Laptop,Electronics,8.00,"$27,255.00 ",500.00%,"$207,138.00","$128,659.68","$78,478.32",Debit Card,November,11,2026,62.11%,,,,
12150,12/3/2025,1421.00,Customer 133,Pune,Maharashtra,226.00,Paper,Office,8.00,"$47,453.00 ",1500.00%,"$322,680.40","$207,594.30","$115,086.10",Cash,December,12,2025,64.33%,,,,
12151,8/5/2026,1215.00,Customer 173,Bengaluru,Karnataka,282.00,Mouse,Electronics,7.00,"$21,746.00 ",2000.00%,"$121,777.60","$93,476.85","$28,300.75",Credit Card,August,8,2026,76.76%,,,,
12152,5/17/2025,1201.00,Customer 333,Delhi,Delhi,265.00,Table,Furniture,3.00,"$42,086.00 ",1000.00%,"$113,632.20","$68,996.33","$44,635.87",Cash,May,5,2025,60.72%,,,,
12153,1/19/2025,1097.00,Customer 430,Delhi,Delhi,268.00,Laptop,Electronics,3.00,$673.00 ,500.00%,"$1,918.05","$1,678.38",$239.67,Cash,January,1,2025,87.50%,,,,
12154,6/20/2025,1043.00,Customer 271,Hyderabad,Telangana,289.00,Table,Furniture,1.00,"$13,444.00 ",0.00%,"$13,444.00","$12,095.44","$1,348.56",Credit Card,June,6,2025,89.97%,,,,
12155,8/28/2026,1191.00,Customer 37,Delhi,Delhi,282.00,Table,Furniture,5.00,"$4,980.00 ",1000.00%,"$22,410.00","$18,149.13","$4,260.87",Credit Card,August,8,2026,80.99%,,,,
12156,1/21/2025,1019.00,Customer 53,Delhi,Delhi,283.00,Monitor,Electronics,8.00,"$32,834.00 ",0.00%,"$262,672.00","$160,833.33","$101,838.67",Credit Card,January,1,2025,61.23%,,,,
12157,10/14/2025,1241.00,Customer 63,Mumbai,Maharashtra,293.00,Keyboard,Electronics,4.00,"$38,353.00 ",0.00%,"$153,412.00","$120,989.35","$32,422.65",Cash,October,10,2025,78.87%,,,,
12158,8/14/2025,1308.00,Customer 104,Delhi,Delhi,232.00,Keyboard,Electronics,1.00,"$3,897.00 ",2000.00%,"$3,117.60","$2,593.32",$524.28,Cash,August,8,2025,83.18%,,,,
12159,9/27/2025,1362.00,Customer 417,Pune,Maharashtra,280.00,Desk,Furniture,5.00,"$17,184.00 ",1500.00%,"$73,032.00","$49,716.82","$23,315.18",Cash,September,9,2025,68.08%,,,,
12160,4/28/2025,1242.00,Customer 199,Hyderabad,Telangana,279.00,Laptop,Electronics,1.00,"$13,318.00 ",0.00%,"$13,318.00","$9,459.09","$3,858.91",Debit Card,April,4,2025,71.02%,,,,
12161,7/11/2025,1255.00,Customer 175,Bengaluru,Karnataka,236.00,Laptop,Electronics,3.00,"$13,019.00 ",0.00%,"$39,057.00","$27,051.58","$12,005.42",Debit Card,July,7,2025,69.26%,,,,
12162,9/7/2025,1291.00,Customer 102,Pune,Maharashtra,278.00,Monitor,Electronics,4.00,"$43,684.00 ",1500.00%,"$148,525.60","$120,304.51","$28,221.09",Cash,September,9,2025,81.00%,,,,
12163,3/21/2026,1160.00,Customer 400,Mumbai,Maharashtra,235.00,Pen,Office,1.00,"$30,454.00 ",1500.00%,"$25,885.90","$19,605.40","$6,280.50",Cash,March,3,2026,75.74%,,,,
12164,10/8/2025,1486.00,Customer 169,Bengaluru,Karnataka,266.00,Paper,Office,4.00,"$35,249.00 ",1500.00%,"$119,846.60","$76,022.63","$43,823.97",Cash,October,10,2025,63.43%,,,,
12165,9/14/2026,1004.00,Customer 443,Delhi,Delhi,224.00,Pen,Office,5.00,"$29,727.00 ",0.00%,"$148,635.00","$132,224.52","$16,410.48",Debit Card,September,9,2026,88.96%,,,,
12166,2/28/2025,1022.00,Customer 409,Mumbai,Maharashtra,261.00,Table,Furniture,5.00,"$19,017.00 ",500.00%,"$90,330.75","$75,293.77","$15,036.98",Credit Card,February,2,2025,83.35%,,,,
12167,5/16/2026,1372.00,Customer 352,Delhi,Delhi,285.00,Table,Furniture,3.00,$379.00 ,1000.00%,"$1,023.30",$759.97,$263.33,Cash,May,5,2026,74.27%,,,,
12168,10/29/2026,1289.00,Customer 60,Hyderabad,Telangana,250.00,Pen,Office,8.00,"$41,303.00 ",0.00%,"$330,424.00","$234,597.72","$95,826.28",Debit Card,October,10,2026,71.00%,,,,
12169,3/23/2026,1448.00,Customer 88,Mumbai,Maharashtra,240.00,Desk,Furniture,7.00,"$44,806.00 ",500.00%,"$297,959.90","$181,422.66","$116,537.24",Debit Card,March,3,2026,60.89%,,,,
12170,1/1/2027,1367.00,Customer 119,Chennai,Tamil Nadu,243.00,Keyboard,Electronics,3.00,"$9,955.00 ",500.00%,"$28,371.75","$21,298.31","$7,073.44",Credit Card,January,1,2027,75.07%,,,,
12171,12/28/2026,1052.00,Customer 405,Hyderabad,Telangana,292.00,Chair,Furniture,5.00,"$23,019.00 ",1000.00%,"$103,585.50","$83,451.61","$20,133.89",Credit Card,December,12,2026,80.56%,,,,
12172,10/7/2026,1118.00,Customer 425,Mumbai,Maharashtra,288.00,Mouse,Electronics,2.00,"$33,271.00 ",1000.00%,"$59,887.80","$51,472.28","$8,415.52",Cash,October,10,2026,85.95%,,,,
12173,4/3/2025,1416.00,Customer 323,Delhi,Delhi,226.00,Desk,Furniture,3.00,"$43,792.00 ",0.00%,"$131,376.00","$103,317.31","$28,058.69",Cash,April,4,2025,78.64%,,,,
12174,10/3/2026,1006.00,Customer 321,Chennai,Tamil Nadu,245.00,Notebook,Office,6.00,"$33,850.00 ",500.00%,"$192,945.00","$162,290.56","$30,654.44",Cash,October,10,2026,84.11%,,,,
12175,6/5/2025,1198.00,Customer 328,Pune,Maharashtra,239.00,Table,Furniture,7.00,"$4,501.00 ",1000.00%,"$28,356.30","$21,513.92","$6,842.38",UPI,June,6,2025,75.87%,,,,
12176,5/1/2025,1356.00,Customer 316,Mumbai,Maharashtra,203.00,Monitor,Electronics,3.00,"$17,892.00 ",1000.00%,"$48,308.40","$36,629.42","$11,678.98",Cash,May,5,2025,75.82%,,,,
12177,12/19/2026,1263.00,Customer 287,Chennai,Tamil Nadu,286.00,Desk,Furniture,2.00,"$16,357.00 ",1500.00%,"$27,806.90","$24,659.14","$3,147.76",Cash,December,12,2026,88.68%,,,,
12178,2/1/2025,1414.00,Customer 221,Hyderabad,Telangana,271.00,Mouse,Electronics,1.00,"$44,785.00 ",2000.00%,"$35,828.00","$31,570.50","$4,257.50",Credit Card,February,2,2025,88.12%,,,,
12179,9/21/2026,1341.00,Customer 490,Delhi,Delhi,270.00,Monitor,Electronics,1.00,"$6,599.00 ",1500.00%,"$5,609.15","$4,216.32","$1,392.83",Debit Card,September,9,2026,75.17%,,,,
12180,10/25/2026,1472.00,Customer 14,Mumbai,Maharashtra,231.00,Monitor,Electronics,2.00,"$48,673.00 ",500.00%,"$92,478.70","$57,495.08","$34,983.62",UPI,October,10,2026,62.17%,,,,
12181,8/21/2025,1059.00,Customer 491,Chennai,Tamil Nadu,236.00,Laptop,Electronics,8.00,"$28,816.00 ",0.00%,"$230,528.00","$179,281.48","$51,246.52",Credit Card,August,8,2025,77.77%,,,,
12182,3/27/2026,1407.00,Customer 64,Pune,Maharashtra,223.00,Table,Furniture,4.00,"$39,791.00 ",500.00%,"$151,205.80","$105,575.06","$45,630.74",Debit Card,March,3,2026,69.82%,,,,
12183,9/28/2026,1025.00,Customer 84,Delhi,Delhi,268.00,Notebook,Office,6.00,"$26,750.00 ",0.00%,"$160,500.00","$127,284.81","$33,215.19",Credit Card,September,9,2026,79.31%,,,,
12184,6/18/2026,1328.00,Customer 250,Mumbai,Maharashtra,291.00,Desk,Furniture,1.00,"$4,699.00 ",1000.00%,"$4,229.10","$3,244.53",$984.57,Debit Card,June,6,2026,76.72%,,,,
12185,8/23/2025,1385.00,Customer 495,Mumbai,Maharashtra,229.00,Paper,Office,6.00,"$16,811.00 ",500.00%,"$95,822.70","$64,270.21","$31,552.49",Debit Card,August,8,2025,67.07%,,,,
12186,11/13/2025,1456.00,Customer 307,Mumbai,Maharashtra,263.00,Monitor,Electronics,5.00,"$13,574.00 ",500.00%,"$64,476.50","$49,467.52","$15,008.98",UPI,November,11,2025,76.72%,,,,
12187,7/17/2025,1108.00,Customer 67,Chennai,Tamil Nadu,280.00,Laptop,Electronics,2.00,"$33,322.00 ",2000.00%,"$53,315.20","$33,806.69","$19,508.51",UPI,July,7,2025,63.41%,,,,
12188,11/11/2026,1214.00,Customer 266,Pune,Maharashtra,265.00,Notebook,Office,6.00,"$9,896.00 ",0.00%,"$59,376.00","$37,850.28","$21,525.72",Debit Card,November,11,2026,63.75%,,,,
12189,6/30/2025,1379.00,Customer 105,Pune,Maharashtra,203.00,Desk,Furniture,2.00,"$41,087.00 ",0.00%,"$82,174.00","$56,732.73","$25,441.27",Cash,June,6,2025,69.04%,,,,
12190,11/25/2025,1322.00,Customer 388,Chennai,Tamil Nadu,278.00,Notebook,Office,5.00,"$20,082.00 ",0.00%,"$100,410.00","$76,445.13","$23,964.87",Debit Card,November,11,2025,76.13%,,,,
12191,5/8/2026,1425.00,Customer 12,Pune,Maharashtra,294.00,Notebook,Office,5.00,"$16,168.00 ",2000.00%,"$64,672.00","$44,405.48","$20,266.52",Debit Card,May,5,2026,68.66%,,,,
12192,8/1/2026,1201.00,Customer 436,Hyderabad,Telangana,204.00,Table,Furniture,7.00,"$46,529.00 ",500.00%,"$309,417.85","$274,420.97","$34,996.88",Debit Card,August,8,2026,88.69%,,,,
12193,3/15/2025,1080.00,Customer 75,Mumbai,Maharashtra,287.00,Table,Furniture,8.00,"$10,986.00 ",500.00%,"$83,493.60","$61,240.09","$22,253.51",Debit Card,March,3,2025,73.35%,,,,
12194,8/3/2026,1446.00,Customer 73,Pune,Maharashtra,267.00,Table,Furniture,2.00,"$39,824.00 ",2000.00%,"$63,718.40","$45,175.06","$18,543.34",Debit Card,August,8,2026,70.90%,,,,
12195,8/19/2026,1137.00,Customer 19,Delhi,Delhi,246.00,Keyboard,Electronics,3.00,"$11,399.00 ",0.00%,"$34,197.00","$23,198.57","$10,998.43",Cash,August,8,2026,67.84%,,,,
12196,10/7/2025,1016.00,Customer 119,Chennai,Tamil Nadu,250.00,Monitor,Electronics,5.00,"$20,946.00 ",0.00%,"$104,730.00","$89,986.72","$14,743.28",Debit Card,October,10,2025,85.92%,,,,
12197,3/20/2026,1229.00,Customer 75,Chennai,Tamil Nadu,290.00,Laptop,Electronics,3.00,"$23,958.00 ",1000.00%,"$64,686.60","$40,149.67","$24,536.93",Credit Card,March,3,2026,62.07%,,,,
12198,3/18/2025,1329.00,Customer 359,Chennai,Tamil Nadu,257.00,Chair,Furniture,8.00,"$12,196.00 ",1000.00%,"$87,811.20","$62,787.83","$25,023.37",Credit Card,March,3,2025,71.50%,,,,
12199,7/2/2025,1019.00,Customer 303,Bengaluru,Karnataka,233.00,Table,Furniture,2.00,"$33,963.00 ",0.00%,"$67,926.00","$55,714.98","$12,211.02",Credit Card,July,7,2025,82.02%,,,,
12200,11/14/2025,1470.00,Customer 338,Bengaluru,Karnataka,221.00,Keyboard,Electronics,4.00,"$35,442.00 ",500.00%,"$134,679.60","$100,779.03","$33,900.57",UPI,November,11,2025,74.83%,,,,
12201,6/10/2026,1455.00,Customer 69,Pune,Maharashtra,260.00,Table,Furniture,4.00,"$38,656.00 ",500.00%,"$146,892.80","$119,855.45","$27,037.35",Cash,June,6,2026,81.59%,,,,
12202,9/6/2026,1219.00,Customer 64,Pune,Maharashtra,247.00,Notebook,Office,8.00,"$21,934.00 ",1500.00%,"$149,151.20","$96,586.05","$52,565.15",Cash,September,9,2026,64.76%,,,,
12203,11/9/2025,1447.00,Customer 427,Pune,Maharashtra,248.00,Table,Furniture,5.00,"$2,282.00 ",1500.00%,"$9,698.50","$7,795.06","$1,903.44",UPI,November,11,2025,80.37%,,,,
12204,7/25/2026,1087.00,Customer 99,Hyderabad,Telangana,246.00,Table,Furniture,3.00,"$32,749.00 ",2000.00%,"$78,597.60","$60,932.02","$17,665.58",UPI,July,7,2026,77.52%,,,,
12205,11/14/2025,1229.00,Customer 45,Delhi,Delhi,210.00,Monitor,Electronics,3.00,"$40,463.00 ",1500.00%,"$103,180.65","$71,648.39","$31,532.26",UPI,November,11,2025,69.44%,,,,
12206,5/11/2025,1337.00,Customer 332,Hyderabad,Telangana,263.00,Table,Furniture,3.00,"$17,025.00 ",0.00%,"$51,075.00","$31,734.72","$19,340.28",Cash,May,5,2025,62.13%,,,,
12207,7/14/2025,1481.00,Customer 461,Pune,Maharashtra,281.00,Monitor,Electronics,5.00,"$31,544.00 ",0.00%,"$157,720.00","$114,959.24","$42,760.76",UPI,July,7,2025,72.89%,,,,
12208,3/24/2025,1283.00,Customer 192,Bengaluru,Karnataka,292.00,Table,Furniture,3.00,"$23,223.00 ",500.00%,"$66,185.55","$58,020.99","$8,164.56",Credit Card,March,3,2025,87.66%,,,,
12209,9/6/2025,1412.00,Customer 469,Delhi,Delhi,289.00,Notebook,Office,8.00,"$44,101.00 ",2000.00%,"$282,246.40","$217,185.22","$65,061.18",Credit Card,September,9,2025,76.95%,,,,
12210,2/4/2025,1031.00,Customer 405,Delhi,Delhi,230.00,Mouse,Electronics,2.00,"$27,257.00 ",1500.00%,"$46,336.90","$31,181.31","$15,155.59",Credit Card,February,2,2025,67.29%,,,,
12211,2/15/2026,1340.00,Customer 380,Pune,Maharashtra,288.00,Desk,Furniture,6.00,$873.00 ,500.00%,"$4,976.10","$4,297.30",$678.80,UPI,February,2,2026,86.36%,,,,
12212,7/22/2026,1236.00,Customer 370,Pune,Maharashtra,209.00,Table,Furniture,4.00,"$44,395.00 ",0.00%,"$177,580.00","$129,538.27","$48,041.73",Credit Card,July,7,2026,72.95%,,,,
12213,1/15/2026,1319.00,Customer 440,Delhi,Delhi,235.00,Desk,Furniture,2.00,"$21,615.00 ",500.00%,"$41,068.50","$35,410.05","$5,658.45",Credit Card,January,1,2026,86.22%,,,,
12214,7/1/2026,1306.00,Customer 50,Mumbai,Maharashtra,204.00,Keyboard,Electronics,5.00,"$20,652.00 ",2000.00%,"$82,608.00","$53,339.06","$29,268.94",Credit Card,July,7,2026,64.57%,,,,
12215,3/24/2026,1378.00,Customer 260,Pune,Maharashtra,250.00,Laptop,Electronics,8.00,"$3,351.00 ",1500.00%,"$22,786.80","$14,989.92","$7,796.88",Debit Card,March,3,2026,65.78%,,,,
12216,2/11/2026,1220.00,Customer 367,Chennai,Tamil Nadu,209.00,Desk,Furniture,1.00,"$37,730.00 ",1500.00%,"$32,070.50","$24,142.16","$7,928.34",Credit Card,February,2,2026,75.28%,,,,
12217,4/5/2025,1323.00,Customer 442,Chennai,Tamil Nadu,280.00,Desk,Furniture,3.00,"$19,469.00 ",500.00%,"$55,486.65","$35,444.19","$20,042.46",Cash,April,4,2025,63.88%,,,,
12218,12/22/2026,1064.00,Customer 411,Bengaluru,Karnataka,278.00,Table,Furniture,2.00,"$2,577.00 ",1000.00%,"$4,638.60","$3,566.22","$1,072.38",Credit Card,December,12,2026,76.88%,,,,
12219,12/28/2026,1312.00,Customer 295,Hyderabad,Telangana,233.00,Notebook,Office,2.00,"$36,765.00 ",0.00%,"$73,530.00","$65,596.73","$7,933.27",Credit Card,December,12,2026,89.21%,,,,
12220,11/20/2026,1496.00,Customer 393,Hyderabad,Telangana,221.00,Table,Furniture,4.00,"$48,002.00 ",1000.00%,"$172,807.20","$108,742.00","$64,065.20",Credit Card,November,11,2026,62.93%,,,,
12221,5/10/2025,1385.00,Customer 238,Mumbai,Maharashtra,258.00,Pen,Office,4.00,"$12,837.00 ",2000.00%,"$41,078.40","$34,501.20","$6,577.20",Debit Card,May,5,2025,83.99%,,,,
12222,4/19/2026,1434.00,Customer 475,Bengaluru,Karnataka,226.00,Desk,Furniture,8.00,"$18,170.00 ",1500.00%,"$123,556.00","$105,780.61","$17,775.39",Credit Card,April,4,2026,85.61%,,,,
12223,11/19/2026,1122.00,Customer 53,Hyderabad,Telangana,236.00,Chair,Furniture,8.00,"$14,848.00 ",1000.00%,"$106,905.60","$67,537.71","$39,367.89",Debit Card,November,11,2026,63.18%,,,,
12224,1/14/2026,1104.00,Customer 235,Mumbai,Maharashtra,207.00,Notebook,Office,8.00,"$11,197.00 ",0.00%,"$89,576.00","$67,861.66","$21,714.34",Cash,January,1,2026,75.76%,,,,
12225,8/23/2026,1341.00,Customer 150,Bengaluru,Karnataka,289.00,Table,Furniture,5.00,"$15,136.00 ",0.00%,"$75,680.00","$51,861.68","$23,818.32",Cash,August,8,2026,68.53%,,,,
12226,7/1/2026,1012.00,Customer 357,Bengaluru,Karnataka,289.00,Monitor,Electronics,6.00,"$36,170.00 ",500.00%,"$206,169.00","$164,340.27","$41,828.73",Credit Card,July,7,2026,79.71%,,,,
12227,3/29/2025,1331.00,Customer 184,Bengaluru,Karnataka,204.00,Notebook,Office,1.00,"$44,153.00 ",1500.00%,"$37,530.05","$32,027.98","$5,502.07",Cash,March,3,2025,85.34%,,,,
12228,6/8/2026,1215.00,Customer 115,Hyderabad,Telangana,249.00,Mouse,Electronics,4.00,"$34,096.00 ",1000.00%,"$122,745.60","$106,233.71","$16,511.89",Debit Card,June,6,2026,86.55%,,,,
12229,4/16/2026,1262.00,Customer 306,Delhi,Delhi,245.00,Notebook,Office,8.00,"$43,947.00 ",1500.00%,"$298,839.60","$229,712.85","$69,126.75",Cash,April,4,2026,76.87%,,,,
12230,3/25/2026,1056.00,Customer 466,Bengaluru,Karnataka,253.00,Pen,Office,6.00,"$27,627.00 ",0.00%,"$165,762.00","$132,207.18","$33,554.82",Debit Card,March,3,2026,79.76%,,,,
12231,2/4/2026,1361.00,Customer 105,Chennai,Tamil Nadu,262.00,Paper,Office,1.00,"$19,649.00 ",2000.00%,"$15,719.20","$11,607.02","$4,112.18",Debit Card,February,2,2026,73.84%,,,,
12232,12/10/2025,1040.00,Customer 312,Bengaluru,Karnataka,212.00,Paper,Office,2.00,"$28,969.00 ",0.00%,"$57,938.00","$40,466.22","$17,471.78",Credit Card,December,12,2025,69.84%,,,,
12233,3/1/2025,1370.00,Customer 49,Chennai,Tamil Nadu,285.00,Laptop,Electronics,7.00,"$28,799.00 ",2000.00%,"$161,274.40","$111,336.92","$49,937.48",Credit Card,March,3,2025,69.04%,,,,
12234,9/5/2026,1227.00,Customer 121,Chennai,Tamil Nadu,223.00,Desk,Furniture,3.00,"$37,697.00 ",1000.00%,"$101,781.90","$70,561.40","$31,220.50",Cash,September,9,2026,69.33%,,,,
12235,11/6/2025,1339.00,Customer 426,Hyderabad,Telangana,235.00,Notebook,Office,1.00,"$2,868.00 ",0.00%,"$2,868.00","$2,522.67",$345.33,Credit Card,November,11,2025,87.96%,,,,
12236,9/20/2025,1366.00,Customer 95,Chennai,Tamil Nadu,297.00,Table,Furniture,5.00,"$13,000.00 ",0.00%,"$65,000.00","$40,406.56","$24,593.44",Debit Card,September,9,2025,62.16%,,,,
12237,11/1/2025,1481.00,Customer 51,Bengaluru,Karnataka,279.00,Mouse,Electronics,8.00,"$36,297.00 ",1500.00%,"$246,819.60","$160,142.16","$86,677.44",UPI,November,11,2025,64.88%,,,,
12238,1/19/2026,1340.00,Customer 301,Chennai,Tamil Nadu,249.00,Laptop,Electronics,1.00,"$24,147.00 ",2000.00%,"$19,317.60","$15,075.40","$4,242.20",UPI,January,1,2026,78.04%,,,,
12239,9/21/2026,1164.00,Customer 286,Delhi,Delhi,275.00,Notebook,Office,7.00,"$25,846.00 ",0.00%,"$180,922.00","$152,530.38","$28,391.62",Debit Card,September,9,2026,84.31%,,,,
12240,4/8/2026,1490.00,Customer 93,Pune,Maharashtra,271.00,Mouse,Electronics,5.00,"$21,147.00 ",500.00%,"$100,448.25","$66,777.45","$33,670.80",Credit Card,April,4,2026,66.48%,,,,
12241,6/6/2026,1033.00,Customer 400,Pune,Maharashtra,299.00,Pen,Office,7.00,"$1,305.00 ",1000.00%,"$8,221.50","$6,498.21","$1,723.29",Cash,June,6,2026,79.04%,,,,
12242,9/15/2025,1014.00,Customer 57,Mumbai,Maharashtra,292.00,Chair,Furniture,8.00,"$19,649.00 ",1500.00%,"$133,613.20","$99,767.40","$33,845.80",Debit Card,September,9,2025,74.67%,,,,
12243,9/18/2026,1063.00,Customer 200,Bengaluru,Karnataka,265.00,Pen,Office,3.00,"$14,935.00 ",1000.00%,"$40,324.50","$32,928.31","$7,396.19",Debit Card,September,9,2026,81.66%,,,,
12244,2/21/2025,1254.00,Customer 454,Hyderabad,Telangana,253.00,Chair,Furniture,5.00,"$7,246.00 ",500.00%,"$34,418.50","$28,617.96","$5,800.54",Credit Card,February,2,2025,83.15%,,,,
12245,8/25/2025,1459.00,Customer 209,Mumbai,Maharashtra,257.00,Chair,Furniture,6.00,"$24,922.00 ",1000.00%,"$134,578.80","$100,541.66","$34,037.14",Debit Card,August,8,2025,74.71%,,,,
12246,1/28/2025,1123.00,Customer 485,Hyderabad,Telangana,240.00,Mouse,Electronics,8.00,"$20,095.00 ",500.00%,"$152,722.00","$128,298.80","$24,423.20",Debit Card,January,1,2025,84.01%,,,,
12247,12/18/2025,1017.00,Customer 159,Chennai,Tamil Nadu,277.00,Chair,Furniture,2.00,"$24,100.00 ",2000.00%,"$38,560.00","$26,433.64","$12,126.36",UPI,December,12,2025,68.55%,,,,
12248,3/11/2026,1285.00,Customer 387,Pune,Maharashtra,281.00,Table,Furniture,7.00,"$36,735.00 ",0.00%,"$257,145.00","$208,211.25","$48,933.75",Cash,March,3,2026,80.97%,,,,
12249,9/23/2025,1281.00,Customer 468,Mumbai,Maharashtra,282.00,Monitor,Electronics,3.00,"$43,908.00 ",1000.00%,"$118,551.60","$79,845.86","$38,705.74",Cash,September,9,2025,67.35%,,,,
12250,10/23/2025,1303.00,Customer 217,Pune,Maharashtra,248.00,Desk,Furniture,6.00,"$34,552.00 ",1500.00%,"$176,215.20","$109,708.85","$66,506.35",Debit Card,October,10,2025,62.26%,,,,
12251,4/8/2025,1414.00,Customer 330,Bengaluru,Karnataka,225.00,Chair,Furniture,5.00,"$2,660.00 ",500.00%,"$12,635.00","$10,707.67","$1,927.33",Cash,April,4,2025,84.75%,,,,
12252,3/13/2026,1382.00,Customer 179,Chennai,Tamil Nadu,266.00,Mouse,Electronics,7.00,"$28,288.00 ",1500.00%,"$168,313.60","$106,092.79","$62,220.81",Cash,March,3,2026,63.03%,,,,
12253,9/15/2026,1002.00,Customer 262,Bengaluru,Karnataka,261.00,Pen,Office,5.00,"$1,269.00 ",1500.00%,"$5,393.25","$3,687.01","$1,706.24",Credit Card,September,9,2026,68.36%,,,,
12254,4/26/2026,1267.00,Customer 254,Mumbai,Maharashtra,229.00,Notebook,Office,1.00,"$16,834.00 ",1500.00%,"$14,308.90","$8,747.26","$5,561.64",Credit Card,April,4,2026,61.13%,,,,
12255,8/27/2026,1388.00,Customer 415,Mumbai,Maharashtra,217.00,Notebook,Office,5.00,"$46,003.00 ",1500.00%,"$195,512.75","$126,154.31","$69,358.44",UPI,August,8,2026,64.52%,,,,
12256,3/10/2025,1361.00,Customer 479,Chennai,Tamil Nadu,249.00,Paper,Office,8.00,"$45,626.00 ",2000.00%,"$292,006.40","$190,206.60","$101,799.80",Debit Card,March,3,2025,65.14%,,,,
12257,3/27/2025,1355.00,Customer 250,Mumbai,Maharashtra,216.00,Mouse,Electronics,3.00,"$19,460.00 ",500.00%,"$55,461.00","$48,407.56","$7,053.44",Debit Card,March,3,2025,87.28%,,,,
12258,7/19/2025,1479.00,Customer 222,Bengaluru,Karnataka,259.00,Table,Furniture,1.00,"$37,543.00 ",0.00%,"$37,543.00","$29,454.99","$8,088.01",Cash,July,7,2025,78.46%,,,,
12259,6/20/2026,1354.00,Customer 306,Hyderabad,Telangana,234.00,Notebook,Office,8.00,"$47,289.00 ",0.00%,"$378,312.00","$293,070.51","$85,241.49",Credit Card,June,6,2026,77.47%,,,,
12260,11/22/2025,1006.00,Customer 128,Hyderabad,Telangana,289.00,Paper,Office,3.00,"$19,934.00 ",2000.00%,"$47,841.60","$37,162.87","$10,678.73",Credit Card,November,11,2025,77.68%,,,,
12261,7/15/2026,1322.00,Customer 292,Chennai,Tamil Nadu,281.00,Chair,Furniture,7.00,"$7,914.00 ",1000.00%,"$49,858.20","$38,317.44","$11,540.76",Debit Card,July,7,2026,76.85%,,,,
12262,10/15/2026,1219.00,Customer 485,Delhi,Delhi,276.00,Keyboard,Electronics,1.00,"$45,126.00 ",2000.00%,"$36,100.80","$22,843.15","$13,257.65",UPI,October,10,2026,63.28%,,,,
12263,7/2/2026,1380.00,Customer 388,Hyderabad,Telangana,269.00,Table,Furniture,8.00,"$14,704.00 ",1000.00%,"$105,868.80","$71,267.30","$34,601.50",Debit Card,July,7,2026,67.32%,,,,
12264,7/3/2025,1467.00,Customer 288,Bengaluru,Karnataka,241.00,Keyboard,Electronics,4.00,"$30,794.00 ",1000.00%,"$110,858.40","$67,629.16","$43,229.24",UPI,July,7,2025,61.00%,,,,
12265,3/29/2026,1239.00,Customer 495,Mumbai,Maharashtra,241.00,Desk,Furniture,6.00,"$44,211.00 ",500.00%,"$252,002.70","$204,008.96","$47,993.74",UPI,March,3,2026,80.96%,,,,
12266,11/28/2025,1448.00,Customer 77,Bengaluru,Karnataka,273.00,Paper,Office,7.00,"$43,147.00 ",1000.00%,"$271,826.10","$164,343.88","$107,482.22",Debit Card,November,11,2025,60.46%,,,,
12267,8/24/2025,1240.00,Customer 77,Delhi,Delhi,236.00,Laptop,Electronics,3.00,"$38,808.00 ",500.00%,"$110,602.80","$84,152.03","$26,450.77",UPI,August,8,2025,76.08%,,,,
12268,4/23/2025,1011.00,Customer 200,Bengaluru,Karnataka,214.00,Laptop,Electronics,3.00,"$28,398.00 ",2000.00%,"$68,155.20","$53,971.79","$14,183.41",UPI,April,4,2025,79.19%,,,,
12269,9/22/2025,1145.00,Customer 106,Bengaluru,Karnataka,208.00,Keyboard,Electronics,2.00,"$3,862.00 ",0.00%,"$7,724.00","$5,832.91","$1,891.09",Cash,September,9,2025,75.52%,,,,
12270,9/3/2026,1299.00,Customer 263,Chennai,Tamil Nadu,221.00,Chair,Furniture,3.00,"$12,394.00 ",1000.00%,"$33,463.80","$29,798.00","$3,665.80",Debit Card,September,9,2026,89.05%,,,,
12271,8/3/2026,1044.00,Customer 153,Bengaluru,Karnataka,258.00,Table,Furniture,8.00,"$25,948.00 ",2000.00%,"$166,067.20","$104,365.02","$61,702.18",UPI,August,8,2026,62.85%,,,,
12272,4/24/2026,1059.00,Customer 1,Hyderabad,Telangana,254.00,Desk,Furniture,4.00,"$42,025.00 ",500.00%,"$159,695.00","$102,484.71","$57,210.29",UPI,April,4,2026,64.18%,,,,
12273,4/28/2026,1128.00,Customer 16,Hyderabad,Telangana,286.00,Desk,Furniture,1.00,"$39,409.00 ",500.00%,"$37,438.55","$28,480.06","$8,958.49",Debit Card,April,4,2026,76.07%,,,,
12274,5/3/2025,1479.00,Customer 22,Chennai,Tamil Nadu,231.00,Desk,Furniture,1.00,"$13,201.00 ",500.00%,"$12,540.95","$9,077.95","$3,463.00",Debit Card,May,5,2025,72.39%,,,,
12275,10/5/2026,1128.00,Customer 116,Chennai,Tamil Nadu,271.00,Monitor,Electronics,1.00,"$46,770.00 ",1000.00%,"$42,093.00","$31,242.01","$10,850.99",Credit Card,October,10,2026,74.22%,,,,
12276,7/8/2026,1214.00,Customer 417,Bengaluru,Karnataka,202.00,Notebook,Office,1.00,"$15,090.00 ",1000.00%,"$13,581.00","$9,079.84","$4,501.16",Cash,July,7,2026,66.86%,,,,
12277,9/16/2025,1164.00,Customer 463,Hyderabad,Telangana,228.00,Chair,Furniture,8.00,"$48,850.00 ",1500.00%,"$332,180.00","$236,045.68","$96,134.32",Cash,September,9,2025,71.06%,,,,
12278,8/19/2025,1098.00,Customer 396,Chennai,Tamil Nadu,236.00,Monitor,Electronics,3.00,"$48,151.00 ",0.00%,"$144,453.00","$110,927.44","$33,525.56",UPI,August,8,2025,76.79%,,,,
12279,11/18/2025,1127.00,Customer 65,Delhi,Delhi,277.00,Pen,Office,4.00,"$46,191.00 ",2000.00%,"$147,811.20","$125,256.04","$22,555.16",Debit Card,November,11,2025,84.74%,,,,
12280,9/19/2026,1249.00,Customer 319,Pune,Maharashtra,212.00,Monitor,Electronics,1.00,"$17,430.00 ",1500.00%,"$14,815.50","$12,038.82","$2,776.68",UPI,September,9,2026,81.26%,,,,
12281,6/2/2025,1468.00,Customer 38,Delhi,Delhi,268.00,Notebook,Office,8.00,"$33,887.00 ",1500.00%,"$230,431.60","$163,860.46","$66,571.14",UPI,June,6,2025,71.11%,,,,
12282,11/21/2025,1308.00,Customer 342,Mumbai,Maharashtra,211.00,Keyboard,Electronics,8.00,"$38,376.00 ",1500.00%,"$260,956.80","$205,098.61","$55,858.19",UPI,November,11,2025,78.59%,,,,
12283,1/6/2025,1410.00,Customer 396,Bengaluru,Karnataka,258.00,Mouse,Electronics,4.00,"$11,538.00 ",2000.00%,"$36,921.60","$29,938.84","$6,982.76",UPI,January,1,2025,81.09%,,,,
12284,6/4/2025,1131.00,Customer 492,Mumbai,Maharashtra,249.00,Laptop,Electronics,8.00,"$38,195.00 ",500.00%,"$290,282.00","$246,361.42","$43,920.58",UPI,June,6,2025,84.87%,,,,
12285,2/4/2026,1133.00,Customer 126,Chennai,Tamil Nadu,220.00,Table,Furniture,7.00,"$48,703.00 ",0.00%,"$340,921.00","$283,186.32","$57,734.68",Debit Card,February,2,2026,83.07%,,,,
12286,2/19/2025,1324.00,Customer 414,Mumbai,Maharashtra,259.00,Laptop,Electronics,5.00,"$22,184.00 ",2000.00%,"$88,736.00","$66,397.33","$22,338.67",Debit Card,February,2,2025,74.83%,,,,
12287,2/21/2025,1332.00,Customer 262,Delhi,Delhi,297.00,Paper,Office,2.00,"$15,902.00 ",0.00%,"$31,804.00","$24,930.48","$6,873.52",Cash,February,2,2025,78.39%,,,,
12288,3/6/2026,1353.00,Customer 396,Chennai,Tamil Nadu,228.00,Pen,Office,7.00,"$48,448.00 ",500.00%,"$322,179.20","$239,585.32","$82,593.88",Cash,March,3,2026,74.36%,,,,
12289,12/26/2026,1004.00,Customer 212,Hyderabad,Telangana,248.00,Table,Furniture,7.00,"$30,761.00 ",1000.00%,"$193,794.30","$166,941.16","$26,853.14",Debit Card,December,12,2026,86.14%,,,,
12290,6/14/2026,1106.00,Customer 414,Delhi,Delhi,266.00,Paper,Office,2.00,"$12,435.00 ",2000.00%,"$19,896.00","$13,944.96","$5,951.04",Cash,June,6,2026,70.09%,,,,
12291,12/18/2026,1118.00,Customer 185,Bengaluru,Karnataka,214.00,Keyboard,Electronics,7.00,"$35,519.00 ",500.00%,"$236,201.35","$192,115.98","$44,085.37",Credit Card,December,12,2026,81.34%,,,,
12292,4/10/2025,1312.00,Customer 377,Mumbai,Maharashtra,241.00,Pen,Office,1.00,"$47,775.00 ",500.00%,"$45,386.25","$40,062.02","$5,324.23",UPI,April,4,2025,88.27%,,,,
12293,10/28/2026,1442.00,Customer 161,Chennai,Tamil Nadu,285.00,Mouse,Electronics,2.00,"$32,966.00 ",0.00%,"$65,932.00","$49,032.39","$16,899.61",Credit Card,October,10,2026,74.37%,,,,
12294,1/24/2026,1461.00,Customer 90,Bengaluru,Karnataka,254.00,Paper,Office,3.00,"$20,108.00 ",2000.00%,"$48,259.20","$30,324.87","$17,934.33",Debit Card,January,1,2026,62.84%,,,,
12295,8/11/2026,1127.00,Customer 102,Hyderabad,Telangana,233.00,Paper,Office,4.00,"$19,505.00 ",1500.00%,"$66,317.00","$59,400.29","$6,916.71",Debit Card,August,8,2026,89.57%,,,,
12296,8/28/2026,1232.00,Customer 50,Pune,Maharashtra,272.00,Monitor,Electronics,7.00,"$16,798.00 ",1500.00%,"$99,948.10","$77,876.42","$22,071.68",Cash,August,8,2026,77.92%,,,,
12297,7/30/2025,1134.00,Customer 283,Pune,Maharashtra,224.00,Pen,Office,2.00,"$31,874.00 ",1500.00%,"$54,185.80","$38,448.52","$15,737.28",UPI,July,7,2025,70.96%,,,,
12298,7/1/2025,1194.00,Customer 124,Delhi,Delhi,235.00,Paper,Office,5.00,"$35,986.00 ",0.00%,"$179,930.00","$110,406.83","$69,523.17",Debit Card,July,7,2025,61.36%,,,,
12299,8/2/2026,1243.00,Customer 211,Chennai,Tamil Nadu,268.00,Notebook,Office,1.00,"$9,168.00 ",2000.00%,"$7,334.40","$4,498.69","$2,835.71",UPI,August,8,2026,61.34%,,,,
12300,8/27/2025,1452.00,Customer 115,Chennai,Tamil Nadu,292.00,Chair,Furniture,8.00,"$31,310.00 ",0.00%,"$250,480.00","$207,609.61","$42,870.39",Debit Card,August,8,2025,82.88%,,,,
12301,2/12/2026,1113.00,Customer 469,Delhi,Delhi,228.00,Desk,Furniture,6.00,"$6,676.00 ",2000.00%,"$32,044.80","$27,126.50","$4,918.30",Debit Card,February,2,2026,84.65%,,,,
12302,2/11/2026,1046.00,Customer 386,Bengaluru,Karnataka,256.00,Chair,Furniture,5.00,"$23,255.00 ",2000.00%,"$93,020.00","$75,351.11","$17,668.89",Credit Card,February,2,2026,81.01%,,,,
12303,10/26/2026,1165.00,Customer 282,Mumbai,Maharashtra,289.00,Desk,Furniture,7.00,"$20,144.00 ",2000.00%,"$112,806.40","$80,011.67","$32,794.73",UPI,October,10,2026,70.93%,,,,
12304,11/15/2025,1290.00,Customer 171,Chennai,Tamil Nadu,260.00,Table,Furniture,5.00,"$12,469.00 ",2000.00%,"$49,876.00","$34,643.89","$15,232.11",Credit Card,November,11,2025,69.46%,,,,
12305,9/5/2025,1001.00,Customer 106,Chennai,Tamil Nadu,271.00,Keyboard,Electronics,6.00,"$36,504.00 ",500.00%,"$208,072.80","$167,859.35","$40,213.45",Cash,September,9,2025,80.67%,,,,
12306,9/7/2026,1437.00,Customer 434,Delhi,Delhi,257.00,Table,Furniture,4.00,"$20,674.00 ",1000.00%,"$74,426.40","$51,291.02","$23,135.38",UPI,September,9,2026,68.92%,,,,
12307,2/27/2026,1371.00,Customer 106,Delhi,Delhi,217.00,Notebook,Office,8.00,"$38,849.00 ",0.00%,"$310,792.00","$278,155.29","$32,636.71",Credit Card,February,2,2026,89.50%,,,,
12308,9/17/2026,1463.00,Customer 173,Hyderabad,Telangana,235.00,Desk,Furniture,6.00,"$22,308.00 ",2000.00%,"$107,078.40","$65,979.16","$41,099.24",UPI,September,9,2026,61.62%,,,,
12309,11/22/2026,1097.00,Customer 495,Mumbai,Maharashtra,222.00,Paper,Office,1.00,"$1,377.00 ",2000.00%,"$1,101.60",$872.53,$229.07,Cash,November,11,2026,79.21%,,,,
12310,6/12/2026,1055.00,Customer 195,Chennai,Tamil Nadu,242.00,Desk,Furniture,4.00,"$32,650.00 ",500.00%,"$124,070.00","$81,875.99","$42,194.01",Cash,June,6,2026,65.99%,,,,
12311,10/13/2026,1173.00,Customer 342,Pune,Maharashtra,272.00,Keyboard,Electronics,4.00,"$29,278.00 ",1000.00%,"$105,400.80","$77,767.26","$27,633.54",Cash,October,10,2026,73.78%,,,,
12312,11/16/2025,1278.00,Customer 220,Mumbai,Maharashtra,254.00,Table,Furniture,5.00,"$17,734.00 ",1500.00%,"$75,369.50","$59,311.18","$16,058.32",Cash,November,11,2025,78.69%,,,,
12313,5/2/2026,1076.00,Customer 430,Bengaluru,Karnataka,255.00,Paper,Office,8.00,"$8,345.00 ",1000.00%,"$60,084.00","$48,837.58","$11,246.42",Debit Card,May,5,2026,81.28%,,,,
12314,10/2/2026,1336.00,Customer 179,Pune,Maharashtra,276.00,Paper,Office,6.00,"$2,953.00 ",1500.00%,"$15,060.30","$13,544.57","$1,515.73",Debit Card,October,10,2026,89.94%,,,,
12315,1/22/2025,1062.00,Customer 74,Bengaluru,Karnataka,201.00,Keyboard,Electronics,1.00,"$7,901.00 ",0.00%,"$7,901.00","$5,273.32","$2,627.68",Debit Card,January,1,2025,66.74%,,,,
12316,1/21/2026,1091.00,Customer 264,Bengaluru,Karnataka,279.00,Laptop,Electronics,3.00,"$6,518.00 ",1500.00%,"$16,620.90","$12,135.15","$4,485.75",Credit Card,January,1,2026,73.01%,,,,
12317,7/7/2026,1226.00,Customer 481,Chennai,Tamil Nadu,298.00,Table,Furniture,5.00,"$38,418.00 ",0.00%,"$192,090.00","$157,718.32","$34,371.68",Debit Card,July,7,2026,82.11%,,,,
12318,7/26/2025,1160.00,Customer 1,Chennai,Tamil Nadu,264.00,Laptop,Electronics,7.00,"$29,790.00 ",500.00%,"$198,103.50","$166,193.06","$31,910.44",UPI,July,7,2025,83.89%,,,,
12319,6/3/2025,1196.00,Customer 185,Delhi,Delhi,247.00,Paper,Office,4.00,"$34,998.00 ",2000.00%,"$111,993.60","$95,967.78","$16,025.82",Credit Card,June,6,2025,85.69%,,,,
12320,6/13/2026,1500.00,Customer 220,Delhi,Delhi,290.00,Paper,Office,7.00,"$4,594.00 ",2000.00%,"$25,726.40","$22,446.55","$3,279.85",Debit Card,June,6,2026,87.25%,,,,
12321,2/28/2026,1030.00,Customer 146,Hyderabad,Telangana,294.00,Pen,Office,1.00,"$10,239.00 ",1500.00%,"$8,703.15","$6,395.18","$2,307.97",Cash,February,2,2026,73.48%,,,,
12322,12/30/2026,1395.00,Customer 23,Hyderabad,Telangana,266.00,Notebook,Office,3.00,"$25,209.00 ",2000.00%,"$60,501.60","$41,458.67","$19,042.93",Cash,December,12,2026,68.52%,,,,
12323,11/27/2025,1123.00,Customer 247,Pune,Maharashtra,253.00,Laptop,Electronics,8.00,"$36,163.00 ",2000.00%,"$231,443.20","$141,777.74","$89,665.46",UPI,November,11,2025,61.26%,,,,
12324,10/10/2026,1456.00,Customer 469,Bengaluru,Karnataka,203.00,Desk,Furniture,2.00,"$4,127.00 ",0.00%,"$8,254.00","$6,890.46","$1,363.54",Debit Card,October,10,2026,83.48%,,,,
12325,3/19/2025,1469.00,Customer 339,Pune,Maharashtra,224.00,Paper,Office,5.00,"$26,394.00 ",0.00%,"$131,970.00","$87,066.33","$44,903.67",Debit Card,March,3,2025,65.97%,,,,
12326,12/11/2026,1061.00,Customer 224,Pune,Maharashtra,268.00,Monitor,Electronics,3.00,"$20,754.00 ",0.00%,"$62,262.00","$42,690.41","$19,571.59",Cash,December,12,2026,68.57%,,,,
12327,4/23/2026,1430.00,Customer 241,Bengaluru,Karnataka,239.00,Paper,Office,7.00,"$7,418.00 ",1500.00%,"$44,137.10","$37,958.23","$6,178.87",Cash,April,4,2026,86.00%,,,,
12328,4/30/2025,1362.00,Customer 15,Mumbai,Maharashtra,233.00,Paper,Office,7.00,"$14,484.00 ",0.00%,"$101,388.00","$74,604.76","$26,783.24",Debit Card,April,4,2025,73.58%,,,,
12329,12/14/2025,1454.00,Customer 89,Mumbai,Maharashtra,209.00,Paper,Office,6.00,"$31,106.00 ",1500.00%,"$158,640.60","$113,128.43","$45,512.17",Cash,December,12,2025,71.31%,,,,
12330,5/18/2025,1429.00,Customer 395,Hyderabad,Telangana,286.00,Desk,Furniture,7.00,"$38,333.00 ",1500.00%,"$228,081.35","$202,291.03","$25,790.32",UPI,May,5,2025,88.69%,,,,
12331,5/5/2025,1407.00,Customer 141,Mumbai,Maharashtra,280.00,Notebook,Office,1.00,"$34,843.00 ",1500.00%,"$29,616.55","$22,765.58","$6,850.97",Debit Card,May,5,2025,76.87%,,,,
12332,5/30/2025,1413.00,Customer 235,Chennai,Tamil Nadu,206.00,Monitor,Electronics,7.00,"$18,753.00 ",500.00%,"$124,707.45","$110,062.53","$14,644.92",Cash,May,5,2025,88.26%,,,,
12333,12/13/2025,1365.00,Customer 356,Mumbai,Maharashtra,236.00,Monitor,Electronics,4.00,"$2,989.00 ",0.00%,"$11,956.00","$10,709.62","$1,246.38",UPI,December,12,2025,89.58%,,,,
12334,3/19/2026,1447.00,Customer 188,Hyderabad,Telangana,242.00,Monitor,Electronics,2.00,"$16,930.00 ",0.00%,"$33,860.00","$28,022.91","$5,837.09",UPI,March,3,2026,82.76%,,,,
12335,11/6/2025,1473.00,Customer 91,Chennai,Tamil Nadu,209.00,Desk,Furniture,3.00,"$5,194.00 ",2000.00%,"$12,465.60","$9,344.35","$3,121.25",Debit Card,November,11,2025,74.96%,,,,
12336,5/13/2026,1172.00,Customer 449,Hyderabad,Telangana,230.00,Table,Furniture,3.00,"$2,152.00 ",500.00%,"$6,133.20","$3,970.80","$2,162.40",Debit Card,May,5,2026,64.74%,,,,
12337,3/25/2025,1468.00,Customer 273,Chennai,Tamil Nadu,204.00,Pen,Office,1.00,"$24,857.00 ",1000.00%,"$22,371.30","$15,076.35","$7,294.95",Cash,March,3,2025,67.39%,,,,
12338,5/7/2026,1208.00,Customer 340,Chennai,Tamil Nadu,266.00,Table,Furniture,1.00,"$15,672.00 ",2000.00%,"$12,537.60","$8,432.45","$4,105.15",Cash,May,5,2026,67.26%,,,,
12339,4/11/2025,1367.00,Customer 12,Chennai,Tamil Nadu,213.00,Pen,Office,4.00,"$28,336.00 ",1500.00%,"$96,342.40","$67,003.30","$29,339.10",Cash,April,4,2025,69.55%,,,,
12340,7/11/2026,1205.00,Customer 388,Delhi,Delhi,232.00,Table,Furniture,5.00,"$31,968.00 ",500.00%,"$151,848.00","$135,102.24","$16,745.76",Cash,July,7,2026,88.97%,,,,
12341,6/3/2026,1224.00,Customer 423,Mumbai,Maharashtra,239.00,Laptop,Electronics,5.00,"$12,255.00 ",2000.00%,"$49,020.00","$39,393.59","$9,626.41",Credit Card,June,6,2026,80.36%,,,,
12342,2/19/2025,1217.00,Customer 494,Mumbai,Maharashtra,213.00,Desk,Furniture,3.00,"$17,375.00 ",1500.00%,"$44,306.25","$31,625.98","$12,680.27",Debit Card,February,2,2025,71.38%,,,,
12343,7/17/2026,1314.00,Customer 65,Bengaluru,Karnataka,230.00,Keyboard,Electronics,4.00,"$42,069.00 ",2000.00%,"$134,620.80","$87,570.09","$47,050.71",Cash,July,7,2026,65.05%,,,,
12344,4/13/2025,1397.00,Customer 397,Pune,Maharashtra,250.00,Pen,Office,7.00,"$38,494.00 ",1500.00%,"$229,039.30","$142,288.45","$86,750.85",Credit Card,April,4,2025,62.12%,,,,
12345,5/8/2026,1453.00,Customer 373,Chennai,Tamil Nadu,228.00,Laptop,Electronics,8.00,"$2,054.00 ",2000.00%,"$13,145.60","$11,342.07","$1,803.53",Credit Card,May,5,2026,86.28%,,,,
12346,5/5/2026,1261.00,Customer 354,Mumbai,Maharashtra,245.00,Monitor,Electronics,1.00,"$2,663.00 ",0.00%,"$2,663.00","$1,965.75",$697.25,Cash,May,5,2026,73.82%,,,,
12347,2/7/2026,1249.00,Customer 52,Pune,Maharashtra,297.00,Keyboard,Electronics,7.00,"$44,799.00 ",1000.00%,"$282,233.70","$212,975.04","$69,258.66",Debit Card,February,2,2026,75.46%,,,,
12348,5/22/2025,1216.00,Customer 260,Mumbai,Maharashtra,249.00,Table,Furniture,2.00,"$16,271.00 ",0.00%,"$32,542.00","$20,904.79","$11,637.21",Credit Card,May,5,2025,64.24%,,,,
12349,9/1/2026,1339.00,Customer 275,Hyderabad,Telangana,279.00,Pen,Office,3.00,"$2,147.00 ",0.00%,"$6,441.00","$5,083.63","$1,357.37",Credit Card,September,9,2026,78.93%,,,,
12350,4/25/2026,1453.00,Customer 267,Delhi,Delhi,296.00,Mouse,Electronics,6.00,"$27,255.00 ",500.00%,"$155,353.50","$128,277.85","$27,075.65",Debit Card,April,4,2026,82.57%,,,,
12351,3/17/2026,1269.00,Customer 275,Bengaluru,Karnataka,281.00,Mouse,Electronics,5.00,"$9,760.00 ",0.00%,"$48,800.00","$33,401.81","$15,398.19",Credit Card,March,3,2026,68.45%,,,,
12352,6/3/2026,1042.00,Customer 43,Chennai,Tamil Nadu,239.00,Notebook,Office,1.00,"$33,560.00 ",2000.00%,"$26,848.00","$16,809.29","$10,038.71",Credit Card,June,6,2026,62.61%,,,,
12353,11/16/2025,1263.00,Customer 367,Hyderabad,Telangana,271.00,Chair,Furniture,7.00,"$45,023.00 ",0.00%,"$315,161.00","$202,231.74","$112,929.26",Debit Card,November,11,2025,64.17%,,,,
12354,5/4/2025,1323.00,Customer 375,Delhi,Delhi,230.00,Table,Furniture,8.00,"$1,752.00 ",1000.00%,"$12,614.40","$10,793.86","$1,820.54",Credit Card,May,5,2025,85.57%,,,,
12355,11/8/2025,1462.00,Customer 151,Chennai,Tamil Nadu,256.00,Pen,Office,7.00,"$15,009.00 ",0.00%,"$105,063.00","$82,492.96","$22,570.04",Cash,November,11,2025,78.52%,,,,
12356,11/14/2025,1065.00,Customer 248,Pune,Maharashtra,201.00,Paper,Office,2.00,"$1,585.00 ",2000.00%,"$2,536.00","$1,977.18",$558.82,UPI,November,11,2025,77.96%,,,,
12357,8/7/2026,1006.00,Customer 300,Pune,Maharashtra,250.00,Paper,Office,1.00,"$27,896.00 ",0.00%,"$27,896.00","$18,331.07","$9,564.93",UPI,August,8,2026,65.71%,,,,
12358,5/25/2026,1268.00,Customer 184,Delhi,Delhi,254.00,Mouse,Electronics,7.00,"$4,040.00 ",500.00%,"$26,866.00","$23,242.07","$3,623.93",Debit Card,May,5,2026,86.51%,,,,
12359,11/12/2026,1082.00,Customer 118,Mumbai,Maharashtra,280.00,Mouse,Electronics,6.00,"$5,951.00 ",500.00%,"$33,920.70","$21,372.00","$12,548.70",Cash,November,11,2026,63.01%,,,,
12360,2/23/2025,1195.00,Customer 270,Delhi,Delhi,257.00,Mouse,Electronics,7.00,"$13,978.00 ",1500.00%,"$83,169.10","$74,071.95","$9,097.15",Debit Card,February,2,2025,89.06%,,,,
12361,8/26/2026,1132.00,Customer 387,Delhi,Delhi,274.00,Laptop,Electronics,7.00,"$28,334.00 ",2000.00%,"$158,670.40","$105,398.97","$53,271.43",Cash,August,8,2026,66.43%,,,,
12362,2/26/2026,1125.00,Customer 79,Mumbai,Maharashtra,270.00,Monitor,Electronics,8.00,"$12,811.00 ",1000.00%,"$92,239.20","$57,681.03","$34,558.17",Cash,February,2,2026,62.53%,,,,
12363,6/30/2026,1101.00,Customer 445,Pune,Maharashtra,233.00,Paper,Office,7.00,"$32,005.00 ",2000.00%,"$179,228.00","$142,092.88","$37,135.12",Debit Card,June,6,2026,79.28%,,,,
12364,6/21/2025,1038.00,Customer 121,Hyderabad,Telangana,271.00,Paper,Office,1.00,"$17,887.00 ",1500.00%,"$15,203.95","$13,477.80","$1,726.15",Cash,June,6,2025,88.65%,,,,
12365,2/20/2026,1385.00,Customer 334,Delhi,Delhi,269.00,Table,Furniture,5.00,"$19,740.00 ",500.00%,"$93,765.00","$64,474.04","$29,290.96",Debit Card,February,2,2026,68.76%,,,,
12366,10/15/2026,1010.00,Customer 10,Delhi,Delhi,294.00,Table,Furniture,3.00,"$4,903.00 ",1000.00%,"$13,238.10","$8,921.88","$4,316.22",UPI,October,10,2026,67.40%,,,,
12367,8/14/2026,1449.00,Customer 62,Bengaluru,Karnataka,250.00,Table,Furniture,7.00,"$16,381.00 ",500.00%,"$108,933.65","$87,061.56","$21,872.09",Cash,August,8,2026,79.92%,,,,
12368,11/30/2025,1288.00,Customer 178,Pune,Maharashtra,228.00,Notebook,Office,3.00,"$41,248.00 ",1500.00%,"$105,182.40","$93,281.33","$11,901.07",UPI,November,11,2025,88.69%,,,,
12369,6/9/2026,1493.00,Customer 199,Delhi,Delhi,218.00,Laptop,Electronics,2.00,"$18,276.00 ",0.00%,"$36,552.00","$28,293.71","$8,258.29",Credit Card,June,6,2026,77.41%,,,,
12370,5/2/2026,1276.00,Customer 361,Bengaluru,Karnataka,207.00,Notebook,Office,7.00,$513.00 ,1500.00%,"$3,052.35","$2,480.33",$572.02,Cash,May,5,2026,81.26%,,,,
12371,11/20/2026,1433.00,Customer 255,Delhi,Delhi,245.00,Pen,Office,2.00,"$10,475.00 ",1000.00%,"$18,855.00","$11,508.00","$7,347.00",Debit Card,November,11,2026,61.03%,,,,
12372,6/26/2026,1460.00,Customer 35,Bengaluru,Karnataka,261.00,Desk,Furniture,1.00,"$18,778.00 ",500.00%,"$17,839.10","$12,273.10","$5,566.00",Cash,June,6,2026,68.80%,,,,
12373,11/8/2026,1090.00,Customer 426,Hyderabad,Telangana,216.00,Laptop,Electronics,4.00,"$32,561.00 ",2000.00%,"$104,195.20","$91,565.84","$12,629.36",Debit Card,November,11,2026,87.88%,,,,
12374,6/19/2026,1218.00,Customer 230,Chennai,Tamil Nadu,239.00,Laptop,Electronics,6.00,"$7,735.00 ",1500.00%,"$39,448.50","$33,162.34","$6,286.16",Debit Card,June,6,2026,84.06%,,,,
12375,1/28/2025,1270.00,Customer 331,Hyderabad,Telangana,294.00,Table,Furniture,4.00,"$4,396.00 ",0.00%,"$17,584.00","$11,052.74","$6,531.26",Debit Card,January,1,2025,62.86%,,,,
12376,12/12/2026,1380.00,Customer 140,Mumbai,Maharashtra,291.00,Chair,Furniture,2.00,"$2,683.00 ",2000.00%,"$4,292.80","$2,670.75","$1,622.05",Cash,December,12,2026,62.21%,,,,
12377,1/30/2026,1429.00,Customer 258,Bengaluru,Karnataka,201.00,Keyboard,Electronics,4.00,"$27,830.00 ",0.00%,"$111,320.00","$74,336.32","$36,983.68",UPI,January,1,2026,66.78%,,,,
12378,6/15/2026,1372.00,Customer 226,Mumbai,Maharashtra,243.00,Chair,Furniture,1.00,"$47,178.00 ",500.00%,"$44,819.10","$39,502.46","$5,316.64",Credit Card,June,6,2026,88.14%,,,,
12379,11/23/2026,1447.00,Customer 407,Delhi,Delhi,273.00,Paper,Office,7.00,"$10,236.00 ",1500.00%,"$60,904.20","$36,577.61","$24,326.59",Cash,November,11,2026,60.06%,,,,
12380,1/26/2025,1155.00,Customer 215,Delhi,Delhi,261.00,Table,Furniture,5.00,"$1,289.00 ",2000.00%,"$5,156.00","$3,907.33","$1,248.67",Debit Card,January,1,2025,75.78%,,,,
12381,1/10/2025,1497.00,Customer 335,Pune,Maharashtra,245.00,Desk,Furniture,4.00,"$42,976.00 ",1000.00%,"$154,713.60","$129,490.28","$25,223.32",UPI,January,1,2025,83.70%,,,,
12382,7/9/2026,1076.00,Customer 280,Bengaluru,Karnataka,222.00,Notebook,Office,8.00,"$32,661.00 ",1000.00%,"$235,159.20","$208,675.70","$26,483.50",Credit Card,July,7,2026,88.74%,,,,
12383,4/17/2026,1025.00,Customer 68,Hyderabad,Telangana,280.00,Keyboard,Electronics,1.00,"$2,208.00 ",0.00%,"$2,208.00","$1,338.33",$869.67,Cash,April,4,2026,60.61%,,,,
12384,5/29/2025,1167.00,Customer 69,Chennai,Tamil Nadu,290.00,Keyboard,Electronics,7.00,"$33,978.00 ",500.00%,"$225,953.70","$159,291.47","$66,662.23",Credit Card,May,5,2025,70.50%,,,,
12385,1/15/2025,1335.00,Customer 298,Bengaluru,Karnataka,247.00,Paper,Office,5.00,"$5,261.00 ",500.00%,"$24,989.75","$18,151.55","$6,838.20",Credit Card,January,1,2025,72.64%,,,,
12386,11/9/2025,1449.00,Customer 160,Mumbai,Maharashtra,205.00,Monitor,Electronics,4.00,"$10,188.00 ",1500.00%,"$34,639.20","$28,965.35","$5,673.85",Cash,November,11,2025,83.62%,,,,
12387,6/10/2026,1313.00,Customer 141,Chennai,Tamil Nadu,238.00,Pen,Office,7.00,"$42,237.00 ",1000.00%,"$266,093.10","$209,447.30","$56,645.80",Credit Card,June,6,2026,78.71%,,,,
12388,7/29/2025,1247.00,Customer 466,Bengaluru,Karnataka,297.00,Paper,Office,3.00,"$17,336.00 ",500.00%,"$49,407.60","$39,187.45","$10,220.15",Cash,July,7,2025,79.31%,,,,
12389,4/7/2025,1278.00,Customer 43,Mumbai,Maharashtra,284.00,Chair,Furniture,4.00,"$37,718.00 ",500.00%,"$143,328.40","$125,978.50","$17,349.90",Cash,April,4,2025,87.90%,,,,
12390,9/10/2025,1069.00,Customer 459,Bengaluru,Karnataka,286.00,Laptop,Electronics,5.00,"$8,548.00 ",1000.00%,"$38,466.00","$30,006.40","$8,459.60",UPI,September,9,2025,78.01%,,,,
12391,10/8/2026,1418.00,Customer 220,Hyderabad,Telangana,226.00,Chair,Furniture,3.00,"$40,629.00 ",0.00%,"$121,887.00","$98,606.70","$23,280.30",Credit Card,October,10,2026,80.90%,,,,
12392,12/17/2026,1257.00,Customer 231,Chennai,Tamil Nadu,271.00,Desk,Furniture,4.00,"$39,555.00 ",1500.00%,"$134,487.00","$116,041.67","$18,445.33",UPI,December,12,2026,86.28%,,,,
12393,6/20/2026,1047.00,Customer 238,Hyderabad,Telangana,257.00,Desk,Furniture,3.00,"$16,807.00 ",500.00%,"$47,899.95","$32,585.84","$15,314.11",UPI,June,6,2026,68.03%,,,,
12394,9/23/2025,1179.00,Customer 52,Pune,Maharashtra,255.00,Laptop,Electronics,2.00,"$1,848.00 ",1000.00%,"$3,326.40","$2,017.36","$1,309.04",Debit Card,September,9,2025,60.65%,,,,
12395,9/9/2026,1321.00,Customer 450,Mumbai,Maharashtra,295.00,Keyboard,Electronics,5.00,"$45,845.00 ",0.00%,"$229,225.00","$166,559.00","$62,666.00",UPI,September,9,2026,72.66%,,,,
12396,5/14/2026,1229.00,Customer 394,Delhi,Delhi,297.00,Paper,Office,3.00,"$26,898.00 ",500.00%,"$76,659.30","$66,741.31","$9,917.99",UPI,May,5,2026,87.06%,,,,
12397,7/10/2025,1152.00,Customer 9,Chennai,Tamil Nadu,228.00,Laptop,Electronics,3.00,"$29,197.00 ",1000.00%,"$78,831.90","$67,591.53","$11,240.37",UPI,July,7,2025,85.74%,,,,
12398,5/18/2026,1333.00,Customer 399,Mumbai,Maharashtra,243.00,Mouse,Electronics,6.00,"$24,943.00 ",2000.00%,"$119,726.40","$101,065.63","$18,660.77",Cash,May,5,2026,84.41%,,,,
12399,1/16/2025,1218.00,Customer 372,Pune,Maharashtra,201.00,Paper,Office,8.00,"$7,234.00 ",0.00%,"$57,872.00","$45,403.28","$12,468.72",Debit Card,January,1,2025,78.45%,,,,
12400,5/9/2026,1326.00,Customer 449,Mumbai,Maharashtra,291.00,Monitor,Electronics,7.00,"$7,902.00 ",1000.00%,"$49,782.60","$38,803.67","$10,978.93",Debit Card,May,5,2026,77.95%,,,,
12401,6/1/2025,1421.00,Customer 93,Hyderabad,Telangana,276.00,Desk,Furniture,3.00,"$34,933.00 ",1500.00%,"$89,079.15","$62,070.19","$27,008.96",UPI,June,6,2025,69.68%,,,,
12402,4/9/2025,1033.00,Customer 5,Bengaluru,Karnataka,237.00,Pen,Office,8.00,"$8,299.00 ",0.00%,"$66,392.00","$52,384.58","$14,007.42",UPI,April,4,2025,78.90%,,,,
12403,11/22/2026,1469.00,Customer 48,Hyderabad,Telangana,223.00,Monitor,Electronics,2.00,"$24,601.00 ",2000.00%,"$39,361.60","$34,916.95","$4,444.65",UPI,November,11,2026,88.71%,,,,
12404,10/14/2026,1234.00,Customer 96,Bengaluru,Karnataka,273.00,Chair,Furniture,5.00,"$35,910.00 ",500.00%,"$170,572.50","$142,803.70","$27,768.80",UPI,October,10,2026,83.72%,,,,
12405,2/11/2025,1371.00,Customer 310,Bengaluru,Karnataka,210.00,Pen,Office,7.00,"$6,419.00 ",500.00%,"$42,686.35","$31,105.33","$11,581.02",Credit Card,February,2,2025,72.87%,,,,
12406,9/18/2026,1420.00,Customer 152,Bengaluru,Karnataka,284.00,Desk,Furniture,5.00,"$33,398.00 ",500.00%,"$158,640.50","$115,022.10","$43,618.40",UPI,September,9,2026,72.50%,,,,
12407,6/30/2025,1105.00,Customer 280,Chennai,Tamil Nadu,289.00,Table,Furniture,1.00,"$24,751.00 ",2000.00%,"$19,800.80","$12,949.89","$6,850.91",UPI,June,6,2025,65.40%,,,,
12408,11/4/2026,1197.00,Customer 315,Hyderabad,Telangana,260.00,Mouse,Electronics,2.00,"$24,929.00 ",2000.00%,"$39,886.40","$35,041.43","$4,844.97",Debit Card,November,11,2026,87.85%,,,,
12409,5/17/2026,1373.00,Customer 38,Bengaluru,Karnataka,213.00,Pen,Office,7.00,"$16,681.00 ",1000.00%,"$105,090.30","$65,285.98","$39,804.32",Cash,May,5,2026,62.12%,,,,
12410,9/17/2026,1445.00,Customer 345,Hyderabad,Telangana,248.00,Monitor,Electronics,8.00,"$15,812.00 ",0.00%,"$126,496.00","$89,410.60","$37,085.40",UPI,September,9,2026,70.68%,,,,
12411,9/22/2025,1471.00,Customer 177,Delhi,Delhi,211.00,Paper,Office,5.00,"$13,703.00 ",2000.00%,"$54,812.00","$37,823.16","$16,988.84",Cash,September,9,2025,69.01%,,,,
12412,11/5/2026,1383.00,Customer 268,Delhi,Delhi,283.00,Table,Furniture,7.00,"$17,469.00 ",1500.00%,"$103,940.55","$88,428.17","$15,512.38",Credit Card,November,11,2026,85.08%,,,,
12413,11/20/2026,1128.00,Customer 234,Pune,Maharashtra,203.00,Keyboard,Electronics,4.00,"$6,819.00 ",2000.00%,"$21,820.80","$16,635.92","$5,184.88",Cash,November,11,2026,76.24%,,,,
12414,2/26/2025,1130.00,Customer 130,Chennai,Tamil Nadu,207.00,Table,Furniture,7.00,"$14,161.00 ",2000.00%,"$79,301.60","$49,206.00","$30,095.60",Debit Card,February,2,2025,62.05%,,,,
12415,8/16/2026,1353.00,Customer 496,Hyderabad,Telangana,244.00,Notebook,Office,1.00,"$5,270.00 ",500.00%,"$5,006.50","$4,020.64",$985.86,Debit Card,August,8,2026,80.31%,,,,
12416,1/21/2026,1375.00,Customer 36,Delhi,Delhi,280.00,Desk,Furniture,2.00,"$5,874.00 ",500.00%,"$11,160.60","$7,209.90","$3,950.70",Credit Card,January,1,2026,64.60%,,,,
12417,12/12/2025,1201.00,Customer 299,Delhi,Delhi,204.00,Laptop,Electronics,1.00,"$21,594.00 ",500.00%,"$20,514.30","$18,236.92","$2,277.38",Credit Card,December,12,2025,88.90%,,,,
12418,2/1/2025,1338.00,Customer 473,Mumbai,Maharashtra,300.00,Monitor,Electronics,4.00,"$21,750.00 ",2000.00%,"$69,600.00","$59,929.93","$9,670.07",UPI,February,2,2025,86.11%,,,,
12419,11/17/2026,1451.00,Customer 148,Mumbai,Maharashtra,290.00,Desk,Furniture,3.00,"$14,355.00 ",500.00%,"$40,911.75","$35,891.03","$5,020.72",Debit Card,November,11,2026,87.73%,,,,
12420,4/7/2026,1397.00,Customer 188,Pune,Maharashtra,264.00,Pen,Office,2.00,"$4,927.00 ",1000.00%,"$8,868.60","$7,009.31","$1,859.29",Debit Card,April,4,2026,79.04%,,,,
12421,11/29/2025,1068.00,Customer 168,Mumbai,Maharashtra,297.00,Table,Furniture,1.00,"$34,526.00 ",1500.00%,"$29,347.10","$20,777.49","$8,569.61",Cash,November,11,2025,70.80%,,,,
12422,6/28/2025,1200.00,Customer 462,Pune,Maharashtra,255.00,Table,Furniture,8.00,"$46,017.00 ",1500.00%,"$312,915.60","$201,414.17","$111,501.43",UPI,June,6,2025,64.37%,,,,
12423,3/6/2026,1181.00,Customer 420,Mumbai,Maharashtra,248.00,Notebook,Office,4.00,"$25,497.00 ",2000.00%,"$81,590.40","$66,285.92","$15,304.48",Credit Card,March,3,2026,81.24%,,,,
12424,11/23/2026,1159.00,Customer 262,Pune,Maharashtra,270.00,Table,Furniture,4.00,"$33,257.00 ",1000.00%,"$119,725.20","$86,813.33","$32,911.87",Cash,November,11,2026,72.51%,,,,
12425,2/1/2025,1331.00,Customer 9,Chennai,Tamil Nadu,228.00,Paper,Office,1.00,"$6,155.00 ",1000.00%,"$5,539.50","$3,585.28","$1,954.22",Debit Card,February,2,2025,64.72%,,,,
12426,6/13/2025,1087.00,Customer 446,Delhi,Delhi,226.00,Desk,Furniture,7.00,"$48,187.00 ",500.00%,"$320,443.55","$206,920.64","$113,522.91",Cash,June,6,2025,64.57%,,,,
12427,3/13/2026,1236.00,Customer 497,Mumbai,Maharashtra,255.00,Table,Furniture,8.00,"$37,022.00 ",1500.00%,"$251,749.60","$176,034.48","$75,715.12",UPI,March,3,2026,69.92%,,,,
12428,1/5/2026,1369.00,Customer 18,Chennai,Tamil Nadu,212.00,Mouse,Electronics,6.00,"$44,429.00 ",0.00%,"$266,574.00","$209,094.29","$57,479.71",Credit Card,January,1,2026,78.44%,,,,
12429,7/31/2026,1074.00,Customer 144,Bengaluru,Karnataka,224.00,Mouse,Electronics,6.00,"$37,891.00 ",2000.00%,"$181,876.80","$117,227.40","$64,649.40",UPI,July,7,2026,64.45%,,,,
12430,1/8/2026,1364.00,Customer 209,Pune,Maharashtra,246.00,Notebook,Office,4.00,"$5,442.00 ",2000.00%,"$17,414.40","$10,574.47","$6,839.93",UPI,January,1,2026,60.72%,,,,
12431,12/26/2026,1384.00,Customer 336,Mumbai,Maharashtra,267.00,Mouse,Electronics,5.00,"$4,121.00 ",0.00%,"$20,605.00","$14,811.20","$5,793.80",Debit Card,December,12,2026,71.88%,,,,
12432,1/21/2025,1233.00,Customer 28,Delhi,Delhi,218.00,Keyboard,Electronics,8.00,"$2,820.00 ",500.00%,"$21,432.00","$13,466.36","$7,965.64",Credit Card,January,1,2025,62.83%,,,,
12433,5/25/2025,1253.00,Customer 126,Pune,Maharashtra,206.00,Desk,Furniture,7.00,"$11,375.00 ",500.00%,"$75,643.75","$62,636.87","$13,006.88",Debit Card,May,5,2025,82.81%,,,,
12434,8/13/2025,1016.00,Customer 103,Mumbai,Maharashtra,274.00,Mouse,Electronics,2.00,"$42,724.00 ",0.00%,"$85,448.00","$75,706.00","$9,742.00",Debit Card,August,8,2025,88.60%,,,,
12435,5/19/2025,1326.00,Customer 259,Chennai,Tamil Nadu,201.00,Table,Furniture,6.00,"$2,552.00 ",1000.00%,"$13,780.80","$12,305.69","$1,475.11",Cash,May,5,2025,89.30%,,,,
12436,11/5/2026,1001.00,Customer 420,Pune,Maharashtra,254.00,Laptop,Electronics,6.00,"$47,908.00 ",1500.00%,"$244,330.80","$202,321.89","$42,008.91",Debit Card,November,11,2026,82.81%,,,,
12437,12/16/2026,1238.00,Customer 160,Chennai,Tamil Nadu,294.00,Monitor,Electronics,1.00,"$36,470.00 ",0.00%,"$36,470.00","$23,498.82","$12,971.18",Debit Card,December,12,2026,64.43%,,,,
12438,6/19/2025,1113.00,Customer 432,Mumbai,Maharashtra,216.00,Table,Furniture,7.00,"$15,811.00 ",2000.00%,"$88,541.60","$65,697.27","$22,844.33",Credit Card,June,6,2025,74.20%,,,,
12439,7/11/2025,1116.00,Customer 245,Mumbai,Maharashtra,288.00,Paper,Office,6.00,"$17,030.00 ",2000.00%,"$81,744.00","$60,454.63","$21,289.37",Debit Card,July,7,2025,73.96%,,,,
12440,3/14/2025,1237.00,Customer 9,Hyderabad,Telangana,225.00,Keyboard,Electronics,8.00,"$34,974.00 ",500.00%,"$265,802.40","$219,452.93","$46,349.47",UPI,March,3,2025,82.56%,,,,
12441,11/27/2026,1115.00,Customer 8,Pune,Maharashtra,243.00,Pen,Office,8.00,"$48,809.00 ",1500.00%,"$331,901.20","$234,910.32","$96,990.88",Cash,November,11,2026,70.78%,,,,
12442,9/5/2026,1048.00,Customer 189,Chennai,Tamil Nadu,260.00,Keyboard,Electronics,5.00,"$11,827.00 ",1500.00%,"$50,264.75","$35,861.89","$14,402.86",UPI,September,9,2026,71.35%,,,,
12443,5/22/2025,1321.00,Customer 85,Hyderabad,Telangana,241.00,Table,Furniture,5.00,"$45,021.00 ",500.00%,"$213,849.75","$185,473.08","$28,376.67",Cash,May,5,2025,86.73%,,,,
12444,4/15/2025,1285.00,Customer 369,Chennai,Tamil Nadu,229.00,Desk,Furniture,5.00,"$42,184.00 ",2000.00%,"$168,736.00","$151,604.69","$17,131.31",UPI,April,4,2025,89.85%,,,,
12445,3/29/2025,1264.00,Customer 483,Pune,Maharashtra,222.00,Table,Furniture,8.00,"$45,924.00 ",1500.00%,"$312,283.20","$228,729.00","$83,554.20",Debit Card,March,3,2025,73.24%,,,,
12446,3/11/2026,1460.00,Customer 55,Mumbai,Maharashtra,278.00,Laptop,Electronics,3.00,"$15,820.00 ",1500.00%,"$40,341.00","$30,685.66","$9,655.34",Cash,March,3,2026,76.07%,,,,
12447,5/28/2025,1306.00,Customer 265,Delhi,Delhi,250.00,Paper,Office,6.00,"$9,074.00 ",1000.00%,"$48,999.60","$42,740.86","$6,258.74",UPI,May,5,2025,87.23%,,,,
12448,2/25/2025,1333.00,Customer 166,Delhi,Delhi,291.00,Monitor,Electronics,7.00,"$9,723.00 ",1500.00%,"$57,851.85","$44,077.23","$13,774.62",Cash,February,2,2025,76.19%,,,,
12449,11/23/2025,1256.00,Customer 108,Hyderabad,Telangana,268.00,Chair,Furniture,2.00,"$37,399.00 ",1000.00%,"$67,318.20","$52,884.03","$14,434.17",Debit Card,November,11,2025,78.56%,,,,
12450,12/11/2026,1067.00,Customer 65,Hyderabad,Telangana,288.00,Keyboard,Electronics,7.00,"$38,003.00 ",1500.00%,"$226,117.85","$183,896.06","$42,221.79",Credit Card,December,12,2026,81.33%,,,,
12451,8/22/2025,1349.00,Customer 481,Chennai,Tamil Nadu,243.00,Laptop,Electronics,8.00,"$43,899.00 ",1000.00%,"$316,072.80","$273,196.23","$42,876.57",Credit Card,August,8,2025,86.43%,,,,
12452,5/25/2026,1258.00,Customer 58,Delhi,Delhi,263.00,Desk,Furniture,6.00,$777.00 ,1500.00%,"$3,962.70","$2,669.95","$1,292.75",Cash,May,5,2026,67.38%,,,,
12453,1/24/2025,1222.00,Customer 129,Bengaluru,Karnataka,283.00,Desk,Furniture,4.00,"$29,480.00 ",2000.00%,"$94,336.00","$67,176.08","$27,159.92",Debit Card,January,1,2025,71.21%,,,,
12454,10/24/2025,1050.00,Customer 347,Mumbai,Maharashtra,285.00,Laptop,Electronics,6.00,"$31,072.00 ",0.00%,"$186,432.00","$124,096.60","$62,335.40",Credit Card,October,10,2025,66.56%,,,,
12455,4/6/2026,1069.00,Customer 214,Chennai,Tamil Nadu,208.00,Keyboard,Electronics,5.00,"$4,491.00 ",1000.00%,"$20,209.50","$15,889.81","$4,319.69",Cash,April,4,2026,78.63%,,,,
12456,1/7/2026,1194.00,Customer 138,Bengaluru,Karnataka,209.00,Desk,Furniture,7.00,"$39,834.00 ",2000.00%,"$223,070.40","$156,578.85","$66,491.55",Debit Card,January,1,2026,70.19%,,,,
12457,2/12/2026,1108.00,Customer 396,Bengaluru,Karnataka,234.00,Laptop,Electronics,3.00,"$19,341.00 ",500.00%,"$55,121.85","$45,611.30","$9,510.55",Debit Card,February,2,2026,82.75%,,,,
12458,5/4/2026,1485.00,Customer 341,Mumbai,Maharashtra,244.00,Keyboard,Electronics,4.00,"$26,526.00 ",1000.00%,"$95,493.60","$81,560.41","$13,933.19",Cash,May,5,2026,85.41%,,,,
12459,12/8/2026,1374.00,Customer 329,Delhi,Delhi,272.00,Keyboard,Electronics,6.00,"$17,087.00 ",1000.00%,"$92,269.80","$79,079.98","$13,189.82",Credit Card,December,12,2026,85.71%,,,,
12460,8/7/2025,1309.00,Customer 58,Hyderabad,Telangana,222.00,Table,Furniture,2.00,"$26,223.00 ",500.00%,"$49,823.70","$41,180.01","$8,643.69",Credit Card,August,8,2025,82.65%,,,,
12461,11/17/2025,1010.00,Customer 111,Hyderabad,Telangana,290.00,Keyboard,Electronics,5.00,"$11,080.00 ",0.00%,"$55,400.00","$44,190.42","$11,209.58",Cash,November,11,2025,79.77%,,,,
12462,8/29/2026,1010.00,Customer 395,Pune,Maharashtra,280.00,Mouse,Electronics,7.00,"$15,009.00 ",1000.00%,"$94,556.70","$68,216.62","$26,340.08",UPI,August,8,2026,72.14%,,,,
12463,12/7/2025,1330.00,Customer 434,Chennai,Tamil Nadu,228.00,Pen,Office,4.00,"$2,110.00 ",500.00%,"$8,018.00","$6,436.28","$1,581.72",UPI,December,12,2025,80.27%,,,,
12464,12/26/2025,1472.00,Customer 222,Hyderabad,Telangana,286.00,Pen,Office,8.00,"$12,909.00 ",2000.00%,"$82,617.60","$70,297.06","$12,320.54",UPI,December,12,2025,85.09%,,,,
12465,4/12/2025,1095.00,Customer 322,Bengaluru,Karnataka,292.00,Table,Furniture,2.00,"$27,267.00 ",1000.00%,"$49,080.60","$42,508.09","$6,572.51",Debit Card,April,4,2025,86.61%,,,,
12466,2/6/2025,1062.00,Customer 343,Pune,Maharashtra,249.00,Mouse,Electronics,1.00,"$17,449.00 ",1500.00%,"$14,831.65","$12,915.06","$1,916.59",Debit Card,February,2,2025,87.08%,,,,
12467,4/23/2025,1469.00,Customer 436,Bengaluru,Karnataka,212.00,Keyboard,Electronics,3.00,"$34,536.00 ",2000.00%,"$82,886.40","$61,901.54","$20,984.86",Cash,April,4,2025,74.68%,,,,
12468,7/17/2025,1124.00,Customer 268,Hyderabad,Telangana,285.00,Pen,Office,3.00,"$10,619.00 ",1000.00%,"$28,671.30","$17,421.12","$11,250.18",Cash,July,7,2025,60.76%,,,,
12469,3/28/2026,1357.00,Customer 490,Pune,Maharashtra,211.00,Paper,Office,1.00,"$13,684.00 ",1000.00%,"$12,315.60","$10,719.99","$1,595.61",UPI,March,3,2026,87.04%,,,,
12470,8/22/2025,1455.00,Customer 319,Mumbai,Maharashtra,245.00,Table,Furniture,5.00,"$9,275.00 ",1000.00%,"$41,737.50","$35,719.87","$6,017.63",UPI,August,8,2025,85.58%,,,,
12471,3/9/2025,1068.00,Customer 29,Bengaluru,Karnataka,250.00,Notebook,Office,6.00,"$45,849.00 ",500.00%,"$261,339.30","$213,303.28","$48,036.02",UPI,March,3,2025,81.62%,,,,
12472,2/19/2026,1386.00,Customer 222,Pune,Maharashtra,224.00,Chair,Furniture,8.00,"$48,058.00 ",1500.00%,"$326,794.40","$264,404.03","$62,390.37",Cash,February,2,2026,80.91%,,,,
12473,5/29/2025,1473.00,Customer 247,Bengaluru,Karnataka,295.00,Table,Furniture,7.00,"$3,178.00 ",2000.00%,"$17,796.80","$13,454.30","$4,342.50",Cash,May,5,2025,75.60%,,,,
12474,1/13/2025,1358.00,Customer 216,Pune,Maharashtra,246.00,Mouse,Electronics,8.00,"$4,848.00 ",0.00%,"$38,784.00","$25,135.24","$13,648.76",Credit Card,January,1,2025,64.81%,,,,
12475,11/30/2026,1280.00,Customer 450,Hyderabad,Telangana,291.00,Notebook,Office,4.00,"$34,327.00 ",2000.00%,"$109,846.40","$76,983.00","$32,863.40",Debit Card,November,11,2026,70.08%,,,,
12476,2/6/2026,1152.00,Customer 165,Pune,Maharashtra,291.00,Notebook,Office,8.00,"$17,000.00 ",500.00%,"$129,200.00","$82,923.81","$46,276.19",Credit Card,February,2,2026,64.18%,,,,
12477,11/3/2025,1129.00,Customer 126,Mumbai,Maharashtra,214.00,Mouse,Electronics,7.00,"$42,009.00 ",1500.00%,"$249,953.55","$194,649.69","$55,303.86",Debit Card,November,11,2025,77.87%,,,,
12478,6/4/2025,1388.00,Customer 495,Pune,Maharashtra,294.00,Desk,Furniture,8.00,"$24,392.00 ",1500.00%,"$165,865.60","$140,655.35","$25,210.25",Credit Card,June,6,2025,84.80%,,,,
12479,10/5/2026,1134.00,Customer 190,Bengaluru,Karnataka,297.00,Paper,Office,7.00,"$11,806.00 ",1000.00%,"$74,377.80","$45,418.71","$28,959.09",Cash,October,10,2026,61.06%,,,,
12480,12/25/2025,1195.00,Customer 96,Chennai,Tamil Nadu,232.00,Paper,Office,7.00,"$20,910.00 ",1000.00%,"$131,733.00","$87,417.31","$44,315.69",Credit Card,December,12,2025,66.36%,,,,
12481,2/21/2025,1430.00,Customer 113,Mumbai,Maharashtra,297.00,Chair,Furniture,2.00,"$25,196.00 ",2000.00%,"$40,313.60","$26,445.57","$13,868.03",Debit Card,February,2,2025,65.60%,,,,
12482,8/6/2026,1187.00,Customer 8,Delhi,Delhi,283.00,Chair,Furniture,1.00,"$32,263.00 ",1000.00%,"$29,036.70","$18,663.21","$10,373.49",Cash,August,8,2026,64.27%,,,,
12483,4/3/2025,1089.00,Customer 400,Delhi,Delhi,203.00,Chair,Furniture,8.00,"$13,897.00 ",500.00%,"$105,617.20","$67,527.27","$38,089.93",Credit Card,April,4,2025,63.94%,,,,
12484,11/28/2026,1458.00,Customer 59,Delhi,Delhi,262.00,Desk,Furniture,5.00,"$46,571.00 ",0.00%,"$232,855.00","$198,531.98","$34,323.02",Cash,November,11,2026,85.26%,,,,
12485,2/5/2025,1484.00,Customer 315,Bengaluru,Karnataka,281.00,Desk,Furniture,7.00,"$36,214.00 ",1000.00%,"$228,148.20","$190,630.41","$37,517.79",Cash,February,2,2025,83.56%,,,,
12486,5/16/2026,1050.00,Customer 101,Chennai,Tamil Nadu,278.00,Table,Furniture,8.00,"$48,525.00 ",0.00%,"$388,200.00","$338,653.56","$49,546.44",Cash,May,5,2026,87.24%,,,,
12487,2/4/2026,1204.00,Customer 90,Delhi,Delhi,267.00,Monitor,Electronics,2.00,"$12,003.00 ",1500.00%,"$20,405.10","$15,661.54","$4,743.56",UPI,February,2,2026,76.75%,,,,
12488,6/30/2025,1428.00,Customer 375,Mumbai,Maharashtra,221.00,Laptop,Electronics,1.00,"$25,668.00 ",1000.00%,"$23,101.20","$17,674.72","$5,426.48",Debit Card,June,6,2025,76.51%,,,,
12489,8/25/2026,1469.00,Customer 388,Chennai,Tamil Nadu,265.00,Notebook,Office,4.00,"$48,965.00 ",2000.00%,"$156,688.00","$95,193.41","$61,494.59",Debit Card,August,8,2026,60.75%,,,,
12490,6/19/2025,1021.00,Customer 347,Mumbai,Maharashtra,252.00,Laptop,Electronics,5.00,"$4,200.00 ",1500.00%,"$17,850.00","$14,313.31","$3,536.69",Credit Card,June,6,2025,80.19%,,,,
12491,11/20/2026,1067.00,Customer 40,Chennai,Tamil Nadu,261.00,Notebook,Office,5.00,"$33,445.00 ",500.00%,"$158,863.75","$116,479.65","$42,384.10",Cash,November,11,2026,73.32%,,,,
12492,3/21/2025,1010.00,Customer 382,Pune,Maharashtra,259.00,Laptop,Electronics,4.00,"$28,711.00 ",1000.00%,"$103,359.60","$92,823.73","$10,535.87",UPI,March,3,2025,89.81%,,,,
12493,4/19/2026,1430.00,Customer 301,Delhi,Delhi,275.00,Mouse,Electronics,5.00,"$39,609.00 ",500.00%,"$188,142.75","$131,570.27","$56,572.48",Credit Card,April,4,2026,69.93%,,,,
12494,9/13/2025,1337.00,Customer 383,Mumbai,Maharashtra,210.00,Pen,Office,6.00,"$49,219.00 ",1000.00%,"$265,782.60","$170,507.88","$95,274.72",UPI,September,9,2025,64.15%,,,,
12495,3/13/2026,1133.00,Customer 34,Bengaluru,Karnataka,265.00,Desk,Furniture,8.00,"$44,097.00 ",0.00%,"$352,776.00","$258,010.67","$94,765.33",UPI,March,3,2026,73.14%,,,,
12496,3/13/2026,1077.00,Customer 467,Bengaluru,Karnataka,204.00,Chair,Furniture,5.00,"$46,519.00 ",500.00%,"$220,965.25","$137,736.90","$83,228.35",Credit Card,March,3,2026,62.33%,,,,
12497,5/25/2025,1293.00,Customer 86,Chennai,Tamil Nadu,263.00,Pen,Office,7.00,"$29,895.00 ",0.00%,"$209,265.00","$126,738.41","$82,526.59",Debit Card,May,5,2025,60.56%,,,,
12498,5/21/2025,1067.00,Customer 165,Delhi,Delhi,263.00,Pen,Office,4.00,"$12,382.00 ",1500.00%,"$42,098.80","$32,437.94","$9,660.86",UPI,May,5,2025,77.05%,,,,
12499,4/16/2025,1026.00,Customer 458,Chennai,Tamil Nadu,213.00,Notebook,Office,8.00,"$41,191.00 ",0.00%,"$329,528.00","$206,167.27","$123,360.73",UPI,April,4,2025,62.56%,,,,
12500,4/18/2025,1162.00,Customer 457,Chennai,Tamil Nadu,296.00,Desk,Furniture,8.00,"$23,758.00 ",0.00%,"$190,064.00","$162,985.75","$27,078.25",Debit Card,April,4,2025,85.75%,,,,
12501,8/9/2025,1148.00,Customer 447,Pune,Maharashtra,248.00,Notebook,Office,1.00,"$18,538.00 ",500.00%,"$17,611.10","$11,957.11","$5,653.99",Cash,August,8,2025,67.90%,,,,
12502,9/29/2025,1317.00,Customer 456,Bengaluru,Karnataka,274.00,Laptop,Electronics,4.00,"$35,222.00 ",500.00%,"$133,843.60","$96,888.35","$36,955.25",UPI,September,9,2025,72.39%,,,,
12503,9/16/2026,1454.00,Customer 250,Chennai,Tamil Nadu,265.00,Laptop,Electronics,5.00,"$15,480.00 ",500.00%,"$73,530.00","$53,156.26","$20,373.74",Cash,September,9,2026,72.29%,,,,
12504,7/29/2026,1285.00,Customer 294,Hyderabad,Telangana,271.00,Monitor,Electronics,7.00,"$43,915.00 ",500.00%,"$292,034.75","$262,517.97","$29,516.78",Cash,July,7,2026,89.89%,,,,
12505,12/18/2025,1101.00,Customer 364,Pune,Maharashtra,205.00,Monitor,Electronics,4.00,"$27,735.00 ",1500.00%,"$94,299.00","$59,353.62","$34,945.38",Debit Card,December,12,2025,62.94%,,,,
12506,7/31/2026,1126.00,Customer 480,Mumbai,Maharashtra,208.00,Keyboard,Electronics,3.00,"$29,972.00 ",500.00%,"$85,420.20","$62,063.44","$23,356.76",Cash,July,7,2026,72.66%,,,,
12507,3/19/2026,1168.00,Customer 40,Pune,Maharashtra,243.00,Paper,Office,4.00,"$7,482.00 ",1500.00%,"$25,438.80","$18,555.31","$6,883.49",UPI,March,3,2026,72.94%,,,,
12508,12/8/2026,1060.00,Customer 307,Mumbai,Maharashtra,215.00,Paper,Office,1.00,"$19,630.00 ",2000.00%,"$15,704.00","$11,394.22","$4,309.78",Cash,December,12,2026,72.56%,,,,
12509,11/3/2026,1221.00,Customer 42,Hyderabad,Telangana,273.00,Monitor,Electronics,2.00,"$6,128.00 ",2000.00%,"$9,804.80","$7,563.48","$2,241.32",Debit Card,November,11,2026,77.14%,,,,
12510,10/20/2026,1244.00,Customer 435,Mumbai,Maharashtra,235.00,Chair,Furniture,1.00,"$26,775.00 ",2000.00%,"$21,420.00","$13,938.69","$7,481.31",Credit Card,October,10,2026,65.07%,,,,
12511,4/6/2026,1335.00,Customer 72,Pune,Maharashtra,254.00,Notebook,Office,2.00,"$32,234.00 ",1500.00%,"$54,797.80","$42,476.59","$12,321.21",Cash,April,4,2026,77.52%,,,,
12512,12/22/2026,1268.00,Customer 60,Hyderabad,Telangana,296.00,Table,Furniture,6.00,"$37,197.00 ",2000.00%,"$178,545.60","$158,063.59","$20,482.01",Debit Card,December,12,2026,88.53%,,,,
12513,4/25/2025,1379.00,Customer 395,Chennai,Tamil Nadu,270.00,Pen,Office,8.00,"$10,389.00 ",0.00%,"$83,112.00","$70,055.72","$13,056.28",Credit Card,April,4,2025,84.29%,,,,
12514,5/20/2026,1066.00,Customer 429,Bengaluru,Karnataka,263.00,Desk,Furniture,6.00,"$22,883.00 ",1000.00%,"$123,568.20","$96,088.64","$27,479.56",UPI,May,5,2026,77.76%,,,,
12515,4/7/2026,1328.00,Customer 351,Pune,Maharashtra,214.00,Laptop,Electronics,3.00,"$39,049.00 ",0.00%,"$117,147.00","$100,278.21","$16,868.79",Debit Card,April,4,2026,85.60%,,,,
12516,9/15/2025,1191.00,Customer 415,Delhi,Delhi,251.00,Pen,Office,6.00,"$44,056.00 ",1500.00%,"$224,685.60","$178,573.64","$46,111.96",Credit Card,September,9,2025,79.48%,,,,
12517,5/29/2025,1097.00,Customer 90,Hyderabad,Telangana,219.00,Laptop,Electronics,2.00,"$42,563.00 ",0.00%,"$85,126.00","$70,306.18","$14,819.82",Cash,May,5,2025,82.59%,,,,
12518,8/24/2026,1084.00,Customer 396,Mumbai,Maharashtra,293.00,Laptop,Electronics,2.00,"$3,633.00 ",0.00%,"$7,266.00","$6,131.29","$1,134.71",Debit Card,August,8,2026,84.38%,,,,
12519,2/13/2025,1324.00,Customer 383,Hyderabad,Telangana,286.00,Laptop,Electronics,1.00,"$3,113.00 ",1000.00%,"$2,801.70","$2,279.41",$522.29,Credit Card,February,2,2025,81.36%,,,,
12520,4/30/2025,1259.00,Customer 38,Delhi,Delhi,217.00,Monitor,Electronics,5.00,"$26,914.00 ",0.00%,"$134,570.00","$118,624.62","$15,945.38",Credit Card,April,4,2025,88.15%,,,,
12521,8/5/2025,1108.00,Customer 349,Mumbai,Maharashtra,262.00,Laptop,Electronics,1.00,"$43,083.00 ",500.00%,"$40,928.85","$34,904.90","$6,023.95",Credit Card,August,8,2025,85.28%,,,,
12522,12/29/2025,1039.00,Customer 149,Hyderabad,Telangana,299.00,Keyboard,Electronics,5.00,"$41,196.00 ",1500.00%,"$175,083.00","$115,988.39","$59,094.61",Cash,December,12,2025,66.25%,,,,
12523,10/15/2026,1235.00,Customer 22,Mumbai,Maharashtra,201.00,Monitor,Electronics,5.00,"$4,737.00 ",0.00%,"$23,685.00","$18,910.73","$4,774.27",Debit Card,October,10,2026,79.84%,,,,
12524,11/18/2026,1442.00,Customer 216,Delhi,Delhi,240.00,Pen,Office,7.00,"$9,108.00 ",0.00%,"$63,756.00","$56,473.52","$7,282.48",UPI,November,11,2026,88.58%,,,,
12525,3/13/2026,1248.00,Customer 487,Delhi,Delhi,254.00,Table,Furniture,1.00,"$27,068.00 ",2000.00%,"$21,654.40","$17,839.57","$3,814.83",Credit Card,March,3,2026,82.38%,,,,
12526,11/1/2025,1158.00,Customer 238,Chennai,Tamil Nadu,228.00,Desk,Furniture,3.00,"$11,231.00 ",1500.00%,"$28,639.05","$17,666.57","$10,972.48",Credit Card,November,11,2025,61.69%,,,,
12527,1/8/2026,1233.00,Customer 53,Chennai,Tamil Nadu,275.00,Desk,Furniture,7.00,"$13,993.00 ",0.00%,"$97,951.00","$83,022.94","$14,928.06",Credit Card,January,1,2026,84.76%,,,,
12528,9/3/2025,1233.00,Customer 252,Hyderabad,Telangana,267.00,Laptop,Electronics,6.00,"$27,691.00 ",1000.00%,"$149,531.40","$112,321.76","$37,209.64",UPI,September,9,2025,75.12%,,,,
12529,4/27/2026,1008.00,Customer 413,Hyderabad,Telangana,245.00,Table,Furniture,8.00,"$28,316.00 ",0.00%,"$226,528.00","$174,282.96","$52,245.04",Debit Card,April,4,2026,76.94%,,,,
12530,1/27/2026,1337.00,Customer 109,Chennai,Tamil Nadu,293.00,Paper,Office,1.00,"$13,430.00 ",1500.00%,"$11,415.50","$9,057.55","$2,357.95",UPI,January,1,2026,79.34%,,,,
12531,4/3/2026,1491.00,Customer 339,Hyderabad,Telangana,222.00,Pen,Office,5.00,"$29,376.00 ",2000.00%,"$117,504.00","$103,271.05","$14,232.95",Cash,April,4,2026,87.89%,,,,
12532,6/15/2025,1397.00,Customer 310,Hyderabad,Telangana,282.00,Monitor,Electronics,1.00,"$14,918.00 ",2000.00%,"$11,934.40","$10,325.47","$1,608.93",Debit Card,June,6,2025,86.52%,,,,
12533,10/7/2026,1329.00,Customer 488,Bengaluru,Karnataka,232.00,Laptop,Electronics,7.00,"$22,087.00 ",1000.00%,"$139,148.10","$93,369.62","$45,778.48",Debit Card,October,10,2026,67.10%,,,,
12534,1/26/2025,1241.00,Customer 124,Delhi,Delhi,219.00,Monitor,Electronics,2.00,"$32,073.00 ",0.00%,"$64,146.00","$56,783.62","$7,362.38",Debit Card,January,1,2025,88.52%,,,,
12535,6/6/2026,1477.00,Customer 170,Hyderabad,Telangana,255.00,Notebook,Office,6.00,"$23,476.00 ",500.00%,"$133,813.20","$105,584.83","$28,228.37",Cash,June,6,2026,78.90%,,,,
12536,2/1/2026,1479.00,Customer 247,Delhi,Delhi,242.00,Table,Furniture,6.00,"$36,520.00 ",0.00%,"$219,120.00","$193,484.24","$25,635.76",Cash,February,2,2026,88.30%,,,,
12537,5/29/2025,1246.00,Customer 270,Bengaluru,Karnataka,244.00,Keyboard,Electronics,8.00,"$23,859.00 ",1500.00%,"$162,241.20","$118,999.50","$43,241.70",Credit Card,May,5,2025,73.35%,,,,
12538,4/2/2025,1446.00,Customer 251,Bengaluru,Karnataka,260.00,Notebook,Office,2.00,"$21,757.00 ",1000.00%,"$39,162.60","$28,572.28","$10,590.32",Credit Card,April,4,2025,72.96%,,,,
12539,10/9/2025,1486.00,Customer 497,Delhi,Delhi,249.00,Pen,Office,5.00,"$22,533.00 ",1000.00%,"$101,398.50","$60,897.41","$40,501.09",Debit Card,October,10,2025,60.06%,,,,
12540,1/9/2025,1389.00,Customer 353,Hyderabad,Telangana,221.00,Pen,Office,2.00,"$22,781.00 ",1500.00%,"$38,727.70","$30,808.73","$7,918.97",Cash,January,1,2025,79.55%,,,,
12541,4/13/2026,1183.00,Customer 291,Bengaluru,Karnataka,266.00,Paper,Office,6.00,"$11,532.00 ",500.00%,"$65,732.40","$39,876.33","$25,856.07",Debit Card,April,4,2026,60.66%,,,,
12542,5/6/2025,1375.00,Customer 428,Mumbai,Maharashtra,212.00,Pen,Office,4.00,"$14,447.00 ",0.00%,"$57,788.00","$38,682.69","$19,105.31",Debit Card,May,5,2025,66.94%,,,,
12543,3/30/2026,1187.00,Customer 380,Mumbai,Maharashtra,256.00,Chair,Furniture,8.00,"$37,294.00 ",0.00%,"$298,352.00","$208,700.87","$89,651.13",Credit Card,March,3,2026,69.95%,,,,
12544,9/26/2025,1323.00,Customer 440,Pune,Maharashtra,231.00,Chair,Furniture,5.00,"$14,463.00 ",0.00%,"$72,315.00","$54,388.35","$17,926.65",UPI,September,9,2025,75.21%,,,,
12545,11/1/2025,1310.00,Customer 389,Hyderabad,Telangana,291.00,Desk,Furniture,3.00,"$22,369.00 ",2000.00%,"$53,685.60","$36,120.68","$17,564.92",Debit Card,November,11,2025,67.28%,,,,
12546,10/18/2025,1065.00,Customer 419,Delhi,Delhi,245.00,Mouse,Electronics,7.00,"$11,766.00 ",0.00%,"$82,362.00","$71,239.60","$11,122.40",Debit Card,October,10,2025,86.50%,,,,
12547,12/1/2025,1111.00,Customer 436,Hyderabad,Telangana,223.00,Laptop,Electronics,4.00,"$38,763.00 ",500.00%,"$147,299.40","$121,700.26","$25,599.14",Cash,December,12,2025,82.62%,,,,
12548,9/9/2025,1048.00,Customer 424,Bengaluru,Karnataka,274.00,Chair,Furniture,8.00,"$44,662.00 ",2000.00%,"$285,836.80","$213,919.22","$71,917.58",Cash,September,9,2025,74.84%,,,,
12549,4/14/2026,1249.00,Customer 461,Chennai,Tamil Nadu,265.00,Keyboard,Electronics,2.00,"$43,811.00 ",0.00%,"$87,622.00","$63,410.48","$24,211.52",UPI,April,4,2026,72.37%,,,,
12550,7/14/2026,1024.00,Customer 441,Chennai,Tamil Nadu,265.00,Paper,Office,1.00,"$4,574.00 ",2000.00%,"$3,659.20","$2,849.64",$809.56,Cash,July,7,2026,77.88%,,,,
12551,10/18/2025,1483.00,Customer 237,Pune,Maharashtra,258.00,Pen,Office,8.00,"$8,336.00 ",0.00%,"$66,688.00","$57,286.61","$9,401.39",Cash,October,10,2025,85.90%,,,,
12552,10/5/2025,1378.00,Customer 201,Hyderabad,Telangana,202.00,Pen,Office,7.00,"$8,053.00 ",1500.00%,"$47,915.35","$32,055.88","$15,859.47",Credit Card,October,10,2025,66.90%,,,,
12553,1/29/2025,1209.00,Customer 435,Delhi,Delhi,297.00,Chair,Furniture,7.00,"$46,042.00 ",2000.00%,"$257,835.20","$196,858.41","$60,976.79",Debit Card,January,1,2025,76.35%,,,,
12554,6/2/2026,1364.00,Customer 165,Pune,Maharashtra,213.00,Notebook,Office,2.00,"$32,619.00 ",1000.00%,"$58,714.20","$51,533.13","$7,181.07",UPI,June,6,2026,87.77%,,,,
12555,4/14/2026,1069.00,Customer 153,Pune,Maharashtra,276.00,Desk,Furniture,5.00,"$24,698.00 ",1000.00%,"$111,141.00","$81,683.49","$29,457.51",Cash,April,4,2026,73.50%,,,,
12556,2/12/2026,1397.00,Customer 15,Chennai,Tamil Nadu,257.00,Laptop,Electronics,1.00,"$39,761.00 ",1000.00%,"$35,784.90","$24,918.61","$10,866.29",Cash,February,2,2026,69.63%,,,,
12557,10/28/2026,1155.00,Customer 434,Mumbai,Maharashtra,208.00,Pen,Office,5.00,"$45,330.00 ",1000.00%,"$203,985.00","$140,869.68","$63,115.32",UPI,October,10,2026,69.06%,,,,
12558,5/4/2026,1397.00,Customer 136,Delhi,Delhi,259.00,Keyboard,Electronics,2.00,"$17,211.00 ",1000.00%,"$30,979.80","$27,195.60","$3,784.20",Credit Card,May,5,2026,87.78%,,,,
12559,7/19/2026,1342.00,Customer 400,Mumbai,Maharashtra,245.00,Notebook,Office,1.00,"$12,025.00 ",0.00%,"$12,025.00","$10,362.34","$1,662.66",Cash,July,7,2026,86.17%,,,,
12560,9/14/2026,1455.00,Customer 138,Mumbai,Maharashtra,284.00,Mouse,Electronics,6.00,"$32,259.00 ",500.00%,"$183,876.30","$162,042.60","$21,833.70",UPI,September,9,2026,88.13%,,,,
12561,7/18/2025,1133.00,Customer 32,Delhi,Delhi,290.00,Desk,Furniture,1.00,"$15,906.00 ",1500.00%,"$13,520.10","$8,779.73","$4,740.37",Cash,July,7,2025,64.94%,,,,
12562,3/8/2025,1390.00,Customer 260,Mumbai,Maharashtra,294.00,Table,Furniture,7.00,"$27,292.00 ",500.00%,"$181,491.80","$147,004.77","$34,487.03",Cash,March,3,2025,81.00%,,,,
12563,10/5/2025,1380.00,Customer 247,Chennai,Tamil Nadu,229.00,Table,Furniture,1.00,"$9,970.00 ",500.00%,"$9,471.50","$5,814.35","$3,657.15",Cash,October,10,2025,61.39%,,,,
12564,11/8/2026,1362.00,Customer 215,Bengaluru,Karnataka,255.00,Notebook,Office,3.00,"$27,574.00 ",1000.00%,"$74,449.80","$63,180.42","$11,269.38",Cash,November,11,2026,84.86%,,,,
12565,1/11/2026,1029.00,Customer 268,Chennai,Tamil Nadu,246.00,Paper,Office,7.00,"$19,298.00 ",2000.00%,"$108,068.80","$92,684.28","$15,384.52",Cash,January,1,2026,85.76%,,,,
12566,9/17/2025,1402.00,Customer 276,Bengaluru,Karnataka,276.00,Pen,Office,8.00,"$28,601.00 ",0.00%,"$228,808.00","$143,607.05","$85,200.95",Credit Card,September,9,2025,62.76%,,,,
12567,1/24/2026,1248.00,Customer 490,Hyderabad,Telangana,284.00,Laptop,Electronics,1.00,"$45,763.00 ",1500.00%,"$38,898.55","$34,570.23","$4,328.32",Credit Card,January,1,2026,88.87%,,,,
12568,4/22/2025,1074.00,Customer 297,Delhi,Delhi,208.00,Paper,Office,2.00,"$17,870.00 ",0.00%,"$35,740.00","$30,434.97","$5,305.03",Credit Card,April,4,2025,85.16%,,,,
12569,9/26/2025,1296.00,Customer 443,Bengaluru,Karnataka,241.00,Chair,Furniture,5.00,"$44,716.00 ",2000.00%,"$178,864.00","$160,121.25","$18,742.75",UPI,September,9,2025,89.52%,,,,
12570,5/30/2026,1336.00,Customer 464,Delhi,Delhi,248.00,Table,Furniture,3.00,"$36,755.00 ",0.00%,"$110,265.00","$80,149.02","$30,115.98",Debit Card,May,5,2026,72.69%,,,,
12571,12/31/2026,1045.00,Customer 232,Bengaluru,Karnataka,297.00,Paper,Office,4.00,"$10,780.00 ",1500.00%,"$36,652.00","$22,267.37","$14,384.63",UPI,December,12,2026,60.75%,,,,
12572,8/11/2025,1264.00,Customer 61,Bengaluru,Karnataka,251.00,Monitor,Electronics,7.00,"$41,255.00 ",500.00%,"$274,345.75","$166,211.97","$108,133.78",Cash,August,8,2025,60.58%,,,,
12573,2/15/2026,1033.00,Customer 470,Delhi,Delhi,203.00,Chair,Furniture,2.00,"$42,104.00 ",2000.00%,"$67,366.40","$59,741.63","$7,624.77",UPI,February,2,2026,88.68%,,,,
12574,11/17/2025,1230.00,Customer 369,Pune,Maharashtra,256.00,Table,Furniture,7.00,"$46,858.00 ",2000.00%,"$262,404.80","$161,542.64","$100,862.16",Cash,November,11,2025,61.56%,,,,
12575,10/11/2026,1175.00,Customer 180,Delhi,Delhi,243.00,Paper,Office,4.00,"$8,088.00 ",1500.00%,"$27,499.20","$23,155.11","$4,344.09",Debit Card,October,10,2026,84.20%,,,,
12576,9/17/2025,1213.00,Customer 353,Delhi,Delhi,206.00,Laptop,Electronics,1.00,"$28,061.00 ",2000.00%,"$22,448.80","$15,285.12","$7,163.68",Debit Card,September,9,2025,68.09%,,,,
12577,6/3/2025,1419.00,Customer 40,Mumbai,Maharashtra,292.00,Pen,Office,5.00,"$28,584.00 ",500.00%,"$135,774.00","$104,310.65","$31,463.35",UPI,June,6,2025,76.83%,,,,
12578,1/28/2025,1067.00,Customer 266,Chennai,Tamil Nadu,277.00,Notebook,Office,5.00,"$44,494.00 ",0.00%,"$222,470.00","$148,442.02","$74,027.98",Credit Card,January,1,2025,66.72%,,,,
12579,6/29/2026,1412.00,Customer 239,Bengaluru,Karnataka,296.00,Chair,Furniture,3.00,"$16,223.00 ",0.00%,"$48,669.00","$32,791.32","$15,877.68",Credit Card,June,6,2026,67.38%,,,,
12580,3/14/2025,1319.00,Customer 409,Chennai,Tamil Nadu,295.00,Paper,Office,7.00,"$40,248.00 ",0.00%,"$281,736.00","$202,067.59","$79,668.41",UPI,March,3,2025,71.72%,,,,
12581,4/6/2026,1385.00,Customer 228,Delhi,Delhi,268.00,Laptop,Electronics,1.00,"$5,960.00 ",1500.00%,"$5,066.00","$3,477.48","$1,588.52",UPI,April,4,2026,68.64%,,,,
12582,3/5/2025,1067.00,Customer 180,Bengaluru,Karnataka,216.00,Pen,Office,4.00,"$8,894.00 ",1500.00%,"$30,239.60","$22,536.47","$7,703.13",Cash,March,3,2025,74.53%,,,,
12583,4/28/2025,1078.00,Customer 29,Hyderabad,Telangana,238.00,Paper,Office,8.00,"$38,313.00 ",500.00%,"$291,178.80","$196,921.25","$94,257.55",UPI,April,4,2025,67.63%,,,,
12584,5/21/2026,1237.00,Customer 458,Hyderabad,Telangana,262.00,Desk,Furniture,4.00,"$44,228.00 ",2000.00%,"$141,529.60","$117,468.55","$24,061.05",UPI,May,5,2026,83.00%,,,,
12585,2/7/2025,1060.00,Customer 275,Bengaluru,Karnataka,295.00,Table,Furniture,6.00,"$38,303.00 ",0.00%,"$229,818.00","$206,694.43","$23,123.57",Credit Card,February,2,2025,89.94%,,,,
12586,5/4/2026,1415.00,Customer 423,Pune,Maharashtra,271.00,Table,Furniture,1.00,"$46,711.00 ",1000.00%,"$42,039.90","$33,939.49","$8,100.41",Debit Card,May,5,2026,80.73%,,,,
12587,4/17/2026,1337.00,Customer 469,Bengaluru,Karnataka,258.00,Monitor,Electronics,1.00,"$48,353.00 ",1500.00%,"$41,100.05","$29,719.08","$11,380.97",Debit Card,April,4,2026,72.31%,,,,
12588,6/2/2026,1144.00,Customer 351,Pune,Maharashtra,263.00,Paper,Office,8.00,"$44,327.00 ",500.00%,"$336,885.20","$265,935.09","$70,950.11",Debit Card,June,6,2026,78.94%,,,,
12589,12/8/2025,1357.00,Customer 354,Delhi,Delhi,278.00,Table,Furniture,6.00,"$24,955.00 ",1500.00%,"$127,270.50","$113,189.59","$14,080.91",UPI,December,12,2025,88.94%,,,,
12590,7/21/2026,1048.00,Customer 180,Delhi,Delhi,209.00,Pen,Office,6.00,"$6,732.00 ",0.00%,"$40,392.00","$31,468.84","$8,923.16",Debit Card,July,7,2026,77.91%,,,,
12591,4/4/2026,1194.00,Customer 386,Pune,Maharashtra,285.00,Desk,Furniture,7.00,"$20,532.00 ",1000.00%,"$129,351.60","$108,458.64","$20,892.96",Credit Card,April,4,2026,83.85%,,,,
12592,1/6/2025,1308.00,Customer 293,Bengaluru,Karnataka,229.00,Desk,Furniture,2.00,"$27,962.00 ",500.00%,"$53,127.80","$40,283.73","$12,844.07",UPI,January,1,2025,75.82%,,,,
12593,11/27/2026,1257.00,Customer 183,Bengaluru,Karnataka,249.00,Table,Furniture,2.00,"$25,420.00 ",1000.00%,"$45,756.00","$35,880.18","$9,875.82",UPI,November,11,2026,78.42%,,,,
12594,6/27/2025,1441.00,Customer 488,Chennai,Tamil Nadu,201.00,Paper,Office,4.00,"$19,071.00 ",1000.00%,"$68,655.60","$41,338.90","$27,316.70",Debit Card,June,6,2025,60.21%,,,,
12595,6/30/2026,1449.00,Customer 429,Hyderabad,Telangana,250.00,Table,Furniture,2.00,"$22,367.00 ",1500.00%,"$38,023.90","$24,076.83","$13,947.07",Credit Card,June,6,2026,63.32%,,,,
12596,11/9/2025,1157.00,Customer 291,Mumbai,Maharashtra,228.00,Desk,Furniture,7.00,"$31,869.00 ",1500.00%,"$189,620.55","$141,868.22","$47,752.33",Cash,November,11,2025,74.82%,,,,
12597,11/30/2025,1328.00,Customer 115,Pune,Maharashtra,229.00,Notebook,Office,1.00,"$28,801.00 ",1000.00%,"$25,920.90","$16,541.77","$9,379.13",Debit Card,November,11,2025,63.82%,,,,
12598,2/17/2025,1244.00,Customer 180,Pune,Maharashtra,270.00,Monitor,Electronics,4.00,"$46,068.00 ",1000.00%,"$165,844.80","$118,845.79","$46,999.01",Debit Card,February,2,2025,71.66%,,,,
12599,10/10/2026,1458.00,Customer 51,Bengaluru,Karnataka,240.00,Pen,Office,7.00,"$33,693.00 ",1500.00%,"$200,473.35","$134,888.41","$65,584.94",Debit Card,October,10,2026,67.28%,,,,
12600,2/18/2025,1272.00,Customer 152,Chennai,Tamil Nadu,201.00,Paper,Office,6.00,"$38,801.00 ",500.00%,"$221,165.70","$161,829.51","$59,336.19",UPI,February,2,2025,73.17%,,,,
12601,7/7/2025,1323.00,Customer 238,Delhi,Delhi,275.00,Keyboard,Electronics,1.00,"$28,681.00 ",1000.00%,"$25,812.90","$15,755.76","$10,057.14",Debit Card,July,7,2025,61.04%,,,,
12602,9/1/2026,1246.00,Customer 15,Chennai,Tamil Nadu,233.00,Keyboard,Electronics,8.00,"$24,517.00 ",500.00%,"$186,329.20","$120,468.96","$65,860.24",Debit Card,September,9,2026,64.65%,,,,
12603,9/16/2026,1109.00,Customer 249,Pune,Maharashtra,267.00,Mouse,Electronics,7.00,"$33,873.00 ",0.00%,"$237,111.00","$148,709.42","$88,401.58",Debit Card,September,9,2026,62.72%,,,,
12604,1/31/2026,1109.00,Customer 2,Delhi,Delhi,211.00,Paper,Office,3.00,"$1,046.00 ",1000.00%,"$2,824.20","$2,055.54",$768.66,Credit Card,January,1,2026,72.78%,,,,
12605,1/7/2026,1330.00,Customer 412,Chennai,Tamil Nadu,221.00,Notebook,Office,1.00,"$6,977.00 ",1000.00%,"$6,279.30","$5,429.05",$850.25,Credit Card,January,1,2026,86.46%,,,,
12606,10/24/2026,1341.00,Customer 172,Hyderabad,Telangana,257.00,Keyboard,Electronics,5.00,"$17,393.00 ",1500.00%,"$73,920.25","$52,264.42","$21,655.83",Debit Card,October,10,2026,70.70%,,,,
12607,9/7/2025,1422.00,Customer 336,Mumbai,Maharashtra,225.00,Table,Furniture,1.00,"$41,936.00 ",1500.00%,"$35,645.60","$29,481.20","$6,164.40",Cash,September,9,2025,82.71%,,,,
12608,3/23/2026,1131.00,Customer 409,Pune,Maharashtra,252.00,Pen,Office,1.00,"$27,712.00 ",1000.00%,"$24,940.80","$15,060.91","$9,879.89",Debit Card,March,3,2026,60.39%,,,,
12609,11/23/2026,1411.00,Customer 314,Bengaluru,Karnataka,243.00,Pen,Office,1.00,$183.00 ,1000.00%,$164.70,$110.47,$54.23,UPI,November,11,2026,67.07%,,,,
12610,7/26/2025,1409.00,Customer 259,Chennai,Tamil Nadu,212.00,Desk,Furniture,3.00,"$12,578.00 ",2000.00%,"$30,187.20","$25,965.35","$4,221.85",Credit Card,July,7,2025,86.01%,,,,
12611,11/6/2025,1065.00,Customer 174,Bengaluru,Karnataka,272.00,Paper,Office,8.00,"$39,242.00 ",500.00%,"$298,239.20","$189,089.90","$109,149.30",Debit Card,November,11,2025,63.40%,,,,
12612,11/13/2026,1478.00,Customer 300,Pune,Maharashtra,283.00,Laptop,Electronics,1.00,"$48,454.00 ",0.00%,"$48,454.00","$41,672.07","$6,781.93",Debit Card,November,11,2026,86.00%,,,,
12613,12/16/2025,1443.00,Customer 145,Hyderabad,Telangana,213.00,Table,Furniture,8.00,"$44,341.00 ",0.00%,"$354,728.00","$263,889.06","$90,838.94",UPI,December,12,2025,74.39%,,,,
12614,12/29/2026,1296.00,Customer 286,Pune,Maharashtra,299.00,Desk,Furniture,7.00,"$29,525.00 ",1000.00%,"$186,007.50","$124,461.85","$61,545.65",UPI,December,12,2026,66.91%,,,,
12615,9/18/2026,1424.00,Customer 379,Bengaluru,Karnataka,212.00,Pen,Office,5.00,"$37,257.00 ",0.00%,"$186,285.00","$149,011.71","$37,273.29",Cash,September,9,2026,79.99%,,,,
12616,5/1/2026,1465.00,Customer 451,Delhi,Delhi,214.00,Chair,Furniture,7.00,"$30,299.00 ",2000.00%,"$169,674.40","$121,867.23","$47,807.17",Credit Card,May,5,2026,71.82%,,,,
12617,10/20/2026,1096.00,Customer 436,Mumbai,Maharashtra,215.00,Pen,Office,1.00,"$5,153.00 ",500.00%,"$4,895.35","$4,395.06",$500.29,Credit Card,October,10,2026,89.78%,,,,
12618,9/9/2026,1381.00,Customer 162,Pune,Maharashtra,220.00,Table,Furniture,3.00,"$2,119.00 ",1000.00%,"$5,721.30","$3,841.40","$1,879.90",UPI,September,9,2026,67.14%,,,,
12619,8/26/2026,1300.00,Customer 308,Mumbai,Maharashtra,268.00,Keyboard,Electronics,4.00,"$44,810.00 ",0.00%,"$179,240.00","$109,895.91","$69,344.09",Credit Card,August,8,2026,61.31%,,,,
12620,6/11/2026,1007.00,Customer 26,Pune,Maharashtra,202.00,Paper,Office,6.00,"$16,884.00 ",1000.00%,"$91,173.60","$74,096.82","$17,076.78",Cash,June,6,2026,81.27%,,,,
12621,12/31/2025,1213.00,Customer 277,Chennai,Tamil Nadu,256.00,Desk,Furniture,1.00,"$20,532.00 ",1500.00%,"$17,452.20","$15,660.94","$1,791.26",Credit Card,December,12,2025,89.74%,,,,
12622,6/18/2026,1077.00,Customer 115,Pune,Maharashtra,258.00,Keyboard,Electronics,2.00,"$10,073.00 ",1500.00%,"$17,124.10","$15,031.84","$2,092.26",Credit Card,June,6,2026,87.78%,,,,
12623,8/16/2026,1407.00,Customer 261,Bengaluru,Karnataka,224.00,Chair,Furniture,1.00,"$45,433.00 ",2000.00%,"$36,346.40","$27,490.16","$8,856.24",Credit Card,August,8,2026,75.63%,,,,
12624,2/16/2025,1416.00,Customer 401,Pune,Maharashtra,242.00,Paper,Office,6.00,"$10,244.00 ",2000.00%,"$49,171.20","$38,001.88","$11,169.32",UPI,February,2,2025,77.28%,,,,
12625,6/6/2026,1354.00,Customer 279,Chennai,Tamil Nadu,299.00,Mouse,Electronics,5.00,"$23,533.00 ",2000.00%,"$94,132.00","$63,074.02","$31,057.98",Debit Card,June,6,2026,67.01%,,,,
12626,11/18/2025,1173.00,Customer 343,Pune,Maharashtra,216.00,Table,Furniture,1.00,$592.00 ,2000.00%,$473.60,$342.55,$131.05,UPI,November,11,2025,72.33%,,,,
12627,5/16/2026,1202.00,Customer 20,Mumbai,Maharashtra,299.00,Laptop,Electronics,7.00,"$11,060.00 ",2000.00%,"$61,936.00","$45,585.82","$16,350.18",Cash,May,5,2026,73.60%,,,,
12628,11/21/2026,1204.00,Customer 270,Hyderabad,Telangana,277.00,Chair,Furniture,5.00,"$40,036.00 ",1000.00%,"$180,162.00","$127,894.55","$52,267.45",UPI,November,11,2026,70.99%,,,,
12629,11/2/2026,1445.00,Customer 122,Pune,Maharashtra,264.00,Paper,Office,5.00,"$40,039.00 ",500.00%,"$190,185.25","$169,850.45","$20,334.80",Credit Card,November,11,2026,89.31%,,,,
12630,10/17/2026,1322.00,Customer 23,Mumbai,Maharashtra,239.00,Chair,Furniture,5.00,$889.00 ,1000.00%,"$4,000.50","$2,745.49","$1,255.01",Debit Card,October,10,2026,68.63%,,,,
12631,5/11/2025,1082.00,Customer 250,Pune,Maharashtra,252.00,Keyboard,Electronics,6.00,"$21,280.00 ",0.00%,"$127,680.00","$79,577.34","$48,102.66",Cash,May,5,2025,62.33%,,,,
12632,6/8/2026,1487.00,Customer 237,Chennai,Tamil Nadu,270.00,Notebook,Office,1.00,"$41,581.00 ",1000.00%,"$37,422.90","$30,851.44","$6,571.46",Credit Card,June,6,2026,82.44%,,,,
12633,12/7/2025,1006.00,Customer 370,Mumbai,Maharashtra,221.00,Chair,Furniture,4.00,"$31,533.00 ",0.00%,"$126,132.00","$93,203.44","$32,928.56",Cash,December,12,2025,73.89%,,,,
12634,7/30/2025,1473.00,Customer 137,Delhi,Delhi,273.00,Chair,Furniture,4.00,"$18,314.00 ",1500.00%,"$62,267.60","$38,209.22","$24,058.38",Debit Card,July,7,2025,61.36%,,,,
12635,2/18/2025,1206.00,Customer 492,Mumbai,Maharashtra,300.00,Paper,Office,8.00,"$38,785.00 ",500.00%,"$294,766.00","$226,265.41","$68,500.59",Debit Card,February,2,2025,76.76%,,,,
12636,7/5/2025,1405.00,Customer 447,Bengaluru,Karnataka,270.00,Paper,Office,1.00,"$10,213.00 ",0.00%,"$10,213.00","$6,230.39","$3,982.61",Cash,July,7,2025,61.00%,,,,
12637,2/9/2026,1194.00,Customer 316,Hyderabad,Telangana,297.00,Monitor,Electronics,1.00,"$43,532.00 ",0.00%,"$43,532.00","$31,083.15","$12,448.85",Credit Card,February,2,2026,71.40%,,,,
12638,5/27/2026,1498.00,Customer 108,Delhi,Delhi,216.00,Desk,Furniture,8.00,"$11,386.00 ",0.00%,"$91,088.00","$68,623.62","$22,464.38",Credit Card,May,5,2026,75.34%,,,,
12639,12/19/2025,1211.00,Customer 499,Hyderabad,Telangana,234.00,Desk,Furniture,5.00,"$26,400.00 ",0.00%,"$132,000.00","$116,823.29","$15,176.71",Debit Card,December,12,2025,88.50%,,,,
12640,8/1/2025,1123.00,Customer 47,Bengaluru,Karnataka,291.00,Paper,Office,8.00,"$11,867.00 ",1000.00%,"$85,442.40","$57,451.20","$27,991.20",Cash,August,8,2025,67.24%,,,,
12641,1/23/2026,1064.00,Customer 229,Delhi,Delhi,284.00,Keyboard,Electronics,6.00,"$3,508.00 ",1000.00%,"$18,943.20","$12,314.05","$6,629.15",Debit Card,January,1,2026,65.01%,,,,
12642,7/8/2026,1070.00,Customer 177,Pune,Maharashtra,262.00,Table,Furniture,5.00,"$25,148.00 ",500.00%,"$119,453.00","$93,229.17","$26,223.83",Credit Card,July,7,2026,78.05%,,,,
12643,12/23/2025,1021.00,Customer 227,Bengaluru,Karnataka,290.00,Desk,Furniture,6.00,"$47,482.00 ",0.00%,"$284,892.00","$218,977.96","$65,914.04",UPI,December,12,2025,76.86%,,,,
12644,5/26/2025,1072.00,Customer 347,Chennai,Tamil Nadu,264.00,Table,Furniture,5.00,"$30,981.00 ",500.00%,"$147,159.75","$129,664.90","$17,494.85",Debit Card,May,5,2025,88.11%,,,,
12645,7/24/2025,1263.00,Customer 47,Hyderabad,Telangana,260.00,Desk,Furniture,5.00,"$26,024.00 ",0.00%,"$130,120.00","$111,860.92","$18,259.08",Cash,July,7,2025,85.97%,,,,
12646,11/21/2026,1215.00,Customer 488,Delhi,Delhi,283.00,Pen,Office,1.00,"$46,310.00 ",2000.00%,"$37,048.00","$30,086.39","$6,961.61",Credit Card,November,11,2026,81.21%,,,,
12647,4/14/2026,1047.00,Customer 105,Pune,Maharashtra,293.00,Desk,Furniture,6.00,"$25,193.00 ",1000.00%,"$136,042.20","$115,023.13","$21,019.07",UPI,April,4,2026,84.55%,,,,
12648,8/28/2025,1175.00,Customer 142,Mumbai,Maharashtra,231.00,Pen,Office,7.00,"$26,857.00 ",1500.00%,"$159,799.15","$131,575.75","$28,223.40",Credit Card,August,8,2025,82.34%,,,,
12649,9/9/2026,1011.00,Customer 487,Chennai,Tamil Nadu,222.00,Mouse,Electronics,8.00,"$5,963.00 ",2000.00%,"$38,163.20","$33,303.34","$4,859.86",Cash,September,9,2026,87.27%,,,,
12650,3/12/2025,1068.00,Customer 9,Chennai,Tamil Nadu,219.00,Chair,Furniture,1.00,"$4,408.00 ",0.00%,"$4,408.00","$2,687.96","$1,720.04",Cash,March,3,2025,60.98%,,,,
12651,10/11/2025,1142.00,Customer 94,Chennai,Tamil Nadu,291.00,Table,Furniture,4.00,"$46,723.00 ",1500.00%,"$158,858.20","$99,741.20","$59,117.00",Credit Card,October,10,2025,62.79%,,,,
12652,6/1/2026,1405.00,Customer 220,Mumbai,Maharashtra,294.00,Notebook,Office,6.00,"$7,754.00 ",2000.00%,"$37,219.20","$27,580.26","$9,638.94",Cash,June,6,2026,74.10%,,,,
12653,9/21/2025,1375.00,Customer 257,Hyderabad,Telangana,278.00,Laptop,Electronics,1.00,"$22,510.00 ",0.00%,"$22,510.00","$16,416.35","$6,093.65",Credit Card,September,9,2025,72.93%,,,,
12654,3/5/2025,1317.00,Customer 120,Pune,Maharashtra,290.00,Keyboard,Electronics,1.00,"$48,515.00 ",1500.00%,"$41,237.75","$34,020.66","$7,217.09",Debit Card,March,3,2025,82.50%,,,,
12655,1/31/2025,1110.00,Customer 36,Delhi,Delhi,297.00,Keyboard,Electronics,6.00,"$14,727.00 ",0.00%,"$88,362.00","$75,585.66","$12,776.34",Cash,January,1,2025,85.54%,,,,
12656,3/15/2026,1323.00,Customer 110,Chennai,Tamil Nadu,277.00,Chair,Furniture,6.00,"$20,726.00 ",2000.00%,"$99,484.80","$59,770.30","$39,714.50",Credit Card,March,3,2026,60.08%,,,,
12657,9/30/2025,1237.00,Customer 313,Chennai,Tamil Nadu,292.00,Keyboard,Electronics,3.00,"$40,367.00 ",2000.00%,"$96,880.80","$65,383.35","$31,497.45",Cash,September,9,2025,67.49%,,,,
12658,10/5/2026,1336.00,Customer 1,Chennai,Tamil Nadu,208.00,Desk,Furniture,1.00,"$41,728.00 ",500.00%,"$39,641.60","$26,301.84","$13,339.76",Debit Card,October,10,2026,66.35%,,,,
12659,10/4/2026,1290.00,Customer 295,Bengaluru,Karnataka,254.00,Desk,Furniture,4.00,"$13,730.00 ",0.00%,"$54,920.00","$33,249.30","$21,670.70",Credit Card,October,10,2026,60.54%,,,,
12660,4/6/2025,1067.00,Customer 60,Pune,Maharashtra,253.00,Keyboard,Electronics,1.00,"$46,199.00 ",500.00%,"$43,889.05","$26,979.97","$16,909.08",UPI,April,4,2025,61.47%,,,,
12661,8/1/2025,1423.00,Customer 21,Delhi,Delhi,247.00,Chair,Furniture,8.00,"$6,969.00 ",500.00%,"$52,964.40","$43,864.04","$9,100.36",Cash,August,8,2025,82.82%,,,,
12662,4/20/2026,1045.00,Customer 433,Hyderabad,Telangana,279.00,Chair,Furniture,1.00,"$6,008.00 ",2000.00%,"$4,806.40","$3,680.63","$1,125.77",Credit Card,April,4,2026,76.58%,,,,
12663,3/10/2025,1011.00,Customer 53,Chennai,Tamil Nadu,251.00,Paper,Office,3.00,"$28,980.00 ",1000.00%,"$78,246.00","$60,510.10","$17,735.90",Credit Card,March,3,2025,77.33%,,,,
12664,10/1/2025,1102.00,Customer 270,Pune,Maharashtra,223.00,Monitor,Electronics,2.00,"$37,384.00 ",500.00%,"$71,029.60","$61,187.94","$9,841.66",Credit Card,October,10,2025,86.14%,,,,
12665,8/22/2026,1320.00,Customer 493,Bengaluru,Karnataka,208.00,Pen,Office,3.00,"$3,571.00 ",500.00%,"$10,177.35","$7,289.65","$2,887.70",UPI,August,8,2026,71.63%,,,,
12666,7/25/2025,1141.00,Customer 483,Bengaluru,Karnataka,203.00,Mouse,Electronics,8.00,"$8,108.00 ",2000.00%,"$51,891.20","$40,359.55","$11,531.65",Debit Card,July,7,2025,77.78%,,,,
12667,10/6/2026,1492.00,Customer 136,Bengaluru,Karnataka,242.00,Paper,Office,5.00,"$13,577.00 ",1500.00%,"$57,702.25","$35,480.14","$22,222.11",UPI,October,10,2026,61.49%,,,,
12668,6/11/2025,1332.00,Customer 177,Hyderabad,Telangana,215.00,Table,Furniture,4.00,"$34,899.00 ",0.00%,"$139,596.00","$101,009.35","$38,586.65",UPI,June,6,2025,72.36%,,,,
12669,8/9/2025,1294.00,Customer 388,Hyderabad,Telangana,296.00,Paper,Office,7.00,"$21,963.00 ",2000.00%,"$122,992.80","$77,668.36","$45,324.44",UPI,August,8,2025,63.15%,,,,
12670,5/7/2025,1254.00,Customer 85,Delhi,Delhi,216.00,Paper,Office,1.00,"$44,342.00 ",1500.00%,"$37,690.70","$32,762.90","$4,927.80",Credit Card,May,5,2025,86.93%,,,,
12671,3/4/2026,1054.00,Customer 20,Chennai,Tamil Nadu,260.00,Table,Furniture,4.00,"$42,561.00 ",2000.00%,"$136,195.20","$93,264.72","$42,930.48",UPI,March,3,2026,68.48%,,,,
12672,9/24/2025,1082.00,Customer 288,Delhi,Delhi,204.00,Mouse,Electronics,5.00,"$4,839.00 ",2000.00%,"$19,356.00","$16,613.45","$2,742.55",Debit Card,September,9,2025,85.83%,,,,
12673,6/10/2026,1451.00,Customer 259,Bengaluru,Karnataka,210.00,Desk,Furniture,5.00,"$38,286.00 ",0.00%,"$191,430.00","$120,327.75","$71,102.25",Cash,June,6,2026,62.86%,,,,
12674,3/21/2025,1351.00,Customer 132,Chennai,Tamil Nadu,228.00,Monitor,Electronics,2.00,"$41,293.00 ",1500.00%,"$70,198.10","$58,193.61","$12,004.49",Cash,March,3,2025,82.90%,,,,
12675,6/9/2026,1422.00,Customer 365,Chennai,Tamil Nadu,206.00,Paper,Office,2.00,"$24,391.00 ",500.00%,"$46,342.90","$30,602.75","$15,740.15",Cash,June,6,2026,66.04%,,,,
12676,3/7/2026,1387.00,Customer 262,Chennai,Tamil Nadu,217.00,Desk,Furniture,4.00,"$19,798.00 ",2000.00%,"$63,353.60","$38,409.30","$24,944.30",Credit Card,March,3,2026,60.63%,,,,
12677,7/9/2026,1167.00,Customer 230,Pune,Maharashtra,242.00,Table,Furniture,2.00,"$41,524.00 ",1500.00%,"$70,590.80","$51,792.23","$18,798.57",Credit Card,July,7,2026,73.37%,,,,
12678,1/23/2025,1500.00,Customer 482,Delhi,Delhi,283.00,Laptop,Electronics,1.00,"$1,118.00 ",1000.00%,"$1,006.20",$886.19,$120.01,Debit Card,January,1,2025,88.07%,,,,
12679,2/8/2025,1383.00,Customer 398,Chennai,Tamil Nadu,205.00,Notebook,Office,1.00,"$7,523.00 ",500.00%,"$7,146.85","$5,678.64","$1,468.21",UPI,February,2,2025,79.46%,,,,
12680,5/28/2025,1086.00,Customer 496,Delhi,Delhi,245.00,Pen,Office,6.00,"$41,570.00 ",2000.00%,"$199,536.00","$167,631.83","$31,904.17",Debit Card,May,5,2025,84.01%,,,,
12681,2/10/2025,1182.00,Customer 69,Pune,Maharashtra,277.00,Monitor,Electronics,4.00,"$32,871.00 ",1000.00%,"$118,335.60","$88,448.85","$29,886.75",Debit Card,February,2,2025,74.74%,,,,
12682,4/17/2025,1014.00,Customer 233,Bengaluru,Karnataka,235.00,Desk,Furniture,2.00,"$34,241.00 ",1500.00%,"$58,209.70","$39,757.85","$18,451.85",Debit Card,April,4,2025,68.30%,,,,
12683,4/15/2026,1270.00,Customer 435,Pune,Maharashtra,278.00,Desk,Furniture,5.00,"$4,683.00 ",1000.00%,"$21,073.50","$16,158.22","$4,915.28",UPI,April,4,2026,76.68%,,,,
12684,5/17/2025,1152.00,Customer 176,Pune,Maharashtra,263.00,Mouse,Electronics,4.00,"$27,331.00 ",0.00%,"$109,324.00","$98,056.81","$11,267.19",Cash,May,5,2025,89.69%,,,,
12685,4/2/2026,1376.00,Customer 278,Delhi,Delhi,260.00,Chair,Furniture,7.00,"$37,998.00 ",1500.00%,"$226,088.10","$136,948.56","$89,139.54",UPI,April,4,2026,60.57%,,,,
12686,11/30/2025,1419.00,Customer 55,Pune,Maharashtra,268.00,Table,Furniture,6.00,"$37,046.00 ",2000.00%,"$177,820.80","$154,722.99","$23,097.81",Credit Card,November,11,2025,87.01%,,,,
12687,4/21/2026,1452.00,Customer 132,Hyderabad,Telangana,290.00,Keyboard,Electronics,5.00,"$31,580.00 ",0.00%,"$157,900.00","$101,127.81","$56,772.19",Cash,April,4,2026,64.05%,,,,
12688,8/18/2025,1458.00,Customer 15,Delhi,Delhi,274.00,Paper,Office,3.00,$101.00 ,1500.00%,$257.55,$217.54,$40.01,Cash,August,8,2025,84.47%,,,,
12689,10/6/2025,1176.00,Customer 439,Mumbai,Maharashtra,217.00,Table,Furniture,4.00,"$36,746.00 ",2000.00%,"$117,587.20","$98,857.13","$18,730.07",Debit Card,October,10,2025,84.07%,,,,
12690,5/30/2025,1094.00,Customer 366,Bengaluru,Karnataka,237.00,Chair,Furniture,4.00,"$39,697.00 ",1500.00%,"$134,969.80","$117,839.21","$17,130.59",UPI,May,5,2025,87.31%,,,,
12691,8/10/2026,1375.00,Customer 369,Pune,Maharashtra,259.00,Pen,Office,2.00,"$36,583.00 ",2000.00%,"$58,532.80","$52,194.08","$6,338.72",Debit Card,August,8,2026,89.17%,,,,
12692,8/28/2025,1034.00,Customer 65,Pune,Maharashtra,241.00,Paper,Office,8.00,"$1,133.00 ",1500.00%,"$7,704.40","$6,646.86","$1,057.54",Credit Card,August,8,2025,86.27%,,,,
12693,5/22/2026,1031.00,Customer 499,Chennai,Tamil Nadu,263.00,Chair,Furniture,5.00,"$34,510.00 ",1000.00%,"$155,295.00","$98,789.35","$56,505.65",Credit Card,May,5,2026,63.61%,,,,
12694,1/22/2026,1141.00,Customer 342,Hyderabad,Telangana,272.00,Mouse,Electronics,8.00,"$4,452.00 ",2000.00%,"$28,492.80","$25,635.86","$2,856.94",Credit Card,January,1,2026,89.97%,,,,
12695,4/6/2026,1164.00,Customer 448,Chennai,Tamil Nadu,270.00,Notebook,Office,2.00,"$20,474.00 ",500.00%,"$38,900.60","$30,954.18","$7,946.42",Credit Card,April,4,2026,79.57%,,,,
12696,7/7/2025,1276.00,Customer 128,Pune,Maharashtra,295.00,Pen,Office,1.00,"$14,778.00 ",500.00%,"$14,039.10","$8,640.04","$5,399.06",Cash,July,7,2025,61.54%,,,,
12697,11/15/2026,1135.00,Customer 157,Delhi,Delhi,212.00,Table,Furniture,3.00,"$35,554.00 ",2000.00%,"$85,329.60","$76,660.03","$8,669.57",UPI,November,11,2026,89.84%,,,,
12698,8/21/2026,1104.00,Customer 260,Bengaluru,Karnataka,239.00,Desk,Furniture,4.00,"$24,054.00 ",0.00%,"$96,216.00","$79,454.79","$16,761.21",Credit Card,August,8,2026,82.58%,,,,
12699,6/11/2025,1091.00,Customer 37,Mumbai,Maharashtra,289.00,Keyboard,Electronics,4.00,"$19,953.00 ",500.00%,"$75,821.40","$60,699.21","$15,122.19",Credit Card,June,6,2025,80.06%,,,,
12700,4/2/2025,1263.00,Customer 431,Hyderabad,Telangana,264.00,Desk,Furniture,2.00,"$10,797.00 ",0.00%,"$21,594.00","$19,306.46","$2,287.54",Cash,April,4,2025,89.41%,,,,
12701,8/23/2025,1153.00,Customer 273,Bengaluru,Karnataka,215.00,Laptop,Electronics,1.00,"$18,969.00 ",1500.00%,"$16,123.65","$11,441.07","$4,682.58",Credit Card,August,8,2025,70.96%,,,,
12702,10/23/2025,1131.00,Customer 66,Hyderabad,Telangana,260.00,Notebook,Office,6.00,"$22,348.00 ",1000.00%,"$120,679.20","$79,851.85","$40,827.35",Debit Card,October,10,2025,66.17%,,,,
12703,10/17/2025,1083.00,Customer 172,Bengaluru,Karnataka,272.00,Keyboard,Electronics,6.00,"$30,487.00 ",500.00%,"$173,775.90","$156,225.61","$17,550.29",Debit Card,October,10,2025,89.90%,,,,
12704,10/20/2025,1163.00,Customer 27,Hyderabad,Telangana,298.00,Table,Furniture,1.00,"$34,012.00 ",2000.00%,"$27,209.60","$21,900.64","$5,308.96",UPI,October,10,2025,80.49%,,,,
12705,12/12/2025,1288.00,Customer 467,Delhi,Delhi,201.00,Pen,Office,2.00,"$49,040.00 ",1000.00%,"$88,272.00","$67,610.66","$20,661.34",Cash,December,12,2025,76.59%,,,,
12706,10/28/2026,1101.00,Customer 138,Mumbai,Maharashtra,284.00,Desk,Furniture,8.00,"$6,088.00 ",0.00%,"$48,704.00","$38,555.64","$10,148.36",UPI,October,10,2026,79.16%,,,,
12707,4/12/2025,1155.00,Customer 368,Pune,Maharashtra,273.00,Notebook,Office,4.00,"$42,903.00 ",0.00%,"$171,612.00","$121,032.78","$50,579.22",UPI,April,4,2025,70.53%,,,,
12708,5/18/2026,1053.00,Customer 41,Bengaluru,Karnataka,254.00,Monitor,Electronics,6.00,"$35,162.00 ",1000.00%,"$189,874.80","$145,536.42","$44,338.38",Debit Card,May,5,2026,76.65%,,,,
12709,7/15/2026,1028.00,Customer 260,Bengaluru,Karnataka,202.00,Table,Furniture,5.00,"$44,161.00 ",500.00%,"$209,764.75","$162,752.73","$47,012.02",Credit Card,July,7,2026,77.59%,,,,
12710,12/22/2025,1387.00,Customer 327,Mumbai,Maharashtra,277.00,Desk,Furniture,7.00,"$19,418.00 ",1000.00%,"$122,333.40","$90,692.79","$31,640.61",UPI,December,12,2025,74.14%,,,,
12711,5/12/2025,1001.00,Customer 209,Mumbai,Maharashtra,226.00,Laptop,Electronics,6.00,"$13,487.00 ",500.00%,"$76,875.90","$58,722.50","$18,153.40",Credit Card,May,5,2025,76.39%,,,,
12712,5/6/2025,1028.00,Customer 62,Bengaluru,Karnataka,242.00,Chair,Furniture,5.00,"$45,337.00 ",1500.00%,"$192,682.25","$159,733.47","$32,948.78",Cash,May,5,2025,82.90%,,,,
12713,3/31/2026,1450.00,Customer 308,Chennai,Tamil Nadu,275.00,Monitor,Electronics,4.00,"$18,560.00 ",1500.00%,"$63,104.00","$50,234.92","$12,869.08",UPI,March,3,2026,79.61%,,,,
12714,6/18/2026,1209.00,Customer 467,Bengaluru,Karnataka,217.00,Paper,Office,4.00,"$8,113.00 ",500.00%,"$30,829.40","$22,114.60","$8,714.80",UPI,June,6,2026,71.73%,,,,
12715,12/21/2025,1155.00,Customer 202,Hyderabad,Telangana,227.00,Table,Furniture,8.00,"$24,991.00 ",0.00%,"$199,928.00","$176,665.72","$23,262.28",Cash,December,12,2025,88.36%,,,,
12716,4/10/2025,1154.00,Customer 331,Delhi,Delhi,213.00,Notebook,Office,7.00,"$39,202.00 ",0.00%,"$274,414.00","$244,754.22","$29,659.78",Debit Card,April,4,2025,89.19%,,,,
12717,7/3/2025,1366.00,Customer 42,Delhi,Delhi,257.00,Pen,Office,4.00,$980.00 ,500.00%,"$3,724.00","$2,417.04","$1,306.96",Debit Card,July,7,2025,64.90%,,,,
12718,2/25/2026,1500.00,Customer 57,Mumbai,Maharashtra,226.00,Table,Furniture,3.00,"$48,845.00 ",1500.00%,"$124,554.75","$91,386.32","$33,168.43",Cash,February,2,2026,73.37%,,,,
12719,7/1/2026,1230.00,Customer 374,Bengaluru,Karnataka,231.00,Laptop,Electronics,5.00,"$45,081.00 ",500.00%,"$214,134.75","$178,561.56","$35,573.19",UPI,July,7,2026,83.39%,,,,
12720,7/30/2025,1148.00,Customer 474,Chennai,Tamil Nadu,283.00,Laptop,Electronics,3.00,"$49,857.00 ",0.00%,"$149,571.00","$111,898.48","$37,672.52",Debit Card,July,7,2025,74.81%,,,,
12721,1/31/2026,1320.00,Customer 221,Hyderabad,Telangana,208.00,Pen,Office,3.00,"$28,085.00 ",1500.00%,"$71,616.75","$54,912.23","$16,704.52",UPI,January,1,2026,76.68%,,,,
12722,1/7/2026,1079.00,Customer 159,Mumbai,Maharashtra,230.00,Desk,Furniture,2.00,"$42,709.00 ",2000.00%,"$68,334.40","$55,688.63","$12,645.77",Credit Card,January,1,2026,81.49%,,,,
12723,12/26/2026,1298.00,Customer 52,Bengaluru,Karnataka,279.00,Paper,Office,4.00,"$45,319.00 ",0.00%,"$181,276.00","$132,363.59","$48,912.41",UPI,December,12,2026,73.02%,,,,
12724,10/17/2026,1457.00,Customer 453,Hyderabad,Telangana,204.00,Keyboard,Electronics,5.00,"$2,687.00 ",2000.00%,"$10,748.00","$9,466.32","$1,281.68",UPI,October,10,2026,88.08%,,,,
12725,11/10/2025,1372.00,Customer 175,Bengaluru,Karnataka,244.00,Notebook,Office,8.00,"$37,060.00 ",500.00%,"$281,656.00","$183,042.94","$98,613.06",Credit Card,November,11,2025,64.99%,,,,
12726,5/12/2025,1128.00,Customer 72,Delhi,Delhi,218.00,Paper,Office,8.00,"$48,255.00 ",2000.00%,"$308,832.00","$257,496.48","$51,335.52",UPI,May,5,2025,83.38%,,,,
12727,9/24/2026,1477.00,Customer 106,Bengaluru,Karnataka,282.00,Pen,Office,1.00,"$22,423.00 ",1000.00%,"$20,180.70","$13,927.67","$6,253.03",Credit Card,September,9,2026,69.01%,,,,
12728,3/11/2026,1094.00,Customer 258,Delhi,Delhi,265.00,Mouse,Electronics,2.00,"$42,098.00 ",0.00%,"$84,196.00","$52,800.28","$31,395.72",Debit Card,March,3,2026,62.71%,,,,
12729,2/7/2026,1069.00,Customer 89,Pune,Maharashtra,277.00,Mouse,Electronics,4.00,"$41,156.00 ",1000.00%,"$148,161.60","$120,223.78","$27,937.82",Debit Card,February,2,2026,81.14%,,,,
12730,11/28/2025,1211.00,Customer 474,Hyderabad,Telangana,244.00,Monitor,Electronics,7.00,"$14,605.00 ",1000.00%,"$92,011.50","$71,539.39","$20,472.11",Debit Card,November,11,2025,77.75%,,,,
12731,7/9/2025,1264.00,Customer 104,Delhi,Delhi,216.00,Mouse,Electronics,1.00,"$40,113.00 ",1000.00%,"$36,101.70","$26,806.04","$9,295.66",Credit Card,July,7,2025,74.25%,,,,
12732,8/16/2026,1019.00,Customer 323,Mumbai,Maharashtra,228.00,Mouse,Electronics,1.00,"$4,634.00 ",1500.00%,"$3,938.90","$3,219.57",$719.33,Debit Card,August,8,2026,81.74%,,,,
12733,5/21/2025,1015.00,Customer 437,Chennai,Tamil Nadu,246.00,Pen,Office,1.00,"$21,229.00 ",0.00%,"$21,229.00","$14,270.19","$6,958.81",Credit Card,May,5,2025,67.22%,,,,
12734,2/6/2026,1216.00,Customer 263,Hyderabad,Telangana,223.00,Table,Furniture,8.00,"$30,644.00 ",0.00%,"$245,152.00","$168,497.46","$76,654.54",Cash,February,2,2026,68.73%,,,,
12735,10/9/2026,1255.00,Customer 71,Pune,Maharashtra,222.00,Monitor,Electronics,7.00,"$40,876.00 ",500.00%,"$271,825.40","$235,798.03","$36,027.37",Cash,October,10,2026,86.75%,,,,
12736,1/10/2025,1414.00,Customer 106,Chennai,Tamil Nadu,264.00,Monitor,Electronics,1.00,"$27,076.00 ",500.00%,"$25,722.20","$18,162.94","$7,559.26",Cash,January,1,2025,70.61%,,,,
12737,3/12/2026,1427.00,Customer 257,Mumbai,Maharashtra,239.00,Laptop,Electronics,5.00,"$44,149.00 ",500.00%,"$209,707.75","$136,807.44","$72,900.31",Debit Card,March,3,2026,65.24%,,,,
12738,7/26/2025,1376.00,Customer 243,Chennai,Tamil Nadu,233.00,Keyboard,Electronics,1.00,"$24,000.00 ",500.00%,"$22,800.00","$17,356.13","$5,443.87",Cash,July,7,2025,76.12%,,,,
12739,12/4/2025,1067.00,Customer 137,Hyderabad,Telangana,235.00,Desk,Furniture,4.00,"$12,526.00 ",0.00%,"$50,104.00","$40,028.84","$10,075.16",Credit Card,December,12,2025,79.89%,,,,
12740,5/13/2026,1307.00,Customer 150,Delhi,Delhi,249.00,Monitor,Electronics,8.00,"$4,807.00 ",2000.00%,"$30,764.80","$26,074.03","$4,690.77",UPI,May,5,2026,84.75%,,,,
12741,6/20/2026,1223.00,Customer 362,Delhi,Delhi,206.00,Paper,Office,1.00,"$23,224.00 ",2000.00%,"$18,579.20","$12,417.53","$6,161.67",Credit Card,June,6,2026,66.84%,,,,
12742,8/6/2026,1012.00,Customer 4,Pune,Maharashtra,221.00,Notebook,Office,6.00,"$12,584.00 ",1000.00%,"$67,953.60","$57,367.96","$10,585.64",UPI,August,8,2026,84.42%,,,,
12743,10/16/2025,1052.00,Customer 246,Bengaluru,Karnataka,245.00,Chair,Furniture,6.00,"$15,158.00 ",1000.00%,"$81,853.20","$72,485.52","$9,367.68",Debit Card,October,10,2025,88.56%,,,,
12744,12/17/2025,1198.00,Customer 313,Chennai,Tamil Nadu,259.00,Keyboard,Electronics,7.00,"$45,395.00 ",2000.00%,"$254,212.00","$161,658.61","$92,553.39",UPI,December,12,2025,63.59%,,,,
12745,1/14/2025,1430.00,Customer 12,Bengaluru,Karnataka,263.00,Pen,Office,4.00,"$46,870.00 ",1500.00%,"$159,358.00","$120,415.31","$38,942.69",Cash,January,1,2025,75.56%,,,,
12746,2/24/2026,1240.00,Customer 218,Hyderabad,Telangana,259.00,Paper,Office,8.00,"$28,833.00 ",1000.00%,"$207,597.60","$155,179.33","$52,418.27",UPI,February,2,2026,74.75%,,,,
12747,11/27/2026,1344.00,Customer 142,Mumbai,Maharashtra,217.00,Paper,Office,1.00,"$21,093.00 ",0.00%,"$21,093.00","$18,306.61","$2,786.39",Debit Card,November,11,2026,86.79%,,,,
12748,2/26/2026,1269.00,Customer 186,Mumbai,Maharashtra,243.00,Pen,Office,8.00,"$15,410.00 ",500.00%,"$117,116.00","$72,810.35","$44,305.65",Credit Card,February,2,2026,62.17%,,,,
12749,1/2/2026,1103.00,Customer 137,Chennai,Tamil Nadu,297.00,Notebook,Office,2.00,"$13,921.00 ",1500.00%,"$23,665.70","$21,251.67","$2,414.03",Debit Card,January,1,2026,89.80%,,,,
12750,11/14/2025,1072.00,Customer 284,Delhi,Delhi,259.00,Paper,Office,6.00,"$49,681.00 ",1500.00%,"$253,373.10","$200,956.82","$52,416.28",UPI,November,11,2025,79.31%,,,,
12751,4/24/2025,1495.00,Customer 180,Delhi,Delhi,251.00,Desk,Furniture,1.00,"$7,044.00 ",1500.00%,"$5,987.40","$4,722.04","$1,265.36",UPI,April,4,2025,78.87%,,,,
12752,1/9/2025,1303.00,Customer 38,Hyderabad,Telangana,300.00,Mouse,Electronics,2.00,"$42,397.00 ",500.00%,"$80,554.30","$72,231.36","$8,322.94",Credit Card,January,1,2025,89.67%,,,,
12753,10/25/2025,1183.00,Customer 115,Delhi,Delhi,262.00,Desk,Furniture,3.00,"$39,893.00 ",1500.00%,"$101,727.15","$81,589.07","$20,138.08",Cash,October,10,2025,80.20%,,,,
12754,4/26/2026,1006.00,Customer 105,Chennai,Tamil Nadu,259.00,Table,Furniture,2.00,"$45,953.00 ",1500.00%,"$78,120.10","$63,745.66","$14,374.44",Credit Card,April,4,2026,81.60%,,,,
12755,10/3/2025,1198.00,Customer 316,Pune,Maharashtra,295.00,Desk,Furniture,1.00,"$35,341.00 ",500.00%,"$33,573.95","$29,528.25","$4,045.70",Debit Card,October,10,2025,87.95%,,,,
12756,2/14/2026,1444.00,Customer 235,Delhi,Delhi,279.00,Paper,Office,6.00,"$38,500.00 ",1500.00%,"$196,350.00","$128,343.04","$68,006.96",Debit Card,February,2,2026,65.36%,,,,
12757,3/19/2026,1047.00,Customer 243,Chennai,Tamil Nadu,276.00,Paper,Office,8.00,"$32,821.00 ",500.00%,"$249,439.60","$193,625.09","$55,814.51",UPI,March,3,2026,77.62%,,,,
12758,12/4/2026,1141.00,Customer 249,Hyderabad,Telangana,264.00,Pen,Office,4.00,"$21,464.00 ",1000.00%,"$77,270.40","$55,208.94","$22,061.46",Credit Card,December,12,2026,71.45%,,,,
12759,11/18/2025,1387.00,Customer 24,Hyderabad,Telangana,218.00,Desk,Furniture,6.00,"$32,448.00 ",500.00%,"$184,953.60","$142,971.84","$41,981.76",Debit Card,November,11,2025,77.30%,,,,
12760,2/24/2026,1443.00,Customer 500,Pune,Maharashtra,276.00,Table,Furniture,1.00,"$36,536.00 ",0.00%,"$36,536.00","$31,328.09","$5,207.91",UPI,February,2,2026,85.75%,,,,
12761,6/9/2026,1391.00,Customer 25,Delhi,Delhi,288.00,Chair,Furniture,7.00,"$14,782.00 ",1500.00%,"$87,952.90","$74,496.02","$13,456.88",Credit Card,June,6,2026,84.70%,,,,
12762,4/8/2025,1306.00,Customer 453,Pune,Maharashtra,291.00,Mouse,Electronics,7.00,"$41,139.00 ",0.00%,"$287,973.00","$202,136.74","$85,836.26",Credit Card,April,4,2025,70.19%,,,,
12763,7/4/2025,1201.00,Customer 442,Chennai,Tamil Nadu,253.00,Table,Furniture,3.00,"$44,739.00 ",1500.00%,"$114,084.45","$75,782.01","$38,302.44",Debit Card,July,7,2025,66.43%,,,,
12764,7/19/2026,1202.00,Customer 498,Bengaluru,Karnataka,254.00,Table,Furniture,7.00,"$15,195.00 ",2000.00%,"$85,092.00","$69,469.62","$15,622.38",Cash,July,7,2026,81.64%,,,,
12765,4/11/2025,1464.00,Customer 134,Pune,Maharashtra,215.00,Laptop,Electronics,7.00,"$36,815.00 ",500.00%,"$244,819.75","$150,694.02","$94,125.73",UPI,April,4,2025,61.55%,,,,
12766,9/14/2026,1441.00,Customer 281,Delhi,Delhi,236.00,Desk,Furniture,2.00,"$19,582.00 ",1500.00%,"$33,289.40","$24,591.45","$8,697.95",UPI,September,9,2026,73.87%,,,,
12767,4/3/2025,1497.00,Customer 313,Delhi,Delhi,233.00,Notebook,Office,3.00,"$34,825.00 ",500.00%,"$99,251.25","$73,300.10","$25,951.15",Cash,April,4,2025,73.85%,,,,
12768,9/20/2026,1309.00,Customer 64,Hyderabad,Telangana,242.00,Notebook,Office,5.00,"$37,145.00 ",1500.00%,"$157,866.25","$131,406.87","$26,459.38",Credit Card,September,9,2026,83.24%,,,,
12769,9/9/2025,1330.00,Customer 355,Chennai,Tamil Nadu,272.00,Notebook,Office,4.00,"$3,564.00 ",2000.00%,"$11,404.80","$7,581.55","$3,823.25",Debit Card,September,9,2025,66.48%,,,,
12770,6/5/2025,1250.00,Customer 145,Bengaluru,Karnataka,207.00,Paper,Office,3.00,"$31,502.00 ",0.00%,"$94,506.00","$83,795.28","$10,710.72",Debit Card,June,6,2025,88.67%,,,,
12771,11/5/2025,1450.00,Customer 54,Pune,Maharashtra,264.00,Monitor,Electronics,6.00,"$48,492.00 ",1500.00%,"$247,309.20","$218,059.61","$29,249.59",Cash,November,11,2025,88.17%,,,,
12772,7/2/2026,1112.00,Customer 128,Bengaluru,Karnataka,300.00,Chair,Furniture,1.00,"$4,153.00 ",1500.00%,"$3,530.05","$2,860.34",$669.71,Debit Card,July,7,2026,81.03%,,,,
12773,4/16/2025,1203.00,Customer 328,Bengaluru,Karnataka,204.00,Chair,Furniture,7.00,"$9,677.00 ",0.00%,"$67,739.00","$45,237.73","$22,501.27",UPI,April,4,2025,66.78%,,,,
12774,5/10/2026,1043.00,Customer 164,Delhi,Delhi,269.00,Notebook,Office,3.00,"$13,217.00 ",1000.00%,"$35,685.90","$31,320.90","$4,365.00",UPI,May,5,2026,87.77%,,,,
12775,9/21/2026,1392.00,Customer 120,Delhi,Delhi,208.00,Table,Furniture,5.00,"$19,171.00 ",0.00%,"$95,855.00","$57,919.98","$37,935.02",UPI,September,9,2026,60.42%,,,,
12776,10/17/2025,1242.00,Customer 187,Mumbai,Maharashtra,264.00,Keyboard,Electronics,4.00,"$7,316.00 ",1500.00%,"$24,874.40","$18,087.22","$6,787.18",Credit Card,October,10,2025,72.71%,,,,
12777,7/11/2025,1314.00,Customer 224,Hyderabad,Telangana,296.00,Chair,Furniture,1.00,"$20,192.00 ",1000.00%,"$18,172.80","$10,978.28","$7,194.52",Credit Card,July,7,2025,60.41%,,,,
12778,6/29/2025,1386.00,Customer 273,Delhi,Delhi,222.00,Pen,Office,3.00,"$38,113.00 ",1000.00%,"$102,905.10","$75,466.92","$27,438.18",Debit Card,June,6,2025,73.34%,,,,
12779,5/9/2026,1427.00,Customer 265,Hyderabad,Telangana,216.00,Notebook,Office,3.00,"$7,068.00 ",1500.00%,"$18,023.40","$15,511.98","$2,511.42",Debit Card,May,5,2026,86.07%,,,,
12780,12/2/2026,1433.00,Customer 13,Chennai,Tamil Nadu,239.00,Paper,Office,7.00,"$3,222.00 ",2000.00%,"$18,043.20","$13,251.28","$4,791.92",Debit Card,December,12,2026,73.44%,,,,
12781,8/25/2025,1492.00,Customer 15,Pune,Maharashtra,211.00,Chair,Furniture,7.00,"$37,072.00 ",1000.00%,"$233,553.60","$173,005.63","$60,547.97",UPI,August,8,2025,74.08%,,,,
12782,2/9/2025,1122.00,Customer 9,Chennai,Tamil Nadu,284.00,Paper,Office,4.00,"$11,266.00 ",0.00%,"$45,064.00","$38,058.46","$7,005.54",Credit Card,February,2,2025,84.45%,,,,
12783,6/13/2025,1346.00,Customer 488,Chennai,Tamil Nadu,284.00,Paper,Office,7.00,"$32,724.00 ",1500.00%,"$194,707.80","$122,565.96","$72,141.84",Credit Card,June,6,2025,62.95%,,,,
12784,5/2/2026,1133.00,Customer 251,Pune,Maharashtra,246.00,Chair,Furniture,2.00,"$33,123.00 ",1000.00%,"$59,621.40","$37,098.78","$22,522.62",Cash,May,5,2026,62.22%,,,,
12785,11/27/2025,1137.00,Customer 229,Delhi,Delhi,261.00,Keyboard,Electronics,2.00,"$36,497.00 ",1500.00%,"$62,044.90","$50,510.81","$11,534.09",Debit Card,November,11,2025,81.41%,,,,
12786,12/5/2025,1162.00,Customer 468,Pune,Maharashtra,291.00,Table,Furniture,6.00,"$21,519.00 ",1000.00%,"$116,202.60","$75,927.16","$40,275.44",Credit Card,December,12,2025,65.34%,,,,
12787,1/16/2025,1295.00,Customer 127,Chennai,Tamil Nadu,223.00,Notebook,Office,2.00,"$49,457.00 ",1500.00%,"$84,076.90","$73,290.08","$10,786.82",Cash,January,1,2025,87.17%,,,,
12788,5/25/2025,1445.00,Customer 63,Bengaluru,Karnataka,224.00,Paper,Office,4.00,"$34,859.00 ",500.00%,"$132,464.20","$115,606.21","$16,857.99",UPI,May,5,2025,87.27%,,,,
12789,10/24/2026,1409.00,Customer 443,Chennai,Tamil Nadu,244.00,Notebook,Office,4.00,"$9,548.00 ",1500.00%,"$32,463.20","$25,076.78","$7,386.42",Cash,October,10,2026,77.25%,,,,
12790,4/1/2025,1207.00,Customer 490,Chennai,Tamil Nadu,203.00,Table,Furniture,1.00,"$29,601.00 ",1500.00%,"$25,160.85","$15,559.61","$9,601.24",Credit Card,April,4,2025,61.84%,,,,
12791,12/29/2025,1420.00,Customer 200,Delhi,Delhi,205.00,Mouse,Electronics,1.00,"$29,081.00 ",1000.00%,"$26,172.90","$16,334.20","$9,838.70",UPI,December,12,2025,62.41%,,,,
12792,1/25/2025,1150.00,Customer 103,Chennai,Tamil Nadu,293.00,Laptop,Electronics,3.00,"$39,007.00 ",1500.00%,"$99,467.85","$60,277.69","$39,190.16",Cash,January,1,2025,60.60%,,,,
12793,7/2/2026,1258.00,Customer 410,Delhi,Delhi,210.00,Paper,Office,1.00,"$47,905.00 ",1500.00%,"$40,719.25","$24,785.36","$15,933.89",Debit Card,July,7,2026,60.87%,,,,
12794,1/22/2025,1487.00,Customer 243,Hyderabad,Telangana,210.00,Keyboard,Electronics,4.00,"$28,703.00 ",1500.00%,"$97,590.20","$66,888.06","$30,702.14",Cash,January,1,2025,68.54%,,,,
12795,1/22/2026,1068.00,Customer 356,Pune,Maharashtra,268.00,Mouse,Electronics,8.00,"$49,003.00 ",1500.00%,"$333,220.40","$232,926.83","$100,293.57",Debit Card,January,1,2026,69.90%,,,,
12796,6/24/2025,1071.00,Customer 322,Bengaluru,Karnataka,263.00,Chair,Furniture,1.00,"$24,680.00 ",1500.00%,"$20,978.00","$17,753.05","$3,224.95",Credit Card,June,6,2025,84.63%,,,,
12797,9/7/2025,1314.00,Customer 1,Bengaluru,Karnataka,242.00,Paper,Office,2.00,"$5,489.00 ",1000.00%,"$9,880.20","$8,269.31","$1,610.89",Credit Card,September,9,2025,83.70%,,,,
12798,6/22/2026,1013.00,Customer 56,Pune,Maharashtra,215.00,Monitor,Electronics,8.00,"$46,788.00 ",500.00%,"$355,588.80","$305,360.02","$50,228.78",Debit Card,June,6,2026,85.87%,,,,
12799,11/18/2025,1429.00,Customer 345,Pune,Maharashtra,227.00,Desk,Furniture,3.00,"$4,858.00 ",1000.00%,"$13,116.60","$9,726.55","$3,390.05",Debit Card,November,11,2025,74.15%,,,,
12800,7/5/2026,1426.00,Customer 79,Hyderabad,Telangana,298.00,Monitor,Electronics,8.00,"$16,796.00 ",1000.00%,"$120,931.20","$77,313.46","$43,617.74",UPI,July,7,2026,63.93%,,,,
12801,5/18/2026,1354.00,Customer 11,Delhi,Delhi,272.00,Pen,Office,2.00,"$18,576.00 ",0.00%,"$37,152.00","$30,684.31","$6,467.69",Credit Card,May,5,2026,82.59%,,,,
12802,6/9/2025,1188.00,Customer 403,Delhi,Delhi,213.00,Paper,Office,2.00,$460.00 ,0.00%,$920.00,$753.90,$166.10,Credit Card,June,6,2025,81.95%,,,,
12803,5/10/2025,1464.00,Customer 394,Pune,Maharashtra,268.00,Chair,Furniture,7.00,"$42,340.00 ",500.00%,"$281,561.00","$197,991.15","$83,569.85",Cash,May,5,2025,70.32%,,,,
12804,2/15/2026,1445.00,Customer 418,Pune,Maharashtra,242.00,Keyboard,Electronics,2.00,"$32,338.00 ",500.00%,"$61,442.20","$53,717.81","$7,724.39",Credit Card,February,2,2026,87.43%,,,,
12805,6/5/2025,1317.00,Customer 159,Delhi,Delhi,274.00,Monitor,Electronics,5.00,"$33,979.00 ",1000.00%,"$152,905.50","$110,053.69","$42,851.81",Debit Card,June,6,2025,71.97%,,,,
12806,5/25/2026,1141.00,Customer 16,Chennai,Tamil Nadu,293.00,Notebook,Office,8.00,"$25,665.00 ",1000.00%,"$184,788.00","$133,013.23","$51,774.77",Cash,May,5,2026,71.98%,,,,
12807,7/9/2026,1119.00,Customer 125,Bengaluru,Karnataka,236.00,Notebook,Office,3.00,"$33,667.00 ",500.00%,"$95,950.95","$83,546.19","$12,404.76",Cash,July,7,2026,87.07%,,,,
12808,10/16/2025,1312.00,Customer 261,Delhi,Delhi,298.00,Paper,Office,1.00,"$5,188.00 ",2000.00%,"$4,150.40","$2,711.42","$1,438.98",Debit Card,October,10,2025,65.33%,,,,
12809,9/13/2026,1376.00,Customer 27,Chennai,Tamil Nadu,275.00,Pen,Office,4.00,"$41,904.00 ",0.00%,"$167,616.00","$138,388.42","$29,227.58",Debit Card,September,9,2026,82.56%,,,,
12810,6/26/2025,1055.00,Customer 303,Hyderabad,Telangana,268.00,Monitor,Electronics,4.00,"$43,901.00 ",1000.00%,"$158,043.60","$103,571.04","$54,472.56",Credit Card,June,6,2025,65.53%,,,,
12811,2/25/2025,1400.00,Customer 386,Mumbai,Maharashtra,285.00,Paper,Office,4.00,"$36,922.00 ",1500.00%,"$125,534.80","$89,528.65","$36,006.15",Credit Card,February,2,2025,71.32%,,,,
12812,11/24/2026,1420.00,Customer 263,Bengaluru,Karnataka,221.00,Table,Furniture,3.00,"$17,011.00 ",500.00%,"$48,481.35","$29,708.12","$18,773.23",Debit Card,November,11,2026,61.28%,,,,
12813,1/19/2026,1223.00,Customer 114,Mumbai,Maharashtra,289.00,Table,Furniture,6.00,"$37,814.00 ",0.00%,"$226,884.00","$199,903.67","$26,980.33",UPI,January,1,2026,88.11%,,,,
12814,11/10/2025,1324.00,Customer 339,Delhi,Delhi,274.00,Desk,Furniture,7.00,"$7,388.00 ",1000.00%,"$46,544.40","$39,514.98","$7,029.42",UPI,November,11,2025,84.90%,,,,
12815,8/15/2025,1142.00,Customer 221,Mumbai,Maharashtra,293.00,Table,Furniture,8.00,"$13,106.00 ",1500.00%,"$89,120.80","$74,444.79","$14,676.01",Credit Card,August,8,2025,83.53%,,,,
12816,11/1/2025,1022.00,Customer 360,Mumbai,Maharashtra,261.00,Chair,Furniture,7.00,"$46,812.00 ",500.00%,"$311,299.80","$223,229.17","$88,070.63",UPI,November,11,2025,71.71%,,,,
12817,9/18/2025,1205.00,Customer 101,Chennai,Tamil Nadu,281.00,Mouse,Electronics,1.00,"$2,739.00 ",1500.00%,"$2,328.15","$2,089.78",$238.37,UPI,September,9,2025,89.76%,,,,
12818,12/27/2025,1486.00,Customer 83,Pune,Maharashtra,203.00,Paper,Office,6.00,"$23,370.00 ",500.00%,"$133,209.00","$117,533.02","$15,675.98",Debit Card,December,12,2025,88.23%,,,,
12819,6/29/2025,1271.00,Customer 239,Pune,Maharashtra,221.00,Notebook,Office,4.00,"$37,384.00 ",0.00%,"$149,536.00","$105,389.19","$44,146.81",Debit Card,June,6,2025,70.48%,,,,
12820,4/28/2026,1016.00,Customer 391,Bengaluru,Karnataka,271.00,Monitor,Electronics,3.00,"$23,408.00 ",1500.00%,"$59,690.40","$42,850.21","$16,840.19",Credit Card,April,4,2026,71.79%,,,,
12821,2/16/2025,1206.00,Customer 311,Chennai,Tamil Nadu,238.00,Paper,Office,5.00,$805.00 ,1000.00%,"$3,622.50","$3,015.68",$606.82,Credit Card,February,2,2025,83.25%,,,,
12822,10/27/2025,1261.00,Customer 207,Bengaluru,Karnataka,232.00,Paper,Office,5.00,"$10,404.00 ",1500.00%,"$44,217.00","$36,823.12","$7,393.88",UPI,October,10,2025,83.28%,,,,
12823,8/27/2026,1148.00,Customer 344,Bengaluru,Karnataka,216.00,Mouse,Electronics,5.00,"$11,502.00 ",1500.00%,"$48,883.50","$30,853.75","$18,029.75",Debit Card,August,8,2026,63.12%,,,,
12824,6/27/2026,1176.00,Customer 365,Chennai,Tamil Nadu,299.00,Desk,Furniture,2.00,"$13,526.00 ",0.00%,"$27,052.00","$21,658.73","$5,393.27",Cash,June,6,2026,80.06%,,,,
12825,7/6/2026,1481.00,Customer 180,Hyderabad,Telangana,228.00,Pen,Office,3.00,"$5,757.00 ",2000.00%,"$13,816.80","$11,258.52","$2,558.28",Debit Card,July,7,2026,81.48%,,,,
12826,4/28/2025,1361.00,Customer 98,Pune,Maharashtra,264.00,Mouse,Electronics,8.00,$543.00 ,1500.00%,"$3,692.40","$2,288.97","$1,403.43",Cash,April,4,2025,61.99%,,,,
12827,11/17/2025,1258.00,Customer 222,Pune,Maharashtra,214.00,Chair,Furniture,7.00,"$3,020.00 ",1000.00%,"$19,026.00","$16,252.44","$2,773.56",UPI,November,11,2025,85.42%,,,,
12828,6/11/2026,1284.00,Customer 468,Delhi,Delhi,267.00,Chair,Furniture,5.00,"$47,075.00 ",1500.00%,"$200,068.75","$136,113.01","$63,955.74",Cash,June,6,2026,68.03%,,,,
12829,9/10/2025,1097.00,Customer 106,Pune,Maharashtra,251.00,Monitor,Electronics,4.00,"$23,858.00 ",1000.00%,"$85,888.80","$55,777.83","$30,110.97",UPI,September,9,2025,64.94%,,,,
12830,4/17/2025,1024.00,Customer 446,Chennai,Tamil Nadu,288.00,Pen,Office,2.00,"$21,311.00 ",1500.00%,"$36,228.70","$26,416.33","$9,812.37",Debit Card,April,4,2025,72.92%,,,,
12831,10/21/2025,1066.00,Customer 91,Bengaluru,Karnataka,244.00,Mouse,Electronics,5.00,"$18,954.00 ",2000.00%,"$75,816.00","$50,321.73","$25,494.27",Debit Card,October,10,2025,66.37%,,,,
12832,6/16/2025,1367.00,Customer 133,Pune,Maharashtra,258.00,Monitor,Electronics,6.00,"$22,344.00 ",1000.00%,"$120,657.60","$73,578.38","$47,079.22",UPI,June,6,2025,60.98%,,,,
12833,7/31/2025,1057.00,Customer 7,Chennai,Tamil Nadu,245.00,Desk,Furniture,7.00,"$30,647.00 ",2000.00%,"$171,623.20","$131,262.02","$40,361.18",Credit Card,July,7,2025,76.48%,,,,
12834,6/24/2026,1049.00,Customer 223,Delhi,Delhi,237.00,Notebook,Office,1.00,"$16,739.00 ",1000.00%,"$15,065.10","$9,974.59","$5,090.51",Credit Card,June,6,2026,66.21%,,,,
12835,11/19/2026,1217.00,Customer 310,Chennai,Tamil Nadu,267.00,Table,Furniture,1.00,"$30,087.00 ",500.00%,"$28,582.65","$17,688.74","$10,893.91",Debit Card,November,11,2026,61.89%,,,,
12836,1/18/2026,1140.00,Customer 294,Hyderabad,Telangana,279.00,Mouse,Electronics,7.00,"$20,727.00 ",1000.00%,"$130,580.10","$111,397.95","$19,182.15",Debit Card,January,1,2026,85.31%,,,,
12837,4/9/2026,1319.00,Customer 137,Bengaluru,Karnataka,254.00,Notebook,Office,3.00,"$11,173.00 ",0.00%,"$33,519.00","$20,441.05","$13,077.95",Credit Card,April,4,2026,60.98%,,,,
12838,6/20/2025,1014.00,Customer 60,Hyderabad,Telangana,272.00,Pen,Office,8.00,"$10,804.00 ",0.00%,"$86,432.00","$76,739.60","$9,692.40",UPI,June,6,2025,88.79%,,,,
12839,4/1/2026,1165.00,Customer 183,Chennai,Tamil Nadu,218.00,Paper,Office,5.00,"$31,108.00 ",2000.00%,"$124,432.00","$100,017.26","$24,414.74",Credit Card,April,4,2026,80.38%,,,,
12840,7/31/2026,1260.00,Customer 244,Hyderabad,Telangana,218.00,Pen,Office,6.00,"$34,332.00 ",2000.00%,"$164,793.60","$130,940.04","$33,853.56",UPI,July,7,2026,79.46%,,,,
12841,7/24/2025,1080.00,Customer 53,Bengaluru,Karnataka,270.00,Table,Furniture,2.00,"$25,581.00 ",0.00%,"$51,162.00","$30,802.08","$20,359.92",UPI,July,7,2025,60.20%,,,,
12842,4/10/2025,1008.00,Customer 102,Bengaluru,Karnataka,251.00,Paper,Office,8.00,"$14,176.00 ",500.00%,"$107,737.60","$76,360.96","$31,376.64",Credit Card,April,4,2025,70.88%,,,,
12843,10/12/2025,1088.00,Customer 282,Bengaluru,Karnataka,253.00,Notebook,Office,5.00,"$36,685.00 ",2000.00%,"$146,740.00","$120,107.76","$26,632.24",UPI,October,10,2025,81.85%,,,,
12844,2/1/2025,1221.00,Customer 83,Delhi,Delhi,213.00,Desk,Furniture,8.00,"$18,950.00 ",1500.00%,"$128,860.00","$112,177.10","$16,682.90",Cash,February,2,2025,87.05%,,,,
12845,11/9/2026,1280.00,Customer 336,Delhi,Delhi,222.00,Notebook,Office,2.00,"$32,855.00 ",1500.00%,"$55,853.50","$36,578.99","$19,274.51",Debit Card,November,11,2026,65.49%,,,,
12846,12/15/2025,1162.00,Customer 435,Pune,Maharashtra,286.00,Paper,Office,3.00,"$48,955.00 ",0.00%,"$146,865.00","$101,269.80","$45,595.20",UPI,December,12,2025,68.95%,,,,
12847,4/20/2025,1497.00,Customer 61,Mumbai,Maharashtra,281.00,Notebook,Office,5.00,"$15,259.00 ",0.00%,"$76,295.00","$64,749.66","$11,545.34",UPI,April,4,2025,84.87%,,,,
12848,11/13/2026,1364.00,Customer 344,Delhi,Delhi,248.00,Desk,Furniture,7.00,"$22,402.00 ",1000.00%,"$141,132.60","$123,038.55","$18,094.05",Credit Card,November,11,2026,87.18%,,,,
12849,11/13/2026,1270.00,Customer 19,Delhi,Delhi,265.00,Chair,Furniture,5.00,"$6,180.00 ",1500.00%,"$26,265.00","$17,640.51","$8,624.49",Debit Card,November,11,2026,67.16%,,,,
12850,6/13/2025,1141.00,Customer 143,Mumbai,Maharashtra,235.00,Chair,Furniture,8.00,"$14,789.00 ",1500.00%,"$100,565.20","$65,960.06","$34,605.14",Credit Card,June,6,2025,65.59%,,,,
12851,1/6/2026,1375.00,Customer 324,Bengaluru,Karnataka,255.00,Table,Furniture,8.00,"$45,873.00 ",1000.00%,"$330,285.60","$283,098.00","$47,187.60",Credit Card,January,1,2026,85.71%,,,,
12852,8/30/2025,1075.00,Customer 475,Delhi,Delhi,257.00,Table,Furniture,4.00,"$33,073.00 ",1500.00%,"$112,448.20","$86,331.42","$26,116.78",UPI,August,8,2025,76.77%,,,,
12853,1/18/2026,1478.00,Customer 342,Hyderabad,Telangana,247.00,Pen,Office,8.00,"$38,132.00 ",1000.00%,"$274,550.40","$173,159.42","$101,390.98",Debit Card,January,1,2026,63.07%,,,,
12854,9/9/2026,1249.00,Customer 238,Chennai,Tamil Nadu,204.00,Paper,Office,1.00,"$27,510.00 ",1000.00%,"$24,759.00","$17,749.05","$7,009.95",UPI,September,9,2026,71.69%,,,,
12855,3/10/2025,1295.00,Customer 23,Hyderabad,Telangana,235.00,Chair,Furniture,6.00,"$21,057.00 ",2000.00%,"$101,073.60","$86,948.48","$14,125.12",Cash,March,3,2025,86.02%,,,,
12856,5/3/2025,1288.00,Customer 294,Bengaluru,Karnataka,289.00,Chair,Furniture,1.00,"$32,571.00 ",2000.00%,"$26,056.80","$22,187.50","$3,869.30",UPI,May,5,2025,85.15%,,,,
12857,5/6/2025,1028.00,Customer 414,Mumbai,Maharashtra,231.00,Desk,Furniture,1.00,"$32,635.00 ",0.00%,"$32,635.00","$26,832.19","$5,802.81",Debit Card,May,5,2025,82.22%,,,,
12858,6/3/2025,1375.00,Customer 333,Mumbai,Maharashtra,294.00,Pen,Office,6.00,"$17,086.00 ",2000.00%,"$82,012.80","$58,540.91","$23,471.89",Debit Card,June,6,2025,71.38%,,,,
12859,11/28/2026,1200.00,Customer 451,Hyderabad,Telangana,212.00,Notebook,Office,1.00,"$30,035.00 ",1500.00%,"$25,529.75","$15,808.40","$9,721.35",Credit Card,November,11,2026,61.92%,,,,
12860,3/13/2026,1427.00,Customer 434,Delhi,Delhi,240.00,Monitor,Electronics,6.00,"$6,608.00 ",500.00%,"$37,665.60","$23,893.08","$13,772.52",UPI,March,3,2026,63.43%,,,,
12861,11/16/2025,1298.00,Customer 283,Bengaluru,Karnataka,226.00,Desk,Furniture,7.00,"$21,625.00 ",0.00%,"$151,375.00","$100,533.91","$50,841.09",Debit Card,November,11,2025,66.41%,,,,
12862,3/31/2026,1188.00,Customer 122,Hyderabad,Telangana,269.00,Laptop,Electronics,8.00,"$8,340.00 ",500.00%,"$63,384.00","$39,458.21","$23,925.79",Cash,March,3,2026,62.25%,,,,
12863,7/21/2026,1159.00,Customer 75,Hyderabad,Telangana,258.00,Table,Furniture,4.00,"$13,190.00 ",2000.00%,"$42,208.00","$33,986.66","$8,221.34",Debit Card,July,7,2026,80.52%,,,,
12864,7/5/2025,1124.00,Customer 135,Bengaluru,Karnataka,217.00,Chair,Furniture,1.00,"$6,464.00 ",2000.00%,"$5,171.20","$3,937.42","$1,233.78",UPI,July,7,2025,76.14%,,,,
12865,8/23/2026,1066.00,Customer 207,Bengaluru,Karnataka,217.00,Pen,Office,7.00,"$15,711.00 ",0.00%,"$109,977.00","$70,804.93","$39,172.07",Debit Card,August,8,2026,64.38%,,,,
12866,2/6/2025,1105.00,Customer 112,Mumbai,Maharashtra,273.00,Pen,Office,1.00,"$49,988.00 ",2000.00%,"$39,990.40","$28,519.97","$11,470.43",Credit Card,February,2,2025,71.32%,,,,
12867,9/8/2026,1095.00,Customer 134,Hyderabad,Telangana,245.00,Laptop,Electronics,3.00,"$7,453.00 ",1500.00%,"$19,005.15","$16,302.51","$2,702.64",Debit Card,September,9,2026,85.78%,,,,
12868,12/30/2026,1194.00,Customer 453,Delhi,Delhi,298.00,Table,Furniture,8.00,"$44,157.00 ",1500.00%,"$300,267.60","$260,312.85","$39,954.75",Cash,December,12,2026,86.69%,,,,
12869,8/23/2025,1053.00,Customer 274,Bengaluru,Karnataka,269.00,Mouse,Electronics,5.00,"$32,989.00 ",2000.00%,"$131,956.00","$114,985.09","$16,970.91",Debit Card,August,8,2025,87.14%,,,,
12870,4/12/2025,1465.00,Customer 371,Bengaluru,Karnataka,264.00,Laptop,Electronics,7.00,"$29,285.00 ",0.00%,"$204,995.00","$139,638.99","$65,356.01",Cash,April,4,2025,68.12%,,,,
12871,5/13/2025,1353.00,Customer 433,Hyderabad,Telangana,282.00,Paper,Office,1.00,"$26,902.00 ",2000.00%,"$21,521.60","$13,647.92","$7,873.68",UPI,May,5,2025,63.41%,,,,
12872,6/1/2025,1440.00,Customer 483,Mumbai,Maharashtra,291.00,Notebook,Office,8.00,"$42,525.00 ",0.00%,"$340,200.00","$292,133.25","$48,066.75",Debit Card,June,6,2025,85.87%,,,,
12873,12/1/2026,1173.00,Customer 124,Mumbai,Maharashtra,296.00,Desk,Furniture,7.00,"$49,889.00 ",0.00%,"$349,223.00","$309,901.91","$39,321.09",UPI,December,12,2026,88.74%,,,,
12874,6/2/2025,1381.00,Customer 492,Bengaluru,Karnataka,294.00,Pen,Office,6.00,"$21,582.00 ",2000.00%,"$103,593.60","$84,451.71","$19,141.89",UPI,June,6,2025,81.52%,,,,
12875,11/14/2026,1217.00,Customer 468,Chennai,Tamil Nadu,293.00,Notebook,Office,1.00,"$4,995.00 ",1500.00%,"$4,245.75","$3,383.95",$861.80,Debit Card,November,11,2026,79.70%,,,,
12876,6/16/2025,1335.00,Customer 487,Chennai,Tamil Nadu,269.00,Paper,Office,4.00,"$7,363.00 ",1500.00%,"$25,034.20","$17,965.53","$7,068.67",Cash,June,6,2025,71.76%,,,,
12877,4/19/2026,1166.00,Customer 315,Pune,Maharashtra,212.00,Monitor,Electronics,8.00,"$23,686.00 ",0.00%,"$189,488.00","$143,920.00","$45,568.00",Cash,April,4,2026,75.95%,,,,
12878,8/20/2025,1401.00,Customer 330,Delhi,Delhi,206.00,Chair,Furniture,8.00,"$6,247.00 ",0.00%,"$49,976.00","$35,045.95","$14,930.05",Debit Card,August,8,2025,70.13%,,,,
12879,6/15/2025,1260.00,Customer 221,Bengaluru,Karnataka,300.00,Notebook,Office,7.00,"$48,188.00 ",1500.00%,"$286,718.60","$194,506.80","$92,211.80",Cash,June,6,2025,67.84%,,,,
12880,3/10/2026,1132.00,Customer 411,Delhi,Delhi,256.00,Chair,Furniture,3.00,"$46,145.00 ",500.00%,"$131,513.25","$108,037.39","$23,475.86",UPI,March,3,2026,82.15%,,,,
12881,7/18/2025,1134.00,Customer 87,Chennai,Tamil Nadu,251.00,Desk,Furniture,8.00,"$40,713.00 ",2000.00%,"$260,563.20","$233,050.01","$27,513.19",Credit Card,July,7,2025,89.44%,,,,
12882,2/20/2026,1199.00,Customer 91,Hyderabad,Telangana,295.00,Table,Furniture,5.00,"$33,164.00 ",500.00%,"$157,529.00","$104,252.08","$53,276.92",UPI,February,2,2026,66.18%,,,,
12883,6/26/2025,1243.00,Customer 464,Bengaluru,Karnataka,293.00,Mouse,Electronics,8.00,"$44,753.00 ",0.00%,"$358,024.00","$226,475.02","$131,548.98",Credit Card,June,6,2025,63.26%,,,,
12884,5/18/2026,1339.00,Customer 177,Delhi,Delhi,259.00,Desk,Furniture,5.00,"$8,319.00 ",0.00%,"$41,595.00","$29,677.06","$11,917.94",Credit Card,May,5,2026,71.35%,,,,
12885,11/18/2025,1374.00,Customer 420,Chennai,Tamil Nadu,249.00,Pen,Office,5.00,"$29,125.00 ",1000.00%,"$131,062.50","$91,138.20","$39,924.30",UPI,November,11,2025,69.54%,,,,
12886,8/12/2025,1382.00,Customer 157,Bengaluru,Karnataka,263.00,Desk,Furniture,4.00,"$9,645.00 ",1000.00%,"$34,722.00","$27,295.70","$7,426.30",Credit Card,August,8,2025,78.61%,,,,
12887,9/12/2026,1179.00,Customer 405,Hyderabad,Telangana,236.00,Notebook,Office,5.00,"$23,509.00 ",0.00%,"$117,545.00","$102,063.03","$15,481.97",Cash,September,9,2026,86.83%,,,,
12888,8/16/2025,1136.00,Customer 461,Bengaluru,Karnataka,209.00,Table,Furniture,2.00,"$27,978.00 ",1000.00%,"$50,360.40","$41,871.52","$8,488.88",Credit Card,August,8,2025,83.14%,,,,
12889,9/25/2026,1454.00,Customer 364,Hyderabad,Telangana,255.00,Chair,Furniture,3.00,"$22,609.00 ",1000.00%,"$61,044.30","$46,093.06","$14,951.24",Credit Card,September,9,2026,75.51%,,,,
12890,9/10/2025,1431.00,Customer 250,Delhi,Delhi,241.00,Laptop,Electronics,7.00,"$46,172.00 ",500.00%,"$307,043.80","$255,040.15","$52,003.65",Credit Card,September,9,2025,83.06%,,,,
12891,5/26/2025,1142.00,Customer 268,Chennai,Tamil Nadu,237.00,Paper,Office,8.00,"$31,626.00 ",500.00%,"$240,357.60","$158,299.88","$82,057.72",UPI,May,5,2025,65.86%,,,,
12892,1/4/2025,1041.00,Customer 378,Mumbai,Maharashtra,250.00,Pen,Office,7.00,"$8,065.00 ",0.00%,"$56,455.00","$49,029.96","$7,425.04",Credit Card,January,1,2025,86.85%,,,,
12893,10/11/2026,1370.00,Customer 267,Bengaluru,Karnataka,259.00,Pen,Office,6.00,"$44,055.00 ",1500.00%,"$224,680.50","$137,526.24","$87,154.26",Credit Card,October,10,2026,61.21%,,,,
12894,2/23/2025,1099.00,Customer 215,Hyderabad,Telangana,273.00,Pen,Office,8.00,"$11,629.00 ",1500.00%,"$79,077.20","$62,020.92","$17,056.28",Debit Card,February,2,2025,78.43%,,,,
12895,10/28/2025,1413.00,Customer 163,Pune,Maharashtra,276.00,Notebook,Office,5.00,"$28,168.00 ",500.00%,"$133,798.00","$105,908.89","$27,889.11",UPI,October,10,2025,79.16%,,,,
12896,8/10/2025,1292.00,Customer 418,Bengaluru,Karnataka,221.00,Keyboard,Electronics,2.00,"$22,162.00 ",1500.00%,"$37,675.40","$27,584.42","$10,090.98",Cash,August,8,2025,73.22%,,,,
12897,3/26/2026,1407.00,Customer 254,Delhi,Delhi,257.00,Pen,Office,1.00,"$30,986.00 ",500.00%,"$29,436.70","$24,615.28","$4,821.42",Debit Card,March,3,2026,83.62%,,,,
12898,5/25/2025,1208.00,Customer 203,Mumbai,Maharashtra,201.00,Mouse,Electronics,3.00,"$47,320.00 ",1500.00%,"$120,666.00","$107,782.02","$12,883.98",UPI,May,5,2025,89.32%,,,,
12899,1/18/2025,1135.00,Customer 341,Hyderabad,Telangana,218.00,Notebook,Office,5.00,"$39,221.00 ",1500.00%,"$166,689.25","$114,974.91","$51,714.34",Cash,January,1,2025,68.98%,,,,
12900,6/11/2025,1493.00,Customer 126,Mumbai,Maharashtra,265.00,Paper,Office,1.00,"$27,119.00 ",2000.00%,"$21,695.20","$14,338.68","$7,356.52",Cash,June,6,2025,66.09%,,,,
12901,10/10/2025,1074.00,Customer 368,Delhi,Delhi,263.00,Mouse,Electronics,1.00,"$44,166.00 ",1000.00%,"$39,749.40","$25,358.62","$14,390.78",Debit Card,October,10,2025,63.80%,,,,
12902,8/29/2025,1486.00,Customer 421,Chennai,Tamil Nadu,274.00,Mouse,Electronics,6.00,"$24,432.00 ",1000.00%,"$131,932.80","$94,418.50","$37,514.30",Cash,August,8,2025,71.57%,,,,
12903,5/8/2026,1313.00,Customer 113,Bengaluru,Karnataka,258.00,Pen,Office,7.00,"$15,128.00 ",0.00%,"$105,896.00","$85,850.29","$20,045.71",Debit Card,May,5,2026,81.07%,,,,
12904,6/12/2026,1066.00,Customer 225,Bengaluru,Karnataka,281.00,Paper,Office,5.00,"$30,187.00 ",2000.00%,"$120,748.00","$103,646.05","$17,101.95",Debit Card,June,6,2026,85.84%,,,,
12905,2/7/2026,1051.00,Customer 117,Pune,Maharashtra,277.00,Mouse,Electronics,2.00,"$25,954.00 ",500.00%,"$49,312.60","$32,391.05","$16,921.55",Cash,February,2,2026,65.69%,,,,
12906,2/6/2026,1302.00,Customer 242,Delhi,Delhi,227.00,Laptop,Electronics,3.00,"$5,874.00 ",1500.00%,"$14,978.70","$12,955.54","$2,023.16",Debit Card,February,2,2026,86.49%,,,,
12907,9/12/2026,1372.00,Customer 61,Bengaluru,Karnataka,223.00,Paper,Office,8.00,"$12,997.00 ",0.00%,"$103,976.00","$75,399.41","$28,576.59",Cash,September,9,2026,72.52%,,,,
12908,5/2/2025,1299.00,Customer 422,Mumbai,Maharashtra,272.00,Desk,Furniture,7.00,"$23,280.00 ",1000.00%,"$146,664.00","$129,389.25","$17,274.75",Credit Card,May,5,2025,88.22%,,,,
12909,12/26/2025,1140.00,Customer 207,Bengaluru,Karnataka,268.00,Desk,Furniture,8.00,"$49,077.00 ",0.00%,"$392,616.00","$338,765.28","$53,850.72",Cash,December,12,2025,86.28%,,,,
12910,12/23/2025,1387.00,Customer 460,Pune,Maharashtra,292.00,Mouse,Electronics,4.00,"$49,380.00 ",1500.00%,"$167,892.00","$125,042.25","$42,849.75",Cash,December,12,2025,74.48%,,,,
12911,5/7/2025,1433.00,Customer 489,Hyderabad,Telangana,247.00,Pen,Office,1.00,"$10,490.00 ",2000.00%,"$8,392.00","$5,159.18","$3,232.82",Cash,May,5,2025,61.48%,,,,
12912,11/14/2026,1500.00,Customer 164,Pune,Maharashtra,286.00,Pen,Office,4.00,"$26,823.00 ",2000.00%,"$85,833.60","$52,408.92","$33,424.68",Credit Card,November,11,2026,61.06%,,,,
12913,12/20/2025,1049.00,Customer 446,Chennai,Tamil Nadu,236.00,Laptop,Electronics,7.00,"$6,113.00 ",1000.00%,"$38,511.90","$34,314.44","$4,197.46",Credit Card,December,12,2025,89.10%,,,,
12914,4/28/2025,1164.00,Customer 277,Mumbai,Maharashtra,227.00,Desk,Furniture,7.00,"$5,293.00 ",1500.00%,"$31,493.35","$18,968.02","$12,525.33",Credit Card,April,4,2025,60.23%,,,,
12915,2/8/2025,1011.00,Customer 11,Delhi,Delhi,227.00,Paper,Office,1.00,"$46,543.00 ",1500.00%,"$39,561.55","$31,581.88","$7,979.67",UPI,February,2,2025,79.83%,,,,
12916,2/7/2026,1248.00,Customer 222,Bengaluru,Karnataka,266.00,Notebook,Office,6.00,"$8,246.00 ",0.00%,"$49,476.00","$42,050.30","$7,425.70",Credit Card,February,2,2026,84.99%,,,,
12917,4/14/2025,1474.00,Customer 348,Hyderabad,Telangana,227.00,Monitor,Electronics,3.00,"$43,832.00 ",0.00%,"$131,496.00","$79,344.53","$52,151.47",Debit Card,April,4,2025,60.34%,,,,
12918,5/3/2025,1063.00,Customer 226,Pune,Maharashtra,248.00,Desk,Furniture,8.00,"$38,324.00 ",0.00%,"$306,592.00","$198,507.98","$108,084.02",Credit Card,May,5,2025,64.75%,,,,
12919,12/11/2026,1099.00,Customer 387,Hyderabad,Telangana,210.00,Paper,Office,1.00,"$10,770.00 ",1500.00%,"$9,154.50","$6,120.35","$3,034.15",UPI,December,12,2026,66.86%,,,,
12920,3/22/2026,1370.00,Customer 336,Mumbai,Maharashtra,288.00,Pen,Office,5.00,"$21,988.00 ",2000.00%,"$87,952.00","$70,623.48","$17,328.52",Cash,March,3,2026,80.30%,,,,
12921,2/20/2026,1274.00,Customer 372,Chennai,Tamil Nadu,256.00,Keyboard,Electronics,3.00,"$47,103.00 ",1000.00%,"$127,178.10","$102,139.93","$25,038.17",Cash,February,2,2026,80.31%,,,,
12922,5/22/2026,1170.00,Customer 384,Chennai,Tamil Nadu,279.00,Desk,Furniture,1.00,"$11,765.00 ",1500.00%,"$10,000.25","$7,105.09","$2,895.16",Cash,May,5,2026,71.05%,,,,
12923,12/19/2025,1423.00,Customer 205,Delhi,Delhi,271.00,Chair,Furniture,7.00,"$1,288.00 ",0.00%,"$9,016.00","$7,804.47","$1,211.53",Credit Card,December,12,2025,86.56%,,,,
12924,3/17/2026,1187.00,Customer 270,Pune,Maharashtra,255.00,Mouse,Electronics,4.00,"$37,517.00 ",500.00%,"$142,564.60","$121,534.17","$21,030.43",UPI,March,3,2026,85.25%,,,,
12925,5/17/2025,1154.00,Customer 461,Pune,Maharashtra,265.00,Desk,Furniture,7.00,"$35,224.00 ",500.00%,"$234,239.60","$188,342.27","$45,897.33",UPI,May,5,2025,80.41%,,,,
12926,3/27/2026,1201.00,Customer 90,Bengaluru,Karnataka,254.00,Desk,Furniture,2.00,"$39,133.00 ",2000.00%,"$62,612.80","$56,030.27","$6,582.53",Debit Card,March,3,2026,89.49%,,,,
12927,3/2/2026,1111.00,Customer 491,Delhi,Delhi,285.00,Desk,Furniture,7.00,"$14,021.00 ",0.00%,"$98,147.00","$75,735.30","$22,411.70",Cash,March,3,2026,77.17%,,,,
12928,9/29/2025,1166.00,Customer 265,Mumbai,Maharashtra,221.00,Mouse,Electronics,7.00,"$26,464.00 ",1500.00%,"$157,460.80","$141,694.59","$15,766.21",Debit Card,September,9,2025,89.99%,,,,
12929,9/8/2025,1137.00,Customer 45,Hyderabad,Telangana,221.00,Monitor,Electronics,7.00,"$23,326.00 ",500.00%,"$155,117.90","$112,156.29","$42,961.61",Debit Card,September,9,2025,72.30%,,,,
12930,1/3/2026,1153.00,Customer 354,Mumbai,Maharashtra,230.00,Pen,Office,6.00,"$16,540.00 ",500.00%,"$94,278.00","$70,263.99","$24,014.01",UPI,January,1,2026,74.53%,,,,
12931,5/17/2025,1410.00,Customer 355,Mumbai,Maharashtra,230.00,Monitor,Electronics,6.00,"$34,557.00 ",500.00%,"$196,974.90","$141,573.64","$55,401.26",Cash,May,5,2025,71.87%,,,,
12932,8/6/2026,1116.00,Customer 337,Hyderabad,Telangana,269.00,Notebook,Office,5.00,"$38,682.00 ",2000.00%,"$154,728.00","$96,169.93","$58,558.07",Credit Card,August,8,2026,62.15%,,,,
12933,8/18/2025,1464.00,Customer 445,Chennai,Tamil Nadu,253.00,Keyboard,Electronics,4.00,"$31,521.00 ",1500.00%,"$107,171.40","$67,666.03","$39,505.37",Credit Card,August,8,2025,63.14%,,,,
12934,1/23/2025,1068.00,Customer 312,Hyderabad,Telangana,240.00,Laptop,Electronics,1.00,"$3,429.00 ",0.00%,"$3,429.00","$2,662.16",$766.84,Debit Card,January,1,2025,77.64%,,,,
12935,4/4/2026,1315.00,Customer 442,Delhi,Delhi,224.00,Pen,Office,7.00,"$29,200.00 ",1000.00%,"$183,960.00","$145,477.39","$38,482.61",Credit Card,April,4,2026,79.08%,,,,
12936,10/19/2026,1217.00,Customer 48,Bengaluru,Karnataka,203.00,Paper,Office,8.00,"$45,042.00 ",500.00%,"$342,319.20","$236,900.91","$105,418.29",Cash,October,10,2026,69.20%,,,,
12937,7/21/2026,1174.00,Customer 248,Mumbai,Maharashtra,265.00,Pen,Office,2.00,"$48,891.00 ",0.00%,"$97,782.00","$62,995.77","$34,786.23",Debit Card,July,7,2026,64.42%,,,,
12938,5/28/2025,1449.00,Customer 416,Mumbai,Maharashtra,266.00,Chair,Furniture,4.00,"$26,204.00 ",2000.00%,"$83,852.80","$71,192.43","$12,660.37",Cash,May,5,2025,84.90%,,,,
12939,3/25/2025,1318.00,Customer 73,Delhi,Delhi,281.00,Mouse,Electronics,1.00,"$1,963.00 ",1500.00%,"$1,668.55","$1,275.21",$393.34,Cash,March,3,2025,76.43%,,,,
12940,6/7/2025,1306.00,Customer 64,Delhi,Delhi,266.00,Mouse,Electronics,1.00,"$7,720.00 ",2000.00%,"$6,176.00","$4,008.17","$2,167.83",Credit Card,June,6,2025,64.90%,,,,
12941,12/6/2026,1114.00,Customer 84,Delhi,Delhi,272.00,Mouse,Electronics,2.00,"$39,789.00 ",500.00%,"$75,599.10","$49,727.16","$25,871.94",UPI,December,12,2026,65.78%,,,,
12942,4/27/2026,1393.00,Customer 215,Mumbai,Maharashtra,220.00,Monitor,Electronics,6.00,"$45,665.00 ",1500.00%,"$232,891.50","$171,682.14","$61,209.36",Cash,April,4,2026,73.72%,,,,
12943,11/22/2026,1457.00,Customer 397,Pune,Maharashtra,273.00,Desk,Furniture,8.00,"$47,276.00 ",2000.00%,"$302,566.40","$234,007.43","$68,558.97",Credit Card,November,11,2026,77.34%,,,,
12944,8/17/2025,1218.00,Customer 265,Bengaluru,Karnataka,290.00,Desk,Furniture,2.00,"$39,626.00 ",500.00%,"$75,289.40","$51,423.02","$23,866.38",Debit Card,August,8,2025,68.30%,,,,
12945,6/30/2025,1257.00,Customer 226,Chennai,Tamil Nadu,274.00,Table,Furniture,5.00,"$20,396.00 ",500.00%,"$96,881.00","$62,809.29","$34,071.71",UPI,June,6,2025,64.83%,,,,
12946,2/2/2025,1278.00,Customer 397,Delhi,Delhi,203.00,Notebook,Office,5.00,"$17,916.00 ",500.00%,"$85,101.00","$65,756.24","$19,344.76",Debit Card,February,2,2025,77.27%,,,,
12947,8/22/2026,1171.00,Customer 448,Bengaluru,Karnataka,244.00,Chair,Furniture,2.00,"$6,209.00 ",0.00%,"$12,418.00","$8,718.63","$3,699.37",Cash,August,8,2026,70.21%,,,,
12948,10/14/2025,1436.00,Customer 275,Hyderabad,Telangana,297.00,Desk,Furniture,1.00,"$29,965.00 ",0.00%,"$29,965.00","$20,383.14","$9,581.86",Debit Card,October,10,2025,68.02%,,,,
12949,5/22/2025,1214.00,Customer 69,Pune,Maharashtra,218.00,Desk,Furniture,8.00,"$11,294.00 ",1000.00%,"$81,316.80","$60,585.00","$20,731.80",Credit Card,May,5,2025,74.50%,,,,
12950,3/11/2025,1288.00,Customer 24,Pune,Maharashtra,266.00,Laptop,Electronics,8.00,"$26,953.00 ",2000.00%,"$172,499.20","$147,670.49","$24,828.71",Credit Card,March,3,2025,85.61%,,,,
12951,12/1/2026,1430.00,Customer 48,Chennai,Tamil Nadu,209.00,Chair,Furniture,4.00,"$28,951.00 ",0.00%,"$115,804.00","$98,457.09","$17,346.91",UPI,December,12,2026,85.02%,,,,
12952,5/26/2025,1005.00,Customer 320,Delhi,Delhi,233.00,Paper,Office,2.00,"$2,157.00 ",0.00%,"$4,314.00","$3,113.38","$1,200.62",Debit Card,May,5,2025,72.17%,,,,
12953,10/27/2026,1394.00,Customer 134,Delhi,Delhi,226.00,Laptop,Electronics,8.00,"$19,332.00 ",1000.00%,"$139,190.40","$86,917.98","$52,272.42",UPI,October,10,2026,62.45%,,,,
12954,8/28/2026,1290.00,Customer 414,Bengaluru,Karnataka,263.00,Notebook,Office,6.00,"$30,741.00 ",0.00%,"$184,446.00","$148,733.35","$35,712.65",UPI,August,8,2026,80.64%,,,,
12955,10/19/2025,1078.00,Customer 456,Pune,Maharashtra,212.00,Monitor,Electronics,2.00,$510.00 ,500.00%,$969.00,$593.36,$375.64,Cash,October,10,2025,61.23%,,,,
12956,4/25/2026,1407.00,Customer 216,Pune,Maharashtra,209.00,Mouse,Electronics,3.00,"$43,775.00 ",500.00%,"$124,758.75","$87,151.42","$37,607.33",Cash,April,4,2026,69.86%,,,,
12957,10/16/2025,1456.00,Customer 242,Bengaluru,Karnataka,235.00,Pen,Office,5.00,"$16,835.00 ",1000.00%,"$75,757.50","$48,441.64","$27,315.86",Credit Card,October,10,2025,63.94%,,,,
12958,12/28/2026,1388.00,Customer 428,Pune,Maharashtra,240.00,Laptop,Electronics,3.00,"$46,120.00 ",1500.00%,"$117,606.00","$75,652.13","$41,953.87",Debit Card,December,12,2026,64.33%,,,,
12959,9/3/2026,1260.00,Customer 62,Chennai,Tamil Nadu,282.00,Paper,Office,7.00,"$43,991.00 ",2000.00%,"$246,349.60","$157,326.33","$89,023.27",Debit Card,September,9,2026,63.86%,,,,
12960,6/24/2025,1369.00,Customer 306,Hyderabad,Telangana,295.00,Chair,Furniture,4.00,"$5,994.00 ",1500.00%,"$20,379.60","$18,058.90","$2,320.70",Debit Card,June,6,2025,88.61%,,,,
12961,10/8/2025,1060.00,Customer 106,Chennai,Tamil Nadu,250.00,Chair,Furniture,1.00,"$7,242.00 ",2000.00%,"$5,793.60","$4,479.38","$1,314.22",Credit Card,October,10,2025,77.32%,,,,
12962,1/21/2025,1089.00,Customer 190,Bengaluru,Karnataka,222.00,Desk,Furniture,2.00,"$25,506.00 ",500.00%,"$48,461.40","$42,184.97","$6,276.43",Credit Card,January,1,2025,87.05%,,,,
12963,1/16/2026,1272.00,Customer 347,Bengaluru,Karnataka,219.00,Table,Furniture,3.00,"$43,318.00 ",500.00%,"$123,456.30","$94,336.14","$29,120.16",UPI,January,1,2026,76.41%,,,,
12964,1/8/2026,1365.00,Customer 251,Mumbai,Maharashtra,258.00,Pen,Office,5.00,"$22,778.00 ",0.00%,"$113,890.00","$76,411.08","$37,478.92",Debit Card,January,1,2026,67.09%,,,,
12965,9/6/2025,1244.00,Customer 427,Chennai,Tamil Nadu,296.00,Table,Furniture,2.00,"$48,807.00 ",2000.00%,"$78,091.20","$55,178.97","$22,912.23",Debit Card,September,9,2025,70.66%,,,,
12966,1/3/2026,1135.00,Customer 435,Hyderabad,Telangana,265.00,Desk,Furniture,4.00,"$5,956.00 ",0.00%,"$23,824.00","$16,337.90","$7,486.10",UPI,January,1,2026,68.58%,,,,
12967,10/15/2026,1460.00,Customer 90,Chennai,Tamil Nadu,246.00,Chair,Furniture,5.00,"$48,932.00 ",500.00%,"$232,427.00","$199,094.32","$33,332.68",Debit Card,October,10,2026,85.66%,,,,
12968,10/12/2025,1058.00,Customer 467,Bengaluru,Karnataka,249.00,Paper,Office,2.00,"$42,374.00 ",1000.00%,"$76,273.20","$66,118.29","$10,154.91",UPI,October,10,2025,86.69%,,,,
12969,3/12/2026,1466.00,Customer 459,Pune,Maharashtra,238.00,Table,Furniture,1.00,"$44,217.00 ",2000.00%,"$35,373.60","$23,032.33","$12,341.27",Cash,March,3,2026,65.11%,,,,
12970,5/30/2025,1367.00,Customer 485,Mumbai,Maharashtra,238.00,Desk,Furniture,4.00,"$8,543.00 ",2000.00%,"$27,337.60","$23,978.11","$3,359.49",Credit Card,May,5,2025,87.71%,,,,
12971,6/28/2025,1092.00,Customer 167,Bengaluru,Karnataka,260.00,Keyboard,Electronics,2.00,"$42,843.00 ",500.00%,"$81,401.70","$50,678.42","$30,723.28",Debit Card,June,6,2025,62.26%,,,,
12972,7/1/2025,1270.00,Customer 159,Bengaluru,Karnataka,291.00,Pen,Office,7.00,"$31,271.00 ",1500.00%,"$186,062.45","$114,707.53","$71,354.92",Cash,July,7,2025,61.65%,,,,
12973,1/10/2025,1065.00,Customer 375,Bengaluru,Karnataka,243.00,Table,Furniture,3.00,"$8,231.00 ",500.00%,"$23,458.35","$19,569.35","$3,889.00",UPI,January,1,2025,83.42%,,,,
12974,3/12/2025,1191.00,Customer 171,Bengaluru,Karnataka,235.00,Paper,Office,3.00,"$5,824.00 ",1000.00%,"$15,724.80","$13,046.23","$2,678.57",UPI,March,3,2025,82.97%,,,,
12975,11/16/2026,1419.00,Customer 230,Pune,Maharashtra,249.00,Desk,Furniture,5.00,"$5,949.00 ",0.00%,"$29,745.00","$20,334.45","$9,410.55",Credit Card,November,11,2026,68.36%,,,,
12976,9/24/2026,1278.00,Customer 170,Chennai,Tamil Nadu,225.00,Monitor,Electronics,6.00,"$6,446.00 ",0.00%,"$38,676.00","$32,120.30","$6,555.70",Debit Card,September,9,2026,83.05%,,,,
12977,8/31/2025,1468.00,Customer 277,Bengaluru,Karnataka,213.00,Keyboard,Electronics,3.00,"$5,650.00 ",500.00%,"$16,102.50","$14,372.95","$1,729.55",Debit Card,August,8,2025,89.26%,,,,
12978,4/6/2025,1118.00,Customer 149,Chennai,Tamil Nadu,218.00,Chair,Furniture,4.00,"$1,325.00 ",0.00%,"$5,300.00","$3,708.58","$1,591.42",Cash,April,4,2025,69.97%,,,,
12979,11/30/2025,1411.00,Customer 125,Chennai,Tamil Nadu,226.00,Table,Furniture,7.00,"$27,759.00 ",1500.00%,"$165,166.05","$104,446.77","$60,719.28",Cash,November,11,2025,63.24%,,,,
12980,3/9/2025,1487.00,Customer 141,Hyderabad,Telangana,232.00,Paper,Office,2.00,"$45,866.00 ",2000.00%,"$73,385.60","$63,945.15","$9,440.45",Cash,March,3,2025,87.14%,,,,
12981,5/20/2026,1255.00,Customer 85,Hyderabad,Telangana,269.00,Mouse,Electronics,1.00,"$32,503.00 ",500.00%,"$30,877.85","$25,333.88","$5,543.97",Credit Card,May,5,2026,82.05%,,,,
12982,3/27/2025,1477.00,Customer 416,Pune,Maharashtra,253.00,Pen,Office,8.00,$876.00 ,1000.00%,"$6,307.20","$5,238.79","$1,068.41",Debit Card,March,3,2025,83.06%,,,,
12983,1/19/2025,1096.00,Customer 45,Delhi,Delhi,247.00,Desk,Furniture,1.00,"$16,143.00 ",1000.00%,"$14,528.70","$11,177.36","$3,351.34",Debit Card,January,1,2025,76.93%,,,,
12984,11/7/2026,1418.00,Customer 497,Hyderabad,Telangana,224.00,Monitor,Electronics,5.00,"$1,637.00 ",1000.00%,"$7,366.50","$4,604.14","$2,762.36",Cash,November,11,2026,62.50%,,,,
12985,10/11/2026,1040.00,Customer 191,Delhi,Delhi,235.00,Notebook,Office,1.00,"$5,217.00 ",2000.00%,"$4,173.60","$2,604.40","$1,569.20",Cash,October,10,2026,62.40%,,,,
12986,7/25/2026,1259.00,Customer 81,Bengaluru,Karnataka,262.00,Chair,Furniture,1.00,"$47,869.00 ",0.00%,"$47,869.00","$33,058.94","$14,810.06",Credit Card,July,7,2026,69.06%,,,,
12987,1/23/2025,1251.00,Customer 181,Pune,Maharashtra,206.00,Table,Furniture,7.00,"$18,395.00 ",1000.00%,"$115,888.50","$71,712.72","$44,175.78",Debit Card,January,1,2025,61.88%,,,,
12988,11/29/2026,1297.00,Customer 225,Pune,Maharashtra,245.00,Paper,Office,8.00,"$34,177.00 ",0.00%,"$273,416.00","$197,034.25","$76,381.75",Debit Card,November,11,2026,72.06%,,,,
12989,1/6/2026,1459.00,Customer 57,Pune,Maharashtra,202.00,Keyboard,Electronics,4.00,"$35,925.00 ",1500.00%,"$122,145.00","$87,261.35","$34,883.65",Credit Card,January,1,2026,71.44%,,,,
12990,9/13/2026,1264.00,Customer 200,Delhi,Delhi,249.00,Chair,Furniture,7.00,"$42,844.00 ",500.00%,"$284,912.60","$206,654.43","$78,258.17",UPI,September,9,2026,72.53%,,,,
12991,3/29/2026,1207.00,Customer 415,Pune,Maharashtra,267.00,Notebook,Office,1.00,"$38,904.00 ",500.00%,"$36,958.80","$31,152.23","$5,806.57",Debit Card,March,3,2026,84.29%,,,,
12992,2/2/2026,1329.00,Customer 368,Chennai,Tamil Nadu,269.00,Keyboard,Electronics,1.00,"$33,159.00 ",0.00%,"$33,159.00","$22,706.37","$10,452.63",Credit Card,February,2,2026,68.48%,,,,
12993,2/9/2026,1055.00,Customer 16,Pune,Maharashtra,252.00,Laptop,Electronics,1.00,"$6,166.00 ",0.00%,"$6,166.00","$5,507.42",$658.58,Cash,February,2,2026,89.32%,,,,
12994,9/13/2025,1247.00,Customer 60,Pune,Maharashtra,250.00,Monitor,Electronics,3.00,"$10,470.00 ",1500.00%,"$26,698.50","$23,799.12","$2,899.38",Credit Card,September,9,2025,89.14%,,,,
12995,1/10/2025,1020.00,Customer 177,Chennai,Tamil Nadu,286.00,Notebook,Office,5.00,"$24,128.00 ",2000.00%,"$96,512.00","$74,431.43","$22,080.57",Credit Card,January,1,2025,77.12%,,,,
12996,1/10/2026,1334.00,Customer 137,Delhi,Delhi,267.00,Desk,Furniture,2.00,"$43,489.00 ",1000.00%,"$78,280.20","$57,095.01","$21,185.19",Cash,January,1,2026,72.94%,,,,
12997,1/21/2025,1274.00,Customer 82,Chennai,Tamil Nadu,223.00,Chair,Furniture,4.00,"$15,256.00 ",1000.00%,"$54,921.60","$43,394.53","$11,527.07",Credit Card,January,1,2025,79.01%,,,,
12998,8/21/2026,1136.00,Customer 130,Delhi,Delhi,255.00,Desk,Furniture,4.00,"$1,495.00 ",500.00%,"$5,681.00","$4,405.40","$1,275.60",Credit Card,August,8,2026,77.55%,,,,
12999,3/11/2026,1281.00,Customer 104,Delhi,Delhi,238.00,Laptop,Electronics,1.00,"$18,076.00 ",2000.00%,"$14,460.80","$9,750.43","$4,710.37",Credit Card,March,3,2026,67.43%,,,,
13000,10/8/2026,1284.00,Customer 162,Pune,Maharashtra,232.00,Notebook,Office,2.00,"$14,113.00 ",1500.00%,"$23,992.10","$16,164.59","$7,827.51",Cash,October,10,2026,67.37%,,,,
13001,7/2/2026,1096.00,Customer 21,Pune,Maharashtra,232.00,Monitor,Electronics,8.00,"$26,605.00 ",0.00%,"$212,840.00","$139,918.85","$72,921.15",UPI,July,7,2026,65.74%,,,,
13002,1/16/2026,1045.00,Customer 462,Bengaluru,Karnataka,223.00,Mouse,Electronics,6.00,"$39,815.00 ",1000.00%,"$215,001.00","$180,875.33","$34,125.67",Cash,January,1,2026,84.13%,,,,
13003,4/7/2025,1476.00,Customer 193,Bengaluru,Karnataka,238.00,Notebook,Office,8.00,"$8,727.00 ",500.00%,"$66,325.20","$45,287.47","$21,037.73",UPI,April,4,2025,68.28%,,,,
13004,4/16/2026,1442.00,Customer 213,Bengaluru,Karnataka,258.00,Paper,Office,4.00,"$29,912.00 ",500.00%,"$113,665.60","$90,114.95","$23,550.65",Debit Card,April,4,2026,79.28%,,,,
13005,5/14/2025,1112.00,Customer 353,Delhi,Delhi,226.00,Paper,Office,1.00,"$48,854.00 ",2000.00%,"$39,083.20","$34,604.74","$4,478.46",Debit Card,May,5,2025,88.54%,,,,
13006,10/3/2026,1409.00,Customer 99,Delhi,Delhi,202.00,Chair,Furniture,1.00,"$37,202.00 ",0.00%,"$37,202.00","$27,164.31","$10,037.69",Debit Card,October,10,2026,73.02%,,,,
13007,5/27/2025,1263.00,Customer 443,Hyderabad,Telangana,209.00,Monitor,Electronics,2.00,"$40,400.00 ",2000.00%,"$64,640.00","$55,361.64","$9,278.36",Cash,May,5,2025,85.65%,,,,
13008,3/29/2025,1069.00,Customer 174,Delhi,Delhi,234.00,Monitor,Electronics,1.00,"$5,585.00 ",1000.00%,"$5,026.50","$3,027.95","$1,998.55",Debit Card,March,3,2025,60.24%,,,,
13009,10/3/2026,1406.00,Customer 464,Delhi,Delhi,281.00,Monitor,Electronics,1.00,"$12,604.00 ",0.00%,"$12,604.00","$9,846.07","$2,757.93",Cash,October,10,2026,78.12%,,,,
13010,12/27/2025,1465.00,Customer 277,Mumbai,Maharashtra,224.00,Pen,Office,6.00,"$41,380.00 ",0.00%,"$248,280.00","$173,966.98","$74,313.02",Credit Card,December,12,2025,70.07%,,,,
13011,7/9/2025,1223.00,Customer 68,Bengaluru,Karnataka,270.00,Laptop,Electronics,4.00,"$21,435.00 ",500.00%,"$81,453.00","$59,255.02","$22,197.98",Cash,July,7,2025,72.75%,,,,
13012,2/17/2026,1171.00,Customer 381,Chennai,Tamil Nadu,255.00,Pen,Office,7.00,"$17,976.00 ",0.00%,"$125,832.00","$84,451.79","$41,380.21",Credit Card,February,2,2026,67.11%,,,,
13013,9/24/2026,1361.00,Customer 108,Delhi,Delhi,299.00,Monitor,Electronics,4.00,"$37,748.00 ",1500.00%,"$128,343.20","$83,420.84","$44,922.36",UPI,September,9,2026,65.00%,,,,
13014,8/29/2025,1158.00,Customer 179,Chennai,Tamil Nadu,218.00,Mouse,Electronics,1.00,"$28,241.00 ",2000.00%,"$22,592.80","$14,916.95","$7,675.85",Credit Card,August,8,2025,66.03%,,,,
13015,4/10/2025,1489.00,Customer 205,Hyderabad,Telangana,207.00,Monitor,Electronics,2.00,"$15,971.00 ",1500.00%,"$27,150.70","$19,813.15","$7,337.55",Debit Card,April,4,2025,72.97%,,,,
13016,11/16/2025,1212.00,Customer 221,Bengaluru,Karnataka,292.00,Keyboard,Electronics,2.00,"$22,319.00 ",1500.00%,"$37,942.30","$28,724.61","$9,217.69",Cash,November,11,2025,75.71%,,,,
13017,9/15/2026,1494.00,Customer 445,Delhi,Delhi,207.00,Laptop,Electronics,1.00,"$21,308.00 ",0.00%,"$21,308.00","$15,588.94","$5,719.06",Credit Card,September,9,2026,73.16%,,,,
13018,9/23/2026,1469.00,Customer 68,Delhi,Delhi,208.00,Pen,Office,5.00,"$7,913.00 ",1000.00%,"$35,608.50","$24,522.42","$11,086.08",Cash,September,9,2026,68.87%,,,,
13019,6/10/2026,1199.00,Customer 346,Delhi,Delhi,266.00,Paper,Office,5.00,"$4,584.00 ",500.00%,"$21,774.00","$15,176.95","$6,597.05",Credit Card,June,6,2026,69.70%,,,,
13020,8/31/2025,1005.00,Customer 141,Hyderabad,Telangana,290.00,Keyboard,Electronics,5.00,"$7,281.00 ",1500.00%,"$30,944.25","$18,619.29","$12,324.96",Debit Card,August,8,2025,60.17%,,,,
13021,3/22/2026,1277.00,Customer 26,Delhi,Delhi,278.00,Pen,Office,8.00,"$14,187.00 ",1000.00%,"$102,146.40","$89,837.65","$12,308.75",UPI,March,3,2026,87.95%,,,,
13022,9/8/2025,1129.00,Customer 430,Bengaluru,Karnataka,289.00,Chair,Furniture,1.00,"$27,694.00 ",0.00%,"$27,694.00","$19,929.51","$7,764.49",Debit Card,September,9,2025,71.96%,,,,
13023,5/9/2025,1347.00,Customer 412,Pune,Maharashtra,237.00,Notebook,Office,5.00,"$8,034.00 ",1500.00%,"$34,144.50","$20,970.07","$13,174.43",Cash,May,5,2025,61.42%,,,,
13024,1/26/2025,1448.00,Customer 282,Chennai,Tamil Nadu,291.00,Monitor,Electronics,1.00,"$5,074.00 ",1500.00%,"$4,312.90","$3,608.24",$704.66,UPI,January,1,2025,83.66%,,,,
13025,5/21/2025,1062.00,Customer 58,Delhi,Delhi,208.00,Chair,Furniture,7.00,"$7,493.00 ",1500.00%,"$44,583.35","$38,707.24","$5,876.11",Credit Card,May,5,2025,86.82%,,,,
13026,4/25/2025,1342.00,Customer 161,Mumbai,Maharashtra,221.00,Mouse,Electronics,3.00,"$14,544.00 ",1500.00%,"$37,087.20","$32,445.17","$4,642.03",Credit Card,April,4,2025,87.48%,,,,
13027,7/12/2026,1457.00,Customer 322,Delhi,Delhi,294.00,Desk,Furniture,7.00,"$37,101.00 ",500.00%,"$246,721.65","$149,462.09","$97,259.56",Credit Card,July,7,2026,60.58%,,,,
13028,7/16/2026,1149.00,Customer 213,Delhi,Delhi,213.00,Paper,Office,5.00,"$16,902.00 ",500.00%,"$80,284.50","$67,548.36","$12,736.14",Debit Card,July,7,2026,84.14%,,,,
13029,4/6/2026,1318.00,Customer 139,Pune,Maharashtra,211.00,Mouse,Electronics,7.00,"$2,456.00 ",500.00%,"$16,332.40","$11,338.93","$4,993.47",Cash,April,4,2026,69.43%,,,,
13030,1/30/2026,1214.00,Customer 282,Pune,Maharashtra,229.00,Chair,Furniture,5.00,"$21,050.00 ",0.00%,"$105,250.00","$65,240.84","$40,009.16",Credit Card,January,1,2026,61.99%,,,,
13031,4/20/2026,1050.00,Customer 324,Delhi,Delhi,257.00,Paper,Office,3.00,$868.00 ,0.00%,"$2,604.00","$2,037.34",$566.66,Debit Card,April,4,2026,78.24%,,,,
13032,8/18/2026,1262.00,Customer 167,Pune,Maharashtra,238.00,Notebook,Office,6.00,"$42,694.00 ",500.00%,"$243,355.80","$207,671.52","$35,684.28",UPI,August,8,2026,85.34%,,,,
13033,2/23/2026,1037.00,Customer 103,Mumbai,Maharashtra,216.00,Mouse,Electronics,5.00,"$6,606.00 ",1000.00%,"$29,727.00","$24,944.10","$4,782.90",UPI,February,2,2026,83.91%,,,,
13034,7/23/2026,1307.00,Customer 236,Mumbai,Maharashtra,243.00,Paper,Office,3.00,"$10,062.00 ",500.00%,"$28,676.70","$17,472.53","$11,204.17",Cash,July,7,2026,60.93%,,,,
13035,8/14/2025,1353.00,Customer 31,Hyderabad,Telangana,207.00,Monitor,Electronics,6.00,"$47,502.00 ",0.00%,"$285,012.00","$255,949.65","$29,062.35",Credit Card,August,8,2025,89.80%,,,,
13036,1/11/2026,1186.00,Customer 393,Pune,Maharashtra,272.00,Monitor,Electronics,3.00,"$19,883.00 ",500.00%,"$56,666.55","$47,449.38","$9,217.17",Cash,January,1,2026,83.73%,,,,
13037,7/1/2026,1425.00,Customer 467,Delhi,Delhi,226.00,Laptop,Electronics,5.00,"$44,541.00 ",1000.00%,"$200,434.50","$127,391.29","$73,043.21",Credit Card,July,7,2026,63.56%,,,,
13038,5/6/2026,1169.00,Customer 147,Mumbai,Maharashtra,201.00,Desk,Furniture,2.00,"$1,288.00 ",1500.00%,"$2,189.60","$1,432.62",$756.98,Credit Card,May,5,2026,65.43%,,,,
13039,6/7/2025,1053.00,Customer 491,Delhi,Delhi,249.00,Paper,Office,6.00,"$46,968.00 ",2000.00%,"$225,446.40","$137,438.51","$88,007.89",UPI,June,6,2025,60.96%,,,,
13040,2/27/2026,1386.00,Customer 258,Mumbai,Maharashtra,259.00,Pen,Office,3.00,"$24,817.00 ",1500.00%,"$63,283.35","$51,638.49","$11,644.86",UPI,February,2,2026,81.60%,,,,
13041,8/20/2026,1440.00,Customer 75,Delhi,Delhi,277.00,Notebook,Office,6.00,"$36,620.00 ",1500.00%,"$186,762.00","$156,698.64","$30,063.36",UPI,August,8,2026,83.90%,,,,
13042,12/1/2026,1432.00,Customer 74,Bengaluru,Karnataka,204.00,Table,Furniture,5.00,"$23,269.00 ",500.00%,"$110,527.75","$82,008.65","$28,519.10",Debit Card,December,12,2026,74.20%,,,,
13043,1/29/2026,1443.00,Customer 221,Chennai,Tamil Nadu,268.00,Keyboard,Electronics,7.00,"$7,163.00 ",2000.00%,"$40,112.80","$26,877.85","$13,234.95",Cash,January,1,2026,67.01%,,,,
13044,7/15/2025,1400.00,Customer 218,Chennai,Tamil Nadu,257.00,Mouse,Electronics,2.00,"$33,445.00 ",1500.00%,"$56,856.50","$37,914.24","$18,942.26",Debit Card,July,7,2025,66.68%,,,,
13045,5/5/2025,1231.00,Customer 146,Pune,Maharashtra,269.00,Laptop,Electronics,4.00,"$3,079.00 ",1000.00%,"$11,084.40","$9,915.69","$1,168.71",UPI,May,5,2025,89.46%,,,,
13046,6/9/2025,1247.00,Customer 58,Bengaluru,Karnataka,293.00,Keyboard,Electronics,5.00,"$24,086.00 ",1000.00%,"$108,387.00","$84,719.11","$23,667.89",Cash,June,6,2025,78.16%,,,,
13047,7/27/2026,1270.00,Customer 52,Hyderabad,Telangana,242.00,Pen,Office,6.00,"$9,478.00 ",1000.00%,"$51,181.20","$45,391.37","$5,789.83",Debit Card,July,7,2026,88.69%,,,,
13048,1/10/2025,1127.00,Customer 283,Chennai,Tamil Nadu,218.00,Monitor,Electronics,7.00,"$18,602.00 ",1500.00%,"$110,681.90","$81,514.63","$29,167.27",Cash,January,1,2025,73.65%,,,,
13049,9/3/2026,1486.00,Customer 453,Delhi,Delhi,205.00,Table,Furniture,2.00,"$34,905.00 ",500.00%,"$66,319.50","$57,640.02","$8,679.48",UPI,September,9,2026,86.91%,,,,
13050,3/27/2025,1383.00,Customer 386,Pune,Maharashtra,295.00,Chair,Furniture,4.00,"$17,705.00 ",0.00%,"$70,820.00","$43,498.24","$27,321.76",UPI,March,3,2025,61.42%,,,,
13051,5/5/2026,1208.00,Customer 485,Mumbai,Maharashtra,234.00,Chair,Furniture,1.00,"$5,634.00 ",2000.00%,"$4,507.20","$3,783.68",$723.52,Cash,May,5,2026,83.95%,,,,
13052,5/8/2025,1127.00,Customer 211,Mumbai,Maharashtra,239.00,Chair,Furniture,8.00,"$9,259.00 ",1500.00%,"$62,961.20","$50,990.00","$11,971.20",Cash,May,5,2025,80.99%,,,,
13053,10/29/2025,1440.00,Customer 137,Delhi,Delhi,260.00,Pen,Office,8.00,"$6,382.00 ",500.00%,"$48,503.20","$35,528.89","$12,974.31",Debit Card,October,10,2025,73.25%,,,,
13054,9/15/2025,1176.00,Customer 418,Pune,Maharashtra,254.00,Desk,Furniture,1.00,"$27,388.00 ",2000.00%,"$21,910.40","$17,642.18","$4,268.22",Debit Card,September,9,2025,80.52%,,,,
13055,1/3/2026,1095.00,Customer 194,Delhi,Delhi,270.00,Keyboard,Electronics,2.00,"$3,344.00 ",1000.00%,"$6,019.20","$5,254.70",$764.50,UPI,January,1,2026,87.30%,,,,
13056,11/21/2025,1102.00,Customer 45,Chennai,Tamil Nadu,295.00,Desk,Furniture,8.00,"$47,527.00 ",1000.00%,"$342,194.40","$281,977.74","$60,216.66",Cash,November,11,2025,82.40%,,,,
13057,2/17/2025,1162.00,Customer 64,Hyderabad,Telangana,223.00,Paper,Office,8.00,"$11,737.00 ",0.00%,"$93,896.00","$66,850.68","$27,045.32",Cash,February,2,2025,71.20%,,,,
13058,1/5/2026,1065.00,Customer 106,Delhi,Delhi,257.00,Keyboard,Electronics,5.00,"$47,378.00 ",500.00%,"$225,045.50","$181,923.08","$43,122.42",Credit Card,January,1,2026,80.84%,,,,
13059,7/1/2026,1045.00,Customer 134,Hyderabad,Telangana,284.00,Keyboard,Electronics,3.00,"$42,130.00 ",2000.00%,"$101,112.00","$72,395.77","$28,716.23",Cash,July,7,2026,71.60%,,,,
13060,8/3/2025,1112.00,Customer 327,Bengaluru,Karnataka,205.00,Notebook,Office,8.00,"$32,840.00 ",1000.00%,"$236,448.00","$165,645.08","$70,802.92",Debit Card,August,8,2025,70.06%,,,,
13061,11/9/2026,1041.00,Customer 343,Mumbai,Maharashtra,257.00,Keyboard,Electronics,5.00,"$42,926.00 ",1000.00%,"$193,167.00","$153,392.73","$39,774.27",Cash,November,11,2026,79.41%,,,,
13062,12/2/2025,1153.00,Customer 197,Pune,Maharashtra,226.00,Desk,Furniture,4.00,"$27,096.00 ",2000.00%,"$86,707.20","$65,314.59","$21,392.61",Credit Card,December,12,2025,75.33%,,,,
13063,3/22/2026,1167.00,Customer 463,Bengaluru,Karnataka,253.00,Paper,Office,1.00,"$36,774.00 ",0.00%,"$36,774.00","$25,409.55","$11,364.45",UPI,March,3,2026,69.10%,,,,
13064,12/28/2026,1092.00,Customer 193,Mumbai,Maharashtra,206.00,Paper,Office,6.00,"$2,469.00 ",1000.00%,"$13,332.60","$8,773.52","$4,559.08",UPI,December,12,2026,65.81%,,,,
13065,3/29/2026,1392.00,Customer 321,Hyderabad,Telangana,294.00,Table,Furniture,4.00,"$43,406.00 ",1000.00%,"$156,261.60","$123,870.42","$32,391.18",Credit Card,March,3,2026,79.27%,,,,
13066,6/5/2026,1091.00,Customer 397,Pune,Maharashtra,231.00,Paper,Office,2.00,"$39,853.00 ",2000.00%,"$63,764.80","$41,373.93","$22,390.87",UPI,June,6,2026,64.89%,,,,
13067,10/17/2026,1467.00,Customer 49,Hyderabad,Telangana,269.00,Laptop,Electronics,5.00,"$17,930.00 ",1500.00%,"$76,202.50","$48,865.38","$27,337.12",UPI,October,10,2026,64.13%,,,,
13068,6/17/2025,1390.00,Customer 28,Pune,Maharashtra,240.00,Keyboard,Electronics,5.00,"$9,667.00 ",0.00%,"$48,335.00","$31,742.33","$16,592.67",Cash,June,6,2025,65.67%,,,,
13069,12/26/2025,1042.00,Customer 482,Bengaluru,Karnataka,273.00,Laptop,Electronics,2.00,$525.00 ,2000.00%,$840.00,$662.26,$177.74,UPI,December,12,2025,78.84%,,,,
13070,4/23/2025,1010.00,Customer 473,Pune,Maharashtra,270.00,Mouse,Electronics,4.00,"$20,465.00 ",2000.00%,"$65,488.00","$55,303.74","$10,184.26",Credit Card,April,4,2025,84.45%,,,,
13071,12/18/2026,1447.00,Customer 426,Mumbai,Maharashtra,286.00,Chair,Furniture,5.00,"$43,127.00 ",500.00%,"$204,853.25","$143,827.07","$61,026.18",Credit Card,December,12,2026,70.21%,,,,
13072,1/30/2025,1138.00,Customer 414,Hyderabad,Telangana,205.00,Mouse,Electronics,7.00,"$38,924.00 ",0.00%,"$272,468.00","$204,793.41","$67,674.59",Cash,January,1,2025,75.16%,,,,
13073,5/13/2025,1182.00,Customer 470,Bengaluru,Karnataka,287.00,Laptop,Electronics,7.00,"$20,496.00 ",1500.00%,"$121,951.20","$79,076.84","$42,874.36",Debit Card,May,5,2025,64.84%,,,,
13074,11/23/2025,1211.00,Customer 70,Pune,Maharashtra,287.00,Pen,Office,4.00,"$22,587.00 ",1000.00%,"$81,313.20","$51,393.83","$29,919.37",UPI,November,11,2025,63.20%,,,,
13075,10/18/2025,1234.00,Customer 98,Chennai,Tamil Nadu,253.00,Desk,Furniture,5.00,"$13,986.00 ",1500.00%,"$59,440.50","$36,093.10","$23,347.40",Cash,October,10,2025,60.72%,,,,
13076,4/14/2025,1216.00,Customer 81,Delhi,Delhi,252.00,Monitor,Electronics,2.00,"$11,423.00 ",500.00%,"$21,703.70","$17,338.08","$4,365.62",Debit Card,April,4,2025,79.89%,,,,
13077,7/15/2026,1432.00,Customer 49,Mumbai,Maharashtra,222.00,Paper,Office,7.00,"$14,548.00 ",1500.00%,"$86,560.60","$66,720.40","$19,840.20",Credit Card,July,7,2026,77.08%,,,,
13078,8/2/2026,1456.00,Customer 72,Mumbai,Maharashtra,225.00,Pen,Office,1.00,"$10,595.00 ",500.00%,"$10,065.25","$6,213.03","$3,852.22",Cash,August,8,2026,61.73%,,,,
13079,3/15/2025,1055.00,Customer 287,Pune,Maharashtra,232.00,Paper,Office,7.00,"$20,234.00 ",500.00%,"$134,556.10","$83,936.45","$50,619.65",Credit Card,March,3,2025,62.38%,,,,
13080,7/9/2025,1149.00,Customer 63,Hyderabad,Telangana,250.00,Mouse,Electronics,5.00,"$4,895.00 ",500.00%,"$23,251.25","$15,105.57","$8,145.68",Debit Card,July,7,2025,64.97%,,,,
13081,1/12/2026,1175.00,Customer 144,Hyderabad,Telangana,229.00,Desk,Furniture,8.00,"$28,615.00 ",2000.00%,"$183,136.00","$119,419.19","$63,716.81",Debit Card,January,1,2026,65.21%,,,,
13082,10/5/2025,1468.00,Customer 92,Hyderabad,Telangana,231.00,Keyboard,Electronics,4.00,"$33,134.00 ",0.00%,"$132,536.00","$93,509.42","$39,026.58",UPI,October,10,2025,70.55%,,,,
13083,6/21/2025,1174.00,Customer 173,Delhi,Delhi,201.00,Paper,Office,8.00,"$42,612.00 ",1000.00%,"$306,806.40","$245,600.07","$61,206.33",Cash,June,6,2025,80.05%,,,,
13084,9/7/2026,1236.00,Customer 382,Hyderabad,Telangana,274.00,Pen,Office,4.00,"$29,353.00 ",500.00%,"$111,541.40","$81,469.85","$30,071.55",Debit Card,September,9,2026,73.04%,,,,
13085,12/28/2026,1047.00,Customer 328,Mumbai,Maharashtra,298.00,Chair,Furniture,5.00,"$36,745.00 ",2000.00%,"$146,980.00","$107,840.95","$39,139.05",Credit Card,December,12,2026,73.37%,,,,
13086,9/4/2026,1106.00,Customer 118,Hyderabad,Telangana,273.00,Desk,Furniture,8.00,"$25,433.00 ",500.00%,"$193,290.80","$127,764.95","$65,525.85",UPI,September,9,2026,66.10%,,,,
13087,9/20/2026,1399.00,Customer 198,Chennai,Tamil Nadu,225.00,Table,Furniture,7.00,"$20,738.00 ",0.00%,"$145,166.00","$94,717.31","$50,448.69",UPI,September,9,2026,65.25%,,,,
13088,6/26/2026,1293.00,Customer 367,Hyderabad,Telangana,247.00,Chair,Furniture,5.00,"$18,069.00 ",500.00%,"$85,827.75","$56,543.57","$29,284.18",Debit Card,June,6,2026,65.88%,,,,
13089,4/8/2025,1482.00,Customer 17,Delhi,Delhi,277.00,Keyboard,Electronics,7.00,"$46,565.00 ",1000.00%,"$293,359.50","$240,064.62","$53,294.88",Credit Card,April,4,2025,81.83%,,,,
13090,9/12/2025,1267.00,Customer 250,Hyderabad,Telangana,240.00,Mouse,Electronics,6.00,"$11,331.00 ",0.00%,"$67,986.00","$58,645.80","$9,340.20",Credit Card,September,9,2025,86.26%,,,,
13091,5/10/2026,1441.00,Customer 52,Pune,Maharashtra,293.00,Table,Furniture,7.00,"$22,334.00 ",500.00%,"$148,521.10","$122,589.70","$25,931.40",Debit Card,May,5,2026,82.54%,,,,
13092,8/26/2026,1254.00,Customer 143,Chennai,Tamil Nadu,244.00,Laptop,Electronics,2.00,"$12,870.00 ",2000.00%,"$20,592.00","$17,272.49","$3,319.51",Debit Card,August,8,2026,83.88%,,,,
13093,6/20/2026,1463.00,Customer 185,Delhi,Delhi,294.00,Pen,Office,1.00,"$27,825.00 ",500.00%,"$26,433.75","$22,196.90","$4,236.85",Cash,June,6,2026,83.97%,,,,
13094,3/16/2025,1325.00,Customer 477,Pune,Maharashtra,266.00,Laptop,Electronics,3.00,"$22,928.00 ",0.00%,"$68,784.00","$54,287.66","$14,496.34",Credit Card,March,3,2025,78.92%,,,,
13095,2/6/2025,1294.00,Customer 427,Delhi,Delhi,264.00,Paper,Office,4.00,"$44,772.00 ",0.00%,"$179,088.00","$139,195.45","$39,892.55",Debit Card,February,2,2025,77.72%,,,,
13096,4/13/2026,1195.00,Customer 175,Mumbai,Maharashtra,286.00,Mouse,Electronics,7.00,"$49,850.00 ",1500.00%,"$296,607.50","$210,858.02","$85,749.48",Debit Card,April,4,2026,71.09%,,,,
13097,4/30/2025,1479.00,Customer 256,Pune,Maharashtra,268.00,Desk,Furniture,8.00,"$28,532.00 ",1500.00%,"$194,017.60","$149,102.09","$44,915.51",Debit Card,April,4,2025,76.85%,,,,
13098,9/28/2025,1459.00,Customer 141,Mumbai,Maharashtra,254.00,Paper,Office,1.00,"$18,776.00 ",2000.00%,"$15,020.80","$10,650.19","$4,370.61",Cash,September,9,2025,70.90%,,,,
13099,5/30/2026,1053.00,Customer 482,Hyderabad,Telangana,209.00,Monitor,Electronics,5.00,"$39,268.00 ",2000.00%,"$157,072.00","$100,098.67","$56,973.33",Credit Card,May,5,2026,63.73%,,,,
13100,11/21/2026,1133.00,Customer 373,Hyderabad,Telangana,245.00,Mouse,Electronics,5.00,"$37,668.00 ",1000.00%,"$169,506.00","$136,789.32","$32,716.68",UPI,November,11,2026,80.70%,,,,
13101,10/24/2025,1244.00,Customer 310,Mumbai,Maharashtra,254.00,Desk,Furniture,7.00,"$10,564.00 ",0.00%,"$73,948.00","$59,029.29","$14,918.71",Debit Card,October,10,2025,79.83%,,,,
13102,1/7/2025,1225.00,Customer 463,Delhi,Delhi,282.00,Keyboard,Electronics,6.00,"$2,469.00 ",2000.00%,"$11,851.20","$9,590.77","$2,260.43",Debit Card,January,1,2025,80.93%,,,,
13103,4/13/2026,1421.00,Customer 168,Bengaluru,Karnataka,265.00,Table,Furniture,8.00,"$42,544.00 ",2000.00%,"$272,281.60","$228,996.24","$43,285.36",Credit Card,April,4,2026,84.10%,,,,
13104,10/10/2026,1392.00,Customer 339,Hyderabad,Telangana,287.00,Keyboard,Electronics,6.00,"$42,590.00 ",500.00%,"$242,763.00","$148,328.84","$94,434.16",UPI,October,10,2026,61.10%,,,,
13105,5/1/2026,1176.00,Customer 237,Chennai,Tamil Nadu,298.00,Monitor,Electronics,7.00,"$35,224.00 ",1000.00%,"$221,911.20","$143,270.38","$78,640.82",Debit Card,May,5,2026,64.56%,,,,
13106,4/4/2026,1025.00,Customer 383,Hyderabad,Telangana,285.00,Notebook,Office,7.00,"$33,984.00 ",0.00%,"$237,888.00","$167,324.76","$70,563.24",Credit Card,April,4,2026,70.34%,,,,
13107,11/19/2026,1445.00,Customer 429,Pune,Maharashtra,241.00,Mouse,Electronics,4.00,"$12,973.00 ",500.00%,"$49,297.40","$38,532.74","$10,764.66",Debit Card,November,11,2026,78.16%,,,,
13108,11/13/2026,1378.00,Customer 472,Pune,Maharashtra,286.00,Keyboard,Electronics,2.00,"$26,445.00 ",1000.00%,"$47,601.00","$30,996.24","$16,604.76",Debit Card,November,11,2026,65.12%,,,,
13109,10/28/2025,1240.00,Customer 111,Delhi,Delhi,293.00,Monitor,Electronics,4.00,"$1,092.00 ",2000.00%,"$3,494.40","$2,493.48","$1,000.92",Credit Card,October,10,2025,71.36%,,,,
13110,10/8/2026,1285.00,Customer 78,Mumbai,Maharashtra,266.00,Keyboard,Electronics,5.00,"$44,686.00 ",500.00%,"$212,258.50","$163,033.03","$49,225.47",Credit Card,October,10,2026,76.81%,,,,
13111,6/9/2025,1406.00,Customer 252,Chennai,Tamil Nadu,218.00,Pen,Office,5.00,"$32,466.00 ",500.00%,"$154,213.50","$127,664.86","$26,548.64",Cash,June,6,2025,82.78%,,,,
13112,2/3/2025,1185.00,Customer 40,Mumbai,Maharashtra,269.00,Pen,Office,8.00,"$22,574.00 ",1000.00%,"$162,532.80","$141,075.88","$21,456.92",Credit Card,February,2,2025,86.80%,,,,
13113,4/24/2026,1476.00,Customer 151,Hyderabad,Telangana,204.00,Notebook,Office,5.00,"$45,065.00 ",500.00%,"$214,058.75","$138,702.25","$75,356.50",Credit Card,April,4,2026,64.80%,,,,
13114,1/31/2026,1348.00,Customer 461,Delhi,Delhi,277.00,Paper,Office,3.00,"$25,735.00 ",500.00%,"$73,344.75","$52,158.17","$21,186.58",Cash,January,1,2026,71.11%,,,,
13115,1/12/2025,1209.00,Customer 304,Hyderabad,Telangana,297.00,Chair,Furniture,4.00,"$23,123.00 ",2000.00%,"$73,993.60","$52,732.02","$21,261.58",Cash,January,1,2025,71.27%,,,,
13116,3/31/2025,1006.00,Customer 246,Pune,Maharashtra,246.00,Keyboard,Electronics,1.00,"$14,601.00 ",1000.00%,"$13,140.90","$11,458.64","$1,682.26",Credit Card,March,3,2025,87.20%,,,,
13117,3/7/2025,1490.00,Customer 416,Pune,Maharashtra,244.00,Laptop,Electronics,2.00,"$7,821.00 ",500.00%,"$14,859.90","$9,162.12","$5,697.78",UPI,March,3,2025,61.66%,,,,
13118,3/28/2026,1398.00,Customer 399,Chennai,Tamil Nadu,265.00,Chair,Furniture,8.00,"$42,957.00 ",1000.00%,"$309,290.40","$270,210.67","$39,079.73",Credit Card,March,3,2026,87.36%,,,,
13119,8/28/2026,1352.00,Customer 403,Mumbai,Maharashtra,244.00,Keyboard,Electronics,3.00,"$4,790.00 ",0.00%,"$14,370.00","$11,080.43","$3,289.57",Credit Card,August,8,2026,77.11%,,,,
13120,10/28/2026,1495.00,Customer 343,Pune,Maharashtra,227.00,Table,Furniture,8.00,"$40,344.00 ",0.00%,"$322,752.00","$217,455.55","$105,296.45",Credit Card,October,10,2026,67.38%,,,,
13121,12/21/2025,1102.00,Customer 184,Pune,Maharashtra,220.00,Chair,Furniture,8.00,"$49,755.00 ",0.00%,"$398,040.00","$328,349.89","$69,690.11",Debit Card,December,12,2025,82.49%,,,,
13122,3/23/2026,1141.00,Customer 206,Delhi,Delhi,217.00,Chair,Furniture,3.00,"$8,324.00 ",500.00%,"$23,723.40","$16,242.17","$7,481.23",Debit Card,March,3,2026,68.46%,,,,
13123,9/28/2025,1108.00,Customer 178,Delhi,Delhi,252.00,Pen,Office,7.00,"$48,957.00 ",0.00%,"$342,699.00","$219,694.84","$123,004.16",Cash,September,9,2025,64.11%,,,,
13124,2/20/2026,1031.00,Customer 451,Chennai,Tamil Nadu,248.00,Monitor,Electronics,4.00,"$1,586.00 ",500.00%,"$6,026.80","$4,572.63","$1,454.17",Debit Card,February,2,2026,75.87%,,,,
13125,9/13/2025,1318.00,Customer 229,Pune,Maharashtra,202.00,Keyboard,Electronics,5.00,"$30,898.00 ",2000.00%,"$123,592.00","$81,334.07","$42,257.93",UPI,September,9,2025,65.81%,,,,
13126,2/10/2026,1485.00,Customer 261,Chennai,Tamil Nadu,249.00,Monitor,Electronics,2.00,"$21,399.00 ",500.00%,"$40,658.10","$29,369.15","$11,288.95",Credit Card,February,2,2026,72.23%,,,,
13127,10/17/2025,1461.00,Customer 265,Chennai,Tamil Nadu,246.00,Chair,Furniture,8.00,"$39,789.00 ",500.00%,"$302,396.40","$225,763.68","$76,632.72",UPI,October,10,2025,74.66%,,,,
13128,1/24/2026,1036.00,Customer 5,Mumbai,Maharashtra,235.00,Table,Furniture,1.00,"$32,760.00 ",1000.00%,"$29,484.00","$19,117.66","$10,366.34",Debit Card,January,1,2026,64.84%,,,,
13129,3/4/2025,1268.00,Customer 346,Chennai,Tamil Nadu,235.00,Paper,Office,4.00,"$41,038.00 ",0.00%,"$164,152.00","$144,683.60","$19,468.40",Debit Card,March,3,2025,88.14%,,,,
13130,10/10/2026,1112.00,Customer 19,Bengaluru,Karnataka,283.00,Notebook,Office,1.00,"$22,336.00 ",2000.00%,"$17,868.80","$13,479.01","$4,389.79",UPI,October,10,2026,75.43%,,,,
13131,3/15/2026,1251.00,Customer 458,Mumbai,Maharashtra,263.00,Pen,Office,8.00,"$1,366.00 ",500.00%,"$10,381.60","$6,445.10","$3,936.50",UPI,March,3,2026,62.08%,,,,
13132,7/5/2025,1350.00,Customer 104,Pune,Maharashtra,223.00,Monitor,Electronics,7.00,"$40,269.00 ",500.00%,"$267,788.85","$183,631.74","$84,157.11",Debit Card,July,7,2025,68.57%,,,,
13133,8/21/2025,1080.00,Customer 463,Hyderabad,Telangana,263.00,Notebook,Office,7.00,"$42,211.00 ",0.00%,"$295,477.00","$181,347.04","$114,129.96",UPI,August,8,2025,61.37%,,,,
13134,9/9/2025,1458.00,Customer 88,Pune,Maharashtra,218.00,Table,Furniture,3.00,"$26,750.00 ",500.00%,"$76,237.50","$65,611.91","$10,625.59",UPI,September,9,2025,86.06%,,,,
13135,11/10/2026,1139.00,Customer 144,Mumbai,Maharashtra,210.00,Notebook,Office,8.00,"$3,590.00 ",2000.00%,"$22,976.00","$18,927.86","$4,048.14",UPI,November,11,2026,82.38%,,,,
13136,2/3/2026,1305.00,Customer 498,Chennai,Tamil Nadu,234.00,Pen,Office,4.00,"$23,632.00 ",0.00%,"$94,528.00","$60,536.69","$33,991.31",Cash,February,2,2026,64.04%,,,,
13137,7/31/2026,1297.00,Customer 168,Chennai,Tamil Nadu,238.00,Table,Furniture,4.00,"$6,025.00 ",1500.00%,"$20,485.00","$13,512.54","$6,972.46",Credit Card,July,7,2026,65.96%,,,,
13138,10/13/2025,1244.00,Customer 136,Bengaluru,Karnataka,299.00,Paper,Office,6.00,$988.00 ,1000.00%,"$5,335.20","$4,188.19","$1,147.01",UPI,October,10,2025,78.50%,,,,
13139,8/27/2026,1043.00,Customer 316,Mumbai,Maharashtra,283.00,Notebook,Office,2.00,"$8,892.00 ",500.00%,"$16,894.80","$10,180.62","$6,714.18",Debit Card,August,8,2026,60.26%,,,,
13140,7/18/2025,1034.00,Customer 430,Hyderabad,Telangana,218.00,Paper,Office,6.00,"$43,819.00 ",2000.00%,"$210,331.20","$132,543.21","$77,787.99",Debit Card,July,7,2025,63.02%,,,,
13141,10/15/2025,1042.00,Customer 213,Hyderabad,Telangana,207.00,Mouse,Electronics,4.00,"$29,510.00 ",1000.00%,"$106,236.00","$92,443.55","$13,792.45",UPI,October,10,2025,87.02%,,,,
13142,5/4/2026,1302.00,Customer 400,Mumbai,Maharashtra,296.00,Notebook,Office,3.00,"$41,059.00 ",500.00%,"$117,018.15","$103,482.13","$13,536.02",Cash,May,5,2026,88.43%,,,,
13143,3/25/2026,1199.00,Customer 260,Pune,Maharashtra,269.00,Paper,Office,5.00,"$7,503.00 ",1500.00%,"$31,887.75","$27,419.24","$4,468.51",Credit Card,March,3,2026,85.99%,,,,
13144,1/1/2026,1171.00,Customer 346,Hyderabad,Telangana,287.00,Chair,Furniture,3.00,"$26,751.00 ",0.00%,"$80,253.00","$69,667.36","$10,585.64",Debit Card,January,1,2026,86.81%,,,,
13145,2/23/2025,1116.00,Customer 346,Delhi,Delhi,204.00,Laptop,Electronics,7.00,"$10,919.00 ",1500.00%,"$64,968.05","$52,504.44","$12,463.61",UPI,February,2,2025,80.82%,,,,
13146,3/4/2026,1202.00,Customer 313,Mumbai,Maharashtra,287.00,Notebook,Office,8.00,"$9,765.00 ",2000.00%,"$62,496.00","$50,180.46","$12,315.54",Debit Card,March,3,2026,80.29%,,,,
13147,5/10/2025,1184.00,Customer 498,Delhi,Delhi,273.00,Keyboard,Electronics,5.00,"$3,445.00 ",2000.00%,"$13,780.00","$9,336.29","$4,443.71",Debit Card,May,5,2025,67.75%,,,,
13148,3/24/2026,1027.00,Customer 407,Mumbai,Maharashtra,285.00,Keyboard,Electronics,6.00,"$9,514.00 ",500.00%,"$54,229.80","$48,140.59","$6,089.21",Credit Card,March,3,2026,88.77%,,,,
13149,1/6/2026,1107.00,Customer 240,Pune,Maharashtra,268.00,Notebook,Office,6.00,"$13,604.00 ",0.00%,"$81,624.00","$59,491.01","$22,132.99",Credit Card,January,1,2026,72.88%,,,,
13150,4/20/2026,1301.00,Customer 86,Delhi,Delhi,286.00,Pen,Office,3.00,"$23,680.00 ",2000.00%,"$56,832.00","$37,401.65","$19,430.35",Debit Card,April,4,2026,65.81%,,,,
13151,2/11/2026,1311.00,Customer 274,Bengaluru,Karnataka,271.00,Pen,Office,1.00,$224.00 ,500.00%,$212.80,$168.95,$43.85,Cash,February,2,2026,79.39%,,,,
13152,6/29/2025,1321.00,Customer 96,Delhi,Delhi,224.00,Monitor,Electronics,4.00,"$36,089.00 ",1000.00%,"$129,920.40","$93,034.25","$36,886.15",Credit Card,June,6,2025,71.61%,,,,
13153,9/7/2026,1174.00,Customer 71,Chennai,Tamil Nadu,297.00,Pen,Office,3.00,"$46,007.00 ",2000.00%,"$110,416.80","$81,812.86","$28,603.94",Debit Card,September,9,2026,74.09%,,,,
13154,9/18/2025,1100.00,Customer 331,Hyderabad,Telangana,264.00,Desk,Furniture,1.00,"$5,270.00 ",2000.00%,"$4,216.00","$3,010.01","$1,205.99",Cash,September,9,2025,71.39%,,,,
13155,4/24/2026,1190.00,Customer 266,Pune,Maharashtra,241.00,Desk,Furniture,6.00,"$46,668.00 ",500.00%,"$266,007.60","$227,520.99","$38,486.61",Debit Card,April,4,2026,85.53%,,,,
13156,4/17/2025,1306.00,Customer 247,Chennai,Tamil Nadu,203.00,Notebook,Office,4.00,"$29,632.00 ",0.00%,"$118,528.00","$105,537.34","$12,990.66",Credit Card,April,4,2025,89.04%,,,,
13157,7/26/2026,1226.00,Customer 328,Hyderabad,Telangana,226.00,Keyboard,Electronics,6.00,"$48,747.00 ",0.00%,"$292,482.00","$195,876.53","$96,605.47",UPI,July,7,2026,66.97%,,,,
13158,5/28/2026,1076.00,Customer 174,Bengaluru,Karnataka,225.00,Mouse,Electronics,4.00,"$38,004.00 ",1500.00%,"$129,213.60","$83,471.80","$45,741.80",Credit Card,May,5,2026,64.60%,,,,
13159,2/2/2026,1339.00,Customer 377,Pune,Maharashtra,299.00,Monitor,Electronics,5.00,"$28,833.00 ",1500.00%,"$122,540.25","$78,759.31","$43,780.94",Cash,February,2,2026,64.27%,,,,
13160,4/8/2025,1098.00,Customer 326,Pune,Maharashtra,219.00,Monitor,Electronics,1.00,"$6,291.00 ",0.00%,"$6,291.00","$4,007.15","$2,283.85",Debit Card,April,4,2025,63.70%,,,,
13161,3/27/2025,1372.00,Customer 319,Bengaluru,Karnataka,238.00,Pen,Office,2.00,"$40,017.00 ",1500.00%,"$68,028.90","$49,467.79","$18,561.11",Debit Card,March,3,2025,72.72%,,,,
13162,5/15/2026,1057.00,Customer 197,Hyderabad,Telangana,284.00,Keyboard,Electronics,8.00,"$25,353.00 ",1000.00%,"$182,541.60","$121,885.72","$60,655.88",UPI,May,5,2026,66.77%,,,,
13163,5/5/2025,1295.00,Customer 250,Pune,Maharashtra,253.00,Notebook,Office,5.00,"$17,734.00 ",1500.00%,"$75,369.50","$46,493.38","$28,876.12",UPI,May,5,2025,61.69%,,,,
13164,10/25/2026,1008.00,Customer 114,Delhi,Delhi,290.00,Mouse,Electronics,7.00,"$27,130.00 ",500.00%,"$180,414.50","$116,550.11","$63,864.39",Debit Card,October,10,2026,64.60%,,,,
13165,3/13/2025,1415.00,Customer 29,Bengaluru,Karnataka,287.00,Chair,Furniture,5.00,"$32,534.00 ",1500.00%,"$138,269.50","$105,585.21","$32,684.29",Cash,March,3,2025,76.36%,,,,
13166,10/8/2025,1017.00,Customer 41,Pune,Maharashtra,270.00,Chair,Furniture,2.00,"$3,559.00 ",1500.00%,"$6,050.30","$5,275.75",$774.55,Credit Card,October,10,2025,87.20%,,,,
13167,8/22/2025,1277.00,Customer 4,Pune,Maharashtra,253.00,Mouse,Electronics,3.00,"$32,014.00 ",0.00%,"$96,042.00","$65,291.12","$30,750.88",Debit Card,August,8,2025,67.98%,,,,
13168,4/5/2026,1217.00,Customer 320,Mumbai,Maharashtra,212.00,Notebook,Office,8.00,"$26,910.00 ",0.00%,"$215,280.00","$173,768.83","$41,511.17",UPI,April,4,2026,80.72%,,,,
13169,8/15/2025,1355.00,Customer 404,Hyderabad,Telangana,292.00,Desk,Furniture,5.00,"$2,761.00 ",2000.00%,"$11,044.00","$8,467.54","$2,576.46",Credit Card,August,8,2025,76.67%,,,,
13170,8/26/2026,1122.00,Customer 21,Chennai,Tamil Nadu,269.00,Chair,Furniture,4.00,"$11,268.00 ",2000.00%,"$36,057.60","$24,740.73","$11,316.87",Cash,August,8,2026,68.61%,,,,
13171,2/13/2025,1090.00,Customer 212,Chennai,Tamil Nadu,294.00,Desk,Furniture,7.00,"$12,432.00 ",1000.00%,"$78,321.60","$62,953.39","$15,368.21",UPI,February,2,2025,80.38%,,,,
13172,7/1/2025,1214.00,Customer 269,Pune,Maharashtra,280.00,Mouse,Electronics,8.00,"$28,304.00 ",1500.00%,"$192,467.20","$116,744.90","$75,722.30",Credit Card,July,7,2025,60.66%,,,,
13173,4/19/2025,1471.00,Customer 20,Mumbai,Maharashtra,233.00,Keyboard,Electronics,8.00,"$37,881.00 ",2000.00%,"$242,438.40","$216,278.02","$26,160.38",Cash,April,4,2025,89.21%,,,,
13174,1/11/2025,1165.00,Customer 133,Bengaluru,Karnataka,288.00,Pen,Office,3.00,"$28,696.00 ",1000.00%,"$77,479.20","$66,635.32","$10,843.88",Cash,January,1,2025,86.00%,,,,
13175,11/22/2025,1138.00,Customer 35,Delhi,Delhi,238.00,Laptop,Electronics,2.00,"$34,200.00 ",500.00%,"$64,980.00","$57,345.28","$7,634.72",Credit Card,November,11,2025,88.25%,,,,
13176,8/22/2025,1295.00,Customer 450,Delhi,Delhi,253.00,Desk,Furniture,3.00,"$19,716.00 ",2000.00%,"$47,318.40","$35,456.03","$11,862.37",UPI,August,8,2025,74.93%,,,,
13177,3/23/2025,1303.00,Customer 74,Bengaluru,Karnataka,211.00,Monitor,Electronics,3.00,"$17,970.00 ",1500.00%,"$45,823.50","$40,722.80","$5,100.70",UPI,March,3,2025,88.87%,,,,
13178,10/3/2025,1170.00,Customer 492,Chennai,Tamil Nadu,286.00,Desk,Furniture,1.00,"$11,711.00 ",0.00%,"$11,711.00","$7,588.44","$4,122.56",Credit Card,October,10,2025,64.80%,,,,
13179,7/31/2026,1214.00,Customer 311,Bengaluru,Karnataka,238.00,Table,Furniture,5.00,"$36,464.00 ",1500.00%,"$154,972.00","$121,297.40","$33,674.60",Credit Card,July,7,2026,78.27%,,,,
13180,1/2/2025,1418.00,Customer 10,Bengaluru,Karnataka,213.00,Keyboard,Electronics,2.00,"$37,027.00 ",1500.00%,"$62,945.90","$56,501.49","$6,444.41",Debit Card,January,1,2025,89.76%,,,,
13181,12/10/2025,1229.00,Customer 265,Chennai,Tamil Nadu,285.00,Paper,Office,3.00,"$11,508.00 ",1000.00%,"$31,071.60","$22,401.17","$8,670.43",Cash,December,12,2025,72.10%,,,,
13182,3/13/2025,1290.00,Customer 314,Bengaluru,Karnataka,240.00,Pen,Office,4.00,"$45,707.00 ",1000.00%,"$164,545.20","$105,659.01","$58,886.19",UPI,March,3,2025,64.21%,,,,
13183,4/11/2026,1023.00,Customer 92,Mumbai,Maharashtra,212.00,Chair,Furniture,4.00,"$33,189.00 ",500.00%,"$126,118.20","$90,799.13","$35,319.07",Cash,April,4,2026,72.00%,,,,
13184,8/14/2026,1278.00,Customer 67,Pune,Maharashtra,295.00,Monitor,Electronics,4.00,"$13,457.00 ",1500.00%,"$45,753.80","$40,730.86","$5,022.94",Debit Card,August,8,2026,89.02%,,,,
13185,8/5/2025,1347.00,Customer 367,Chennai,Tamil Nadu,256.00,Notebook,Office,2.00,"$36,804.00 ",1000.00%,"$66,247.20","$40,053.12","$26,194.08",Credit Card,August,8,2025,60.46%,,,,
13186,4/15/2025,1229.00,Customer 242,Bengaluru,Karnataka,228.00,Paper,Office,7.00,"$42,649.00 ",1500.00%,"$253,761.55","$164,706.95","$89,054.60",Debit Card,April,4,2025,64.91%,,,,
13187,7/7/2026,1439.00,Customer 107,Mumbai,Maharashtra,268.00,Pen,Office,1.00,"$35,899.00 ",2000.00%,"$28,719.20","$22,462.45","$6,256.75",UPI,July,7,2026,78.21%,,,,
13188,8/13/2026,1101.00,Customer 73,Hyderabad,Telangana,247.00,Notebook,Office,7.00,"$8,543.00 ",1000.00%,"$53,820.90","$37,967.86","$15,853.04",Cash,August,8,2026,70.54%,,,,
13189,12/28/2025,1223.00,Customer 497,Delhi,Delhi,254.00,Notebook,Office,3.00,"$12,887.00 ",1000.00%,"$34,794.90","$28,434.67","$6,360.23",UPI,December,12,2025,81.72%,,,,
13190,7/23/2026,1366.00,Customer 187,Mumbai,Maharashtra,290.00,Laptop,Electronics,8.00,"$14,834.00 ",1000.00%,"$106,804.80","$70,314.58","$36,490.22",Cash,July,7,2026,65.83%,,,,
13191,1/29/2026,1198.00,Customer 235,Mumbai,Maharashtra,241.00,Desk,Furniture,5.00,"$46,498.00 ",0.00%,"$232,490.00","$161,156.86","$71,333.14",Cash,January,1,2026,69.32%,,,,
13192,8/2/2025,1443.00,Customer 67,Bengaluru,Karnataka,272.00,Table,Furniture,4.00,"$5,194.00 ",1000.00%,"$18,698.40","$13,802.12","$4,896.28",Credit Card,August,8,2025,73.81%,,,,
13193,8/4/2025,1050.00,Customer 371,Delhi,Delhi,240.00,Chair,Furniture,2.00,"$5,348.00 ",2000.00%,"$8,556.80","$7,286.56","$1,270.24",Cash,August,8,2025,85.16%,,,,
13194,3/14/2025,1068.00,Customer 133,Hyderabad,Telangana,286.00,Laptop,Electronics,7.00,"$6,846.00 ",1000.00%,"$43,129.80","$33,221.75","$9,908.05",Debit Card,March,3,2025,77.03%,,,,
13195,5/2/2026,1302.00,Customer 458,Delhi,Delhi,235.00,Monitor,Electronics,6.00,"$32,955.00 ",1500.00%,"$168,070.50","$145,533.98","$22,536.52",Debit Card,May,5,2026,86.59%,,,,
13196,1/12/2026,1162.00,Customer 444,Hyderabad,Telangana,278.00,Paper,Office,6.00,"$23,014.00 ",1000.00%,"$124,275.60","$96,191.62","$28,083.98",Credit Card,January,1,2026,77.40%,,,,
13197,9/8/2026,1370.00,Customer 425,Bengaluru,Karnataka,240.00,Keyboard,Electronics,6.00,"$26,214.00 ",1500.00%,"$133,691.40","$93,384.45","$40,306.95",UPI,September,9,2026,69.85%,,,,
13198,9/25/2026,1074.00,Customer 54,Hyderabad,Telangana,208.00,Laptop,Electronics,3.00,"$14,670.00 ",0.00%,"$44,010.00","$30,265.74","$13,744.26",Cash,September,9,2026,68.77%,,,,
13199,3/12/2025,1019.00,Customer 185,Delhi,Delhi,273.00,Mouse,Electronics,8.00,"$6,390.00 ",2000.00%,"$40,896.00","$27,919.08","$12,976.92",Credit Card,March,3,2025,68.27%,,,,
13200,8/12/2025,1295.00,Customer 286,Pune,Maharashtra,272.00,Laptop,Electronics,7.00,"$30,691.00 ",1500.00%,"$182,611.45","$139,325.68","$43,285.77",UPI,August,8,2025,76.30%,,,,
13201,5/6/2025,1465.00,Customer 423,Pune,Maharashtra,291.00,Laptop,Electronics,5.00,"$7,664.00 ",500.00%,"$36,404.00","$32,212.93","$4,191.07",Cash,May,5,2025,88.49%,,,,
13202,3/26/2025,1284.00,Customer 466,Mumbai,Maharashtra,227.00,Desk,Furniture,5.00,"$36,778.00 ",1000.00%,"$165,501.00","$137,235.27","$28,265.73",Credit Card,March,3,2025,82.92%,,,,
13203,3/3/2026,1366.00,Customer 299,Chennai,Tamil Nadu,212.00,Mouse,Electronics,6.00,$440.00 ,1500.00%,"$2,244.00","$1,352.46",$891.54,Debit Card,March,3,2026,60.27%,,,,
13204,2/6/2026,1144.00,Customer 485,Chennai,Tamil Nadu,281.00,Keyboard,Electronics,8.00,"$5,350.00 ",1000.00%,"$38,520.00","$30,240.97","$8,279.03",Credit Card,February,2,2026,78.51%,,,,
13205,6/7/2026,1102.00,Customer 45,Mumbai,Maharashtra,279.00,Chair,Furniture,5.00,"$16,726.00 ",2000.00%,"$66,904.00","$41,079.60","$25,824.40",Credit Card,June,6,2026,61.40%,,,,
13206,7/21/2026,1383.00,Customer 112,Pune,Maharashtra,225.00,Pen,Office,2.00,"$26,952.00 ",0.00%,"$53,904.00","$40,902.18","$13,001.82",Debit Card,July,7,2026,75.88%,,,,
13207,10/18/2026,1217.00,Customer 319,Hyderabad,Telangana,211.00,Chair,Furniture,8.00,"$7,947.00 ",1500.00%,"$54,039.60","$39,503.27","$14,536.33",Credit Card,October,10,2026,73.10%,,,,
13208,12/15/2026,1217.00,Customer 251,Delhi,Delhi,224.00,Notebook,Office,8.00,"$30,522.00 ",1500.00%,"$207,549.60","$179,411.43","$28,138.17",Cash,December,12,2026,86.44%,,,,
13209,3/23/2026,1017.00,Customer 488,Chennai,Tamil Nadu,220.00,Keyboard,Electronics,8.00,"$7,151.00 ",0.00%,"$57,208.00","$36,831.90","$20,376.10",Cash,March,3,2026,64.38%,,,,
13210,8/12/2026,1051.00,Customer 384,Chennai,Tamil Nadu,253.00,Chair,Furniture,2.00,"$32,119.00 ",0.00%,"$64,238.00","$53,574.07","$10,663.93",Cash,August,8,2026,83.40%,,,,
13211,2/2/2025,1345.00,Customer 411,Delhi,Delhi,300.00,Mouse,Electronics,3.00,"$21,593.00 ",500.00%,"$61,540.05","$48,956.75","$12,583.30",Cash,February,2,2025,79.55%,,,,
13212,5/24/2026,1059.00,Customer 120,Pune,Maharashtra,285.00,Desk,Furniture,7.00,"$25,138.00 ",1500.00%,"$149,571.10","$102,102.61","$47,468.49",Cash,May,5,2026,68.26%,,,,
13213,12/30/2026,1477.00,Customer 81,Hyderabad,Telangana,266.00,Table,Furniture,3.00,"$37,737.00 ",1500.00%,"$96,229.35","$82,241.70","$13,987.65",Cash,December,12,2026,85.46%,,,,
13214,3/15/2025,1176.00,Customer 347,Hyderabad,Telangana,206.00,Keyboard,Electronics,6.00,"$11,658.00 ",500.00%,"$66,450.60","$40,080.24","$26,370.36",UPI,March,3,2025,60.32%,,,,
13215,3/28/2025,1458.00,Customer 2,Hyderabad,Telangana,248.00,Chair,Furniture,2.00,"$7,860.00 ",0.00%,"$15,720.00","$10,898.02","$4,821.98",Credit Card,March,3,2025,69.33%,,,,
13216,12/30/2025,1336.00,Customer 23,Hyderabad,Telangana,240.00,Pen,Office,7.00,"$36,732.00 ",500.00%,"$244,267.80","$191,379.23","$52,888.57",Cash,December,12,2025,78.35%,,,,
13217,8/4/2026,1497.00,Customer 343,Pune,Maharashtra,237.00,Desk,Furniture,5.00,"$28,273.00 ",2000.00%,"$113,092.00","$91,160.37","$21,931.63",Cash,August,8,2026,80.61%,,,,
13218,11/18/2026,1159.00,Customer 442,Bengaluru,Karnataka,259.00,Keyboard,Electronics,2.00,"$19,647.00 ",500.00%,"$37,329.30","$23,553.33","$13,775.97",Credit Card,November,11,2026,63.10%,,,,
13219,5/5/2025,1338.00,Customer 128,Hyderabad,Telangana,277.00,Notebook,Office,1.00,"$48,499.00 ",1500.00%,"$41,224.15","$29,604.49","$11,619.66",UPI,May,5,2025,71.81%,,,,
13220,3/10/2026,1218.00,Customer 72,Pune,Maharashtra,276.00,Paper,Office,4.00,"$28,722.00 ",1000.00%,"$103,399.20","$69,414.27","$33,984.93",UPI,March,3,2026,67.13%,,,,
13221,1/11/2025,1039.00,Customer 476,Mumbai,Maharashtra,207.00,Table,Furniture,5.00,"$29,505.00 ",2000.00%,"$118,020.00","$84,287.39","$33,732.61",Credit Card,January,1,2025,71.42%,,,,
13222,5/18/2025,1108.00,Customer 72,Pune,Maharashtra,263.00,Table,Furniture,3.00,"$27,063.00 ",500.00%,"$77,129.55","$61,712.26","$15,417.29",Credit Card,May,5,2025,80.01%,,,,
13223,5/29/2025,1460.00,Customer 136,Chennai,Tamil Nadu,243.00,Laptop,Electronics,5.00,"$17,588.00 ",2000.00%,"$70,352.00","$42,870.76","$27,481.24",Cash,May,5,2025,60.94%,,,,
13224,9/10/2025,1084.00,Customer 490,Delhi,Delhi,254.00,Notebook,Office,2.00,"$40,254.00 ",0.00%,"$80,508.00","$56,221.39","$24,286.61",Cash,September,9,2025,69.83%,,,,
13225,7/31/2026,1277.00,Customer 44,Pune,Maharashtra,225.00,Desk,Furniture,3.00,"$18,981.00 ",0.00%,"$56,943.00","$38,791.97","$18,151.03",UPI,July,7,2026,68.12%,,,,
13226,9/9/2025,1037.00,Customer 472,Delhi,Delhi,296.00,Chair,Furniture,5.00,"$28,403.00 ",500.00%,"$134,914.25","$96,696.96","$38,217.29",Credit Card,September,9,2025,71.67%,,,,
13227,4/2/2026,1339.00,Customer 438,Chennai,Tamil Nadu,217.00,Mouse,Electronics,8.00,"$29,338.00 ",1000.00%,"$211,233.60","$167,021.60","$44,212.00",Credit Card,April,4,2026,79.07%,,,,
13228,4/25/2026,1054.00,Customer 187,Hyderabad,Telangana,293.00,Desk,Furniture,1.00,"$7,531.00 ",1500.00%,"$6,401.35","$4,827.06","$1,574.29",Debit Card,April,4,2026,75.41%,,,,
13229,11/18/2025,1372.00,Customer 261,Delhi,Delhi,249.00,Table,Furniture,4.00,"$46,394.00 ",0.00%,"$185,576.00","$159,066.28","$26,509.72",UPI,November,11,2025,85.71%,,,,
13230,4/3/2026,1316.00,Customer 337,Pune,Maharashtra,221.00,Mouse,Electronics,7.00,"$42,961.00 ",1000.00%,"$270,654.30","$232,140.05","$38,514.25",Debit Card,April,4,2026,85.77%,,,,
13231,12/15/2025,1314.00,Customer 320,Mumbai,Maharashtra,251.00,Laptop,Electronics,7.00,"$15,910.00 ",500.00%,"$105,801.50","$90,548.61","$15,252.89",Debit Card,December,12,2025,85.58%,,,,
13232,11/28/2026,1214.00,Customer 13,Mumbai,Maharashtra,291.00,Laptop,Electronics,2.00,"$5,646.00 ",0.00%,"$11,292.00","$8,500.42","$2,791.58",Cash,November,11,2026,75.28%,,,,
13233,7/18/2025,1347.00,Customer 316,Hyderabad,Telangana,278.00,Pen,Office,8.00,"$10,771.00 ",1000.00%,"$77,551.20","$64,199.91","$13,351.29",UPI,July,7,2025,82.78%,,,,
13234,1/29/2026,1183.00,Customer 442,Mumbai,Maharashtra,245.00,Chair,Furniture,1.00,"$29,982.00 ",1500.00%,"$25,484.70","$19,515.76","$5,968.94",Debit Card,January,1,2026,76.58%,,,,
13235,3/14/2025,1491.00,Customer 69,Pune,Maharashtra,217.00,Notebook,Office,6.00,"$11,946.00 ",500.00%,"$68,092.20","$45,804.29","$22,287.91",UPI,March,3,2025,67.27%,,,,
13236,2/20/2026,1068.00,Customer 64,Delhi,Delhi,270.00,Paper,Office,8.00,$272.00 ,500.00%,"$2,067.20","$1,422.72",$644.48,Debit Card,February,2,2026,68.82%,,,,
13237,3/20/2026,1254.00,Customer 273,Chennai,Tamil Nadu,256.00,Chair,Furniture,5.00,"$34,184.00 ",0.00%,"$170,920.00","$146,325.02","$24,594.98",Cash,March,3,2026,85.61%,,,,
13238,10/7/2025,1261.00,Customer 477,Mumbai,Maharashtra,205.00,Table,Furniture,5.00,"$9,842.00 ",0.00%,"$49,210.00","$42,405.75","$6,804.25",Cash,October,10,2025,86.17%,,,,
13239,10/16/2026,1235.00,Customer 183,Bengaluru,Karnataka,223.00,Keyboard,Electronics,2.00,"$13,381.00 ",1500.00%,"$22,747.70","$17,431.26","$5,316.44",UPI,October,10,2026,76.63%,,,,
13240,2/20/2026,1009.00,Customer 63,Pune,Maharashtra,269.00,Pen,Office,6.00,"$29,104.00 ",0.00%,"$174,624.00","$149,915.27","$24,708.73",UPI,February,2,2026,85.85%,,,,
13241,12/16/2025,1303.00,Customer 238,Chennai,Tamil Nadu,292.00,Chair,Furniture,7.00,"$45,202.00 ",1000.00%,"$284,772.60","$244,169.58","$40,603.02",Debit Card,December,12,2025,85.74%,,,,
13242,6/1/2025,1343.00,Customer 319,Chennai,Tamil Nadu,286.00,Table,Furniture,3.00,"$10,399.00 ",2000.00%,"$24,957.60","$21,176.27","$3,781.33",UPI,June,6,2025,84.85%,,,,
13243,8/20/2025,1153.00,Customer 121,Pune,Maharashtra,263.00,Notebook,Office,4.00,"$20,225.00 ",0.00%,"$80,900.00","$60,055.56","$20,844.44",Debit Card,August,8,2025,74.23%,,,,
13244,10/4/2025,1500.00,Customer 172,Mumbai,Maharashtra,210.00,Laptop,Electronics,2.00,"$13,584.00 ",1000.00%,"$24,451.20","$20,858.42","$3,592.78",Debit Card,October,10,2025,85.31%,,,,
13245,6/15/2026,1305.00,Customer 90,Chennai,Tamil Nadu,277.00,Desk,Furniture,3.00,"$26,412.00 ",2000.00%,"$63,388.80","$50,305.97","$13,082.83",UPI,June,6,2026,79.36%,,,,
13246,5/7/2025,1020.00,Customer 383,Pune,Maharashtra,260.00,Table,Furniture,4.00,"$20,622.00 ",2000.00%,"$65,990.40","$46,567.84","$19,422.56",Debit Card,May,5,2025,70.57%,,,,
13247,3/9/2026,1358.00,Customer 27,Bengaluru,Karnataka,278.00,Paper,Office,8.00,"$4,297.00 ",1500.00%,"$29,219.60","$22,904.86","$6,314.74",UPI,March,3,2026,78.39%,,,,
13248,7/26/2026,1114.00,Customer 432,Bengaluru,Karnataka,232.00,Paper,Office,8.00,"$17,212.00 ",500.00%,"$130,811.20","$94,508.98","$36,302.22",Debit Card,July,7,2026,72.25%,,,,
13249,10/3/2026,1284.00,Customer 391,Bengaluru,Karnataka,253.00,Notebook,Office,2.00,"$18,902.00 ",0.00%,"$37,804.00","$33,442.53","$4,361.47",Debit Card,October,10,2026,88.46%,,,,
13250,8/3/2025,1066.00,Customer 362,Chennai,Tamil Nadu,204.00,Mouse,Electronics,6.00,"$30,358.00 ",1000.00%,"$163,933.20","$113,282.45","$50,650.75",UPI,August,8,2025,69.10%,,,,
13251,11/21/2025,1083.00,Customer 218,Mumbai,Maharashtra,226.00,Laptop,Electronics,7.00,"$22,549.00 ",1500.00%,"$134,166.55","$107,817.54","$26,349.01",UPI,November,11,2025,80.36%,,,,
13252,6/23/2026,1315.00,Customer 139,Pune,Maharashtra,275.00,Table,Furniture,7.00,"$40,029.00 ",2000.00%,"$224,162.40","$184,579.87","$39,582.53",Credit Card,June,6,2026,82.34%,,,,
13253,11/29/2025,1161.00,Customer 270,Delhi,Delhi,214.00,Paper,Office,3.00,"$6,562.00 ",0.00%,"$19,686.00","$14,117.11","$5,568.89",UPI,November,11,2025,71.71%,,,,
13254,12/18/2026,1100.00,Customer 167,Mumbai,Maharashtra,214.00,Paper,Office,3.00,"$40,607.00 ",1000.00%,"$109,638.90","$77,032.73","$32,606.17",Credit Card,December,12,2026,70.26%,,,,
13255,12/28/2025,1333.00,Customer 48,Delhi,Delhi,278.00,Laptop,Electronics,3.00,"$1,180.00 ",1500.00%,"$3,009.00","$2,706.44",$302.56,UPI,December,12,2025,89.94%,,,,
13256,12/21/2025,1428.00,Customer 132,Mumbai,Maharashtra,265.00,Keyboard,Electronics,8.00,"$20,078.00 ",1500.00%,"$136,530.40","$84,803.20","$51,727.20",Cash,December,12,2025,62.11%,,,,
13257,6/2/2025,1277.00,Customer 198,Delhi,Delhi,285.00,Laptop,Electronics,8.00,"$30,656.00 ",500.00%,"$232,985.60","$180,596.03","$52,389.57",UPI,June,6,2025,77.51%,,,,
13258,7/10/2026,1386.00,Customer 72,Chennai,Tamil Nadu,285.00,Keyboard,Electronics,7.00,"$13,710.00 ",0.00%,"$95,970.00","$80,808.03","$15,161.97",UPI,July,7,2026,84.20%,,,,
13259,1/21/2025,1346.00,Customer 57,Delhi,Delhi,259.00,Laptop,Electronics,1.00,"$8,388.00 ",1000.00%,"$7,549.20","$6,759.68",$789.52,Credit Card,January,1,2025,89.54%,,,,
13260,2/1/2026,1421.00,Customer 305,Hyderabad,Telangana,300.00,Notebook,Office,5.00,"$1,983.00 ",0.00%,"$9,915.00","$8,327.43","$1,587.57",Credit Card,February,2,2026,83.99%,,,,
13261,10/12/2025,1038.00,Customer 392,Chennai,Tamil Nadu,300.00,Mouse,Electronics,1.00,"$3,359.00 ",1000.00%,"$3,023.10","$2,338.30",$684.80,Debit Card,October,10,2025,77.35%,,,,
13262,8/28/2026,1486.00,Customer 221,Bengaluru,Karnataka,297.00,Laptop,Electronics,7.00,"$19,209.00 ",0.00%,"$134,463.00","$103,077.61","$31,385.39",Credit Card,August,8,2026,76.66%,,,,
13263,8/16/2025,1394.00,Customer 420,Mumbai,Maharashtra,219.00,Desk,Furniture,4.00,"$7,291.00 ",1500.00%,"$24,789.40","$21,912.70","$2,876.70",Cash,August,8,2025,88.40%,,,,
13264,10/12/2026,1305.00,Customer 282,Bengaluru,Karnataka,203.00,Mouse,Electronics,3.00,"$35,971.00 ",1500.00%,"$91,726.05","$66,601.86","$25,124.19",Cash,October,10,2026,72.61%,,,,
13265,6/30/2026,1014.00,Customer 418,Bengaluru,Karnataka,229.00,Monitor,Electronics,5.00,"$18,331.00 ",0.00%,"$91,655.00","$73,060.23","$18,594.77",Debit Card,June,6,2026,79.71%,,,,
13266,2/5/2025,1426.00,Customer 377,Pune,Maharashtra,261.00,Paper,Office,1.00,"$18,260.00 ",2000.00%,"$14,608.00","$10,433.86","$4,174.14",Credit Card,February,2,2025,71.43%,,,,
13267,8/17/2026,1295.00,Customer 34,Pune,Maharashtra,274.00,Chair,Furniture,1.00,"$5,226.00 ",0.00%,"$5,226.00","$4,044.61","$1,181.39",Debit Card,August,8,2026,77.39%,,,,
13268,12/29/2025,1019.00,Customer 435,Delhi,Delhi,276.00,Mouse,Electronics,2.00,"$1,767.00 ",1500.00%,"$3,003.90","$2,445.84",$558.06,Cash,December,12,2025,81.42%,,,,
13269,6/18/2026,1199.00,Customer 226,Mumbai,Maharashtra,256.00,Chair,Furniture,3.00,"$20,836.00 ",1000.00%,"$56,257.20","$48,980.36","$7,276.84",Credit Card,June,6,2026,87.07%,,,,
13270,3/11/2026,1102.00,Customer 329,Pune,Maharashtra,295.00,Desk,Furniture,3.00,"$35,867.00 ",1000.00%,"$96,840.90","$77,212.13","$19,628.77",Credit Card,March,3,2026,79.73%,,,,
13271,6/24/2026,1178.00,Customer 96,Chennai,Tamil Nadu,243.00,Monitor,Electronics,5.00,"$11,039.00 ",0.00%,"$55,195.00","$38,702.66","$16,492.34",Cash,June,6,2026,70.12%,,,,
13272,8/31/2026,1003.00,Customer 312,Chennai,Tamil Nadu,227.00,Table,Furniture,5.00,"$26,640.00 ",1500.00%,"$113,220.00","$99,733.45","$13,486.55",Debit Card,August,8,2026,88.09%,,,,
13273,3/18/2025,1295.00,Customer 112,Mumbai,Maharashtra,240.00,Pen,Office,4.00,"$18,457.00 ",500.00%,"$70,136.60","$55,140.32","$14,996.28",Credit Card,March,3,2025,78.62%,,,,
13274,11/4/2025,1150.00,Customer 343,Bengaluru,Karnataka,248.00,Paper,Office,2.00,$688.00 ,1000.00%,"$1,238.40","$1,037.63",$200.77,Debit Card,November,11,2025,83.79%,,,,
13275,3/28/2026,1395.00,Customer 142,Bengaluru,Karnataka,278.00,Notebook,Office,7.00,"$35,892.00 ",500.00%,"$238,681.80","$155,587.53","$83,094.27",UPI,March,3,2026,65.19%,,,,
13276,3/13/2026,1264.00,Customer 231,Chennai,Tamil Nadu,280.00,Table,Furniture,8.00,"$29,916.00 ",1000.00%,"$215,395.20","$177,160.91","$38,234.29",Cash,March,3,2026,82.25%,,,,
13277,9/20/2026,1024.00,Customer 244,Mumbai,Maharashtra,267.00,Keyboard,Electronics,4.00,"$36,189.00 ",2000.00%,"$115,804.80","$92,452.99","$23,351.81",Debit Card,September,9,2026,79.84%,,,,
13278,8/6/2026,1115.00,Customer 394,Bengaluru,Karnataka,209.00,Desk,Furniture,2.00,"$34,145.00 ",500.00%,"$64,875.50","$48,268.86","$16,606.64",Debit Card,August,8,2026,74.40%,,,,
13279,3/5/2025,1048.00,Customer 263,Delhi,Delhi,260.00,Notebook,Office,4.00,"$19,710.00 ",1000.00%,"$70,956.00","$43,151.81","$27,804.19",Cash,March,3,2025,60.81%,,,,
13280,12/21/2026,1190.00,Customer 252,Bengaluru,Karnataka,290.00,Notebook,Office,4.00,"$20,234.00 ",0.00%,"$80,936.00","$55,721.09","$25,214.91",Credit Card,December,12,2026,68.85%,,,,
13281,4/5/2026,1054.00,Customer 417,Pune,Maharashtra,219.00,Chair,Furniture,3.00,"$39,985.00 ",1000.00%,"$107,959.50","$95,436.01","$12,523.49",Debit Card,April,4,2026,88.40%,,,,
13282,5/29/2025,1004.00,Customer 247,Delhi,Delhi,231.00,Paper,Office,2.00,"$48,541.00 ",1000.00%,"$87,373.80","$56,121.99","$31,251.81",Credit Card,May,5,2025,64.23%,,,,
13283,8/9/2026,1163.00,Customer 212,Delhi,Delhi,248.00,Mouse,Electronics,1.00,"$35,418.00 ",500.00%,"$33,647.10","$26,414.72","$7,232.38",UPI,August,8,2026,78.51%,,,,
13284,11/11/2025,1170.00,Customer 265,Chennai,Tamil Nadu,246.00,Table,Furniture,5.00,"$27,721.00 ",2000.00%,"$110,884.00","$86,582.71","$24,301.29",Credit Card,November,11,2025,78.08%,,,,
13285,5/26/2026,1472.00,Customer 25,Bengaluru,Karnataka,263.00,Table,Furniture,7.00,"$47,765.00 ",1500.00%,"$284,201.75","$200,008.14","$84,193.61",Credit Card,May,5,2026,70.38%,,,,
13286,5/25/2026,1062.00,Customer 67,Bengaluru,Karnataka,207.00,Notebook,Office,6.00,"$40,920.00 ",1500.00%,"$208,692.00","$151,120.69","$57,571.31",Cash,May,5,2026,72.41%,,,,
13287,12/1/2026,1399.00,Customer 31,Mumbai,Maharashtra,223.00,Keyboard,Electronics,3.00,"$20,192.00 ",2000.00%,"$48,460.80","$39,258.84","$9,201.96",Debit Card,December,12,2026,81.01%,,,,
13288,7/9/2025,1391.00,Customer 184,Mumbai,Maharashtra,276.00,Table,Furniture,4.00,"$30,085.00 ",2000.00%,"$96,272.00","$61,628.02","$34,643.98",Cash,July,7,2025,64.01%,,,,
13289,12/12/2026,1256.00,Customer 469,Delhi,Delhi,262.00,Desk,Furniture,3.00,"$39,362.00 ",2000.00%,"$94,468.80","$58,111.51","$36,357.29",Cash,December,12,2026,61.51%,,,,
13290,8/11/2026,1254.00,Customer 92,Chennai,Tamil Nadu,206.00,Notebook,Office,2.00,"$3,654.00 ",1000.00%,"$6,577.20","$5,363.81","$1,213.39",UPI,August,8,2026,81.55%,,,,
13291,2/24/2026,1398.00,Customer 278,Chennai,Tamil Nadu,270.00,Chair,Furniture,7.00,$201.00 ,0.00%,"$1,407.00","$1,079.02",$327.98,UPI,February,2,2026,76.69%,,,,
13292,8/7/2025,1115.00,Customer 232,Mumbai,Maharashtra,212.00,Notebook,Office,4.00,"$37,531.00 ",1500.00%,"$127,605.40","$100,758.20","$26,847.20",UPI,August,8,2025,78.96%,,,,
13293,7/30/2025,1351.00,Customer 9,Bengaluru,Karnataka,264.00,Notebook,Office,5.00,"$30,962.00 ",1000.00%,"$139,329.00","$87,148.31","$52,180.69",UPI,July,7,2025,62.55%,,,,
13294,4/24/2026,1007.00,Customer 160,Hyderabad,Telangana,208.00,Pen,Office,7.00,"$13,117.00 ",0.00%,"$91,819.00","$56,860.03","$34,958.97",Credit Card,April,4,2026,61.93%,,,,
13295,11/13/2025,1361.00,Customer 305,Delhi,Delhi,267.00,Pen,Office,8.00,"$3,691.00 ",1000.00%,"$26,575.20","$16,951.00","$9,624.20",Debit Card,November,11,2025,63.79%,,,,
13296,12/15/2025,1427.00,Customer 448,Pune,Maharashtra,253.00,Table,Furniture,3.00,"$27,753.00 ",1500.00%,"$70,770.15","$43,762.43","$27,007.72",Cash,December,12,2025,61.84%,,,,
13297,4/25/2025,1248.00,Customer 265,Mumbai,Maharashtra,209.00,Paper,Office,7.00,"$40,502.00 ",500.00%,"$269,338.30","$182,527.65","$86,810.65",Credit Card,April,4,2025,67.77%,,,,
13298,9/29/2025,1122.00,Customer 304,Bengaluru,Karnataka,268.00,Table,Furniture,6.00,"$42,137.00 ",0.00%,"$252,822.00","$212,445.23","$40,376.77",Debit Card,September,9,2025,84.03%,,,,
13299,5/29/2026,1091.00,Customer 446,Mumbai,Maharashtra,247.00,Notebook,Office,7.00,"$29,931.00 ",500.00%,"$199,041.15","$133,908.04","$65,133.11",Cash,May,5,2026,67.28%,,,,
13300,6/8/2026,1270.00,Customer 72,Chennai,Tamil Nadu,220.00,Notebook,Office,4.00,"$40,095.00 ",0.00%,"$160,380.00","$128,795.26","$31,584.74",UPI,June,6,2026,80.31%,,,,
13301,6/19/2026,1177.00,Customer 284,Pune,Maharashtra,281.00,Laptop,Electronics,2.00,"$47,083.00 ",1500.00%,"$80,041.10","$57,673.26","$22,367.84",Debit Card,June,6,2026,72.05%,,,,
13302,1/20/2026,1388.00,Customer 5,Chennai,Tamil Nadu,217.00,Notebook,Office,3.00,"$29,998.00 ",1000.00%,"$80,994.60","$51,673.97","$29,320.63",Credit Card,January,1,2026,63.80%,,,,
13303,6/30/2025,1343.00,Customer 493,Pune,Maharashtra,209.00,Notebook,Office,6.00,"$43,327.00 ",2000.00%,"$207,969.60","$128,352.58","$79,617.02",Cash,June,6,2025,61.72%,,,,
13304,8/2/2025,1056.00,Customer 218,Pune,Maharashtra,272.00,Keyboard,Electronics,1.00,"$21,213.00 ",1500.00%,"$18,031.05","$13,804.38","$4,226.67",Debit Card,August,8,2025,76.56%,,,,
13305,1/5/2025,1154.00,Customer 143,Pune,Maharashtra,207.00,Notebook,Office,1.00,"$37,226.00 ",1000.00%,"$33,503.40","$22,003.08","$11,500.32",Cash,January,1,2025,65.67%,,,,
13306,1/22/2026,1341.00,Customer 429,Hyderabad,Telangana,267.00,Laptop,Electronics,2.00,"$33,012.00 ",500.00%,"$62,722.80","$41,498.41","$21,224.39",Credit Card,January,1,2026,66.16%,,,,
13307,2/2/2025,1242.00,Customer 140,Mumbai,Maharashtra,236.00,Table,Furniture,3.00,"$43,484.00 ",2000.00%,"$104,361.60","$71,037.54","$33,324.06",UPI,February,2,2025,68.07%,,,,
13308,12/4/2025,1090.00,Customer 21,Bengaluru,Karnataka,226.00,Desk,Furniture,4.00,"$25,413.00 ",500.00%,"$96,569.40","$66,787.60","$29,781.80",Credit Card,December,12,2025,69.16%,,,,
13309,5/4/2026,1192.00,Customer 134,Mumbai,Maharashtra,285.00,Notebook,Office,8.00,"$29,541.00 ",500.00%,"$224,511.60","$173,972.63","$50,538.97",UPI,May,5,2026,77.49%,,,,
13310,10/9/2026,1063.00,Customer 219,Mumbai,Maharashtra,284.00,Chair,Furniture,5.00,"$33,610.00 ",1000.00%,"$151,245.00","$108,726.39","$42,518.61",Debit Card,October,10,2026,71.89%,,,,
13311,8/26/2026,1154.00,Customer 159,Hyderabad,Telangana,236.00,Table,Furniture,4.00,"$41,038.00 ",1500.00%,"$139,529.20","$108,849.99","$30,679.21",Debit Card,August,8,2026,78.01%,,,,
13312,1/13/2026,1026.00,Customer 298,Bengaluru,Karnataka,282.00,Monitor,Electronics,6.00,"$20,130.00 ",1000.00%,"$108,702.00","$70,757.53","$37,944.47",Cash,January,1,2026,65.09%,,,,
13313,11/21/2026,1449.00,Customer 185,Mumbai,Maharashtra,216.00,Keyboard,Electronics,5.00,"$44,691.00 ",2000.00%,"$178,764.00","$139,522.29","$39,241.71",Credit Card,November,11,2026,78.05%,,,,
13314,11/12/2025,1350.00,Customer 89,Pune,Maharashtra,283.00,Notebook,Office,1.00,"$5,776.00 ",1000.00%,"$5,198.40","$4,291.15",$907.25,Credit Card,November,11,2025,82.55%,,,,
13315,4/19/2025,1336.00,Customer 214,Mumbai,Maharashtra,251.00,Mouse,Electronics,5.00,"$43,889.00 ",1500.00%,"$186,528.25","$115,941.06","$70,587.19",Cash,April,4,2025,62.16%,,,,
13316,12/3/2026,1062.00,Customer 290,Hyderabad,Telangana,201.00,Monitor,Electronics,5.00,"$8,713.00 ",1000.00%,"$39,208.50","$32,031.44","$7,177.06",Credit Card,December,12,2026,81.70%,,,,
13317,8/14/2026,1380.00,Customer 23,Hyderabad,Telangana,288.00,Table,Furniture,6.00,"$24,036.00 ",0.00%,"$144,216.00","$97,217.87","$46,998.13",Debit Card,August,8,2026,67.41%,,,,
13318,4/18/2025,1391.00,Customer 410,Mumbai,Maharashtra,300.00,Laptop,Electronics,1.00,"$45,316.00 ",500.00%,"$43,050.20","$38,338.54","$4,711.66",UPI,April,4,2025,89.06%,,,,
13319,6/29/2025,1163.00,Customer 165,Pune,Maharashtra,253.00,Laptop,Electronics,2.00,"$25,241.00 ",1500.00%,"$42,909.70","$28,652.58","$14,257.12",Cash,June,6,2025,66.77%,,,,
13320,7/30/2026,1360.00,Customer 121,Mumbai,Maharashtra,244.00,Chair,Furniture,7.00,"$4,795.00 ",500.00%,"$31,886.75","$23,126.50","$8,760.25",UPI,July,7,2026,72.53%,,,,
13321,10/27/2026,1234.00,Customer 438,Delhi,Delhi,201.00,Paper,Office,4.00,"$8,089.00 ",1500.00%,"$27,502.60","$18,730.47","$8,772.13",Cash,October,10,2026,68.10%,,,,
13322,10/30/2026,1093.00,Customer 34,Chennai,Tamil Nadu,275.00,Desk,Furniture,1.00,"$43,940.00 ",500.00%,"$41,743.00","$28,272.87","$13,470.13",Credit Card,October,10,2026,67.73%,,,,
13323,12/12/2026,1121.00,Customer 90,Hyderabad,Telangana,287.00,Table,Furniture,7.00,"$41,522.00 ",1500.00%,"$247,055.90","$181,337.87","$65,718.03",Cash,December,12,2026,73.40%,,,,
13324,11/19/2026,1459.00,Customer 175,Delhi,Delhi,240.00,Monitor,Electronics,3.00,"$7,083.00 ",2000.00%,"$16,999.20","$13,320.34","$3,678.86",UPI,November,11,2026,78.36%,,,,
13325,1/31/2026,1175.00,Customer 288,Delhi,Delhi,293.00,Paper,Office,5.00,"$23,409.00 ",1500.00%,"$99,488.25","$71,842.85","$27,645.40",Cash,January,1,2026,72.21%,,,,
13326,1/9/2025,1479.00,Customer 232,Mumbai,Maharashtra,269.00,Monitor,Electronics,1.00,"$6,957.00 ",2000.00%,"$5,565.60","$4,364.70","$1,200.90",Credit Card,January,1,2025,78.42%,,,,
13327,5/19/2025,1468.00,Customer 28,Delhi,Delhi,255.00,Monitor,Electronics,7.00,"$45,738.00 ",500.00%,"$304,157.70","$253,695.40","$50,462.30",Cash,May,5,2025,83.41%,,,,
13328,10/10/2025,1130.00,Customer 11,Hyderabad,Telangana,253.00,Notebook,Office,8.00,"$42,049.00 ",1500.00%,"$285,933.20","$209,810.54","$76,122.66",Credit Card,October,10,2025,73.38%,,,,
13329,10/20/2025,1097.00,Customer 256,Hyderabad,Telangana,272.00,Pen,Office,6.00,"$40,669.00 ",1500.00%,"$207,411.90","$125,394.29","$82,017.61",Cash,October,10,2025,60.46%,,,,
13330,5/17/2026,1229.00,Customer 391,Hyderabad,Telangana,241.00,Keyboard,Electronics,4.00,"$32,696.00 ",1500.00%,"$111,166.40","$82,301.90","$28,864.50",Cash,May,5,2026,74.03%,,,,
13331,9/4/2026,1060.00,Customer 446,Bengaluru,Karnataka,281.00,Table,Furniture,4.00,"$16,648.00 ",1500.00%,"$56,603.20","$38,795.85","$17,807.35",Cash,September,9,2026,68.54%,,,,
13332,11/26/2025,1397.00,Customer 35,Hyderabad,Telangana,272.00,Paper,Office,8.00,"$37,837.00 ",1500.00%,"$257,291.60","$194,371.08","$62,920.52",Credit Card,November,11,2025,75.55%,,,,
13333,1/9/2025,1256.00,Customer 388,Chennai,Tamil Nadu,218.00,Paper,Office,2.00,"$14,925.00 ",1000.00%,"$26,865.00","$21,147.06","$5,717.94",Cash,January,1,2025,78.72%,,,,
13334,11/4/2026,1358.00,Customer 256,Pune,Maharashtra,241.00,Monitor,Electronics,6.00,"$34,873.00 ",0.00%,"$209,238.00","$135,944.83","$73,293.17",UPI,November,11,2026,64.97%,,,,
13335,10/17/2025,1113.00,Customer 291,Bengaluru,Karnataka,270.00,Notebook,Office,5.00,"$26,825.00 ",500.00%,"$127,418.75","$96,407.98","$31,010.77",Cash,October,10,2025,75.66%,,,,
13336,11/8/2025,1005.00,Customer 10,Mumbai,Maharashtra,249.00,Chair,Furniture,2.00,"$1,586.00 ",1500.00%,"$2,696.20","$1,883.66",$812.54,Debit Card,November,11,2025,69.86%,,,,
13337,10/25/2025,1048.00,Customer 65,Mumbai,Maharashtra,202.00,Notebook,Office,3.00,"$35,790.00 ",1500.00%,"$91,264.50","$73,130.55","$18,133.95",Debit Card,October,10,2025,80.13%,,,,
13338,11/22/2026,1320.00,Customer 384,Hyderabad,Telangana,263.00,Monitor,Electronics,1.00,"$9,434.00 ",1000.00%,"$8,490.60","$5,291.59","$3,199.01",Debit Card,November,11,2026,62.32%,,,,
13339,7/28/2025,1481.00,Customer 404,Chennai,Tamil Nadu,243.00,Notebook,Office,5.00,"$8,722.00 ",1000.00%,"$39,249.00","$34,114.56","$5,134.44",Credit Card,July,7,2025,86.92%,,,,
13340,1/10/2026,1413.00,Customer 413,Delhi,Delhi,282.00,Notebook,Office,8.00,"$32,924.00 ",0.00%,"$263,392.00","$163,606.74","$99,785.26",Credit Card,January,1,2026,62.12%,,,,
13341,9/27/2026,1045.00,Customer 250,Mumbai,Maharashtra,207.00,Pen,Office,5.00,"$32,383.00 ",500.00%,"$153,819.25","$129,346.87","$24,472.38",Credit Card,September,9,2026,84.09%,,,,
13342,10/22/2026,1362.00,Customer 238,Delhi,Delhi,231.00,Desk,Furniture,2.00,"$33,416.00 ",1000.00%,"$60,148.80","$44,106.63","$16,042.17",Credit Card,October,10,2026,73.33%,,,,
13343,7/24/2025,1330.00,Customer 403,Delhi,Delhi,282.00,Paper,Office,7.00,"$37,640.00 ",0.00%,"$263,480.00","$223,568.65","$39,911.35",Debit Card,July,7,2025,84.85%,,,,
13344,2/10/2025,1184.00,Customer 105,Delhi,Delhi,290.00,Pen,Office,6.00,"$23,593.00 ",1000.00%,"$127,402.20","$109,812.87","$17,589.33",Cash,February,2,2025,86.19%,,,,
13345,11/17/2026,1250.00,Customer 352,Pune,Maharashtra,239.00,Paper,Office,5.00,"$39,990.00 ",2000.00%,"$159,960.00","$108,508.58","$51,451.42",Cash,November,11,2026,67.83%,,,,
13346,12/5/2026,1035.00,Customer 488,Pune,Maharashtra,211.00,Monitor,Electronics,8.00,"$19,058.00 ",2000.00%,"$121,971.20","$105,742.50","$16,228.70",Cash,December,12,2026,86.69%,,,,
13347,5/18/2026,1236.00,Customer 440,Chennai,Tamil Nadu,207.00,Table,Furniture,6.00,"$39,993.00 ",500.00%,"$227,960.10","$174,580.91","$53,379.19",UPI,May,5,2026,76.58%,,,,
13348,2/8/2026,1161.00,Customer 302,Mumbai,Maharashtra,238.00,Notebook,Office,4.00,"$37,784.00 ",0.00%,"$151,136.00","$123,731.04","$27,404.96",Cash,February,2,2026,81.87%,,,,
13349,10/21/2025,1279.00,Customer 497,Hyderabad,Telangana,248.00,Paper,Office,8.00,"$6,702.00 ",2000.00%,"$42,892.80","$30,966.30","$11,926.50",Cash,October,10,2025,72.19%,,,,
13350,11/12/2025,1170.00,Customer 254,Bengaluru,Karnataka,215.00,Table,Furniture,6.00,$366.00 ,0.00%,"$2,196.00","$1,563.86",$632.14,Debit Card,November,11,2025,71.21%,,,,
13351,1/1/2026,1344.00,Customer 317,Delhi,Delhi,252.00,Chair,Furniture,4.00,"$24,380.00 ",1500.00%,"$82,892.00","$51,053.06","$31,838.94",Credit Card,January,1,2026,61.59%,,,,
13352,2/15/2026,1325.00,Customer 396,Bengaluru,Karnataka,263.00,Pen,Office,6.00,"$11,975.00 ",0.00%,"$71,850.00","$56,477.73","$15,372.27",Credit Card,February,2,2026,78.61%,,,,
13353,4/24/2025,1196.00,Customer 114,Hyderabad,Telangana,298.00,Keyboard,Electronics,4.00,"$2,709.00 ",1500.00%,"$9,210.60","$7,089.01","$2,121.59",Debit Card,April,4,2025,76.97%,,,,
13354,12/22/2025,1477.00,Customer 448,Mumbai,Maharashtra,243.00,Monitor,Electronics,6.00,"$29,855.00 ",2000.00%,"$143,304.00","$106,143.64","$37,160.36",Debit Card,December,12,2025,74.07%,,,,
13355,11/7/2025,1460.00,Customer 447,Mumbai,Maharashtra,214.00,Keyboard,Electronics,3.00,"$20,609.00 ",0.00%,"$61,827.00","$51,232.10","$10,594.90",Cash,November,11,2025,82.86%,,,,
13356,4/13/2025,1485.00,Customer 281,Mumbai,Maharashtra,278.00,Table,Furniture,4.00,"$43,887.00 ",1500.00%,"$149,215.80","$91,479.17","$57,736.63",Debit Card,April,4,2025,61.31%,,,,
13357,6/1/2026,1211.00,Customer 161,Pune,Maharashtra,282.00,Notebook,Office,4.00,"$15,281.00 ",1000.00%,"$55,011.60","$38,605.90","$16,405.70",Credit Card,June,6,2026,70.18%,,,,
13358,2/17/2026,1041.00,Customer 310,Mumbai,Maharashtra,300.00,Pen,Office,2.00,"$30,005.00 ",500.00%,"$57,009.50","$44,236.92","$12,772.58",Credit Card,February,2,2026,77.60%,,,,
13359,8/18/2026,1222.00,Customer 410,Pune,Maharashtra,215.00,Desk,Furniture,2.00,"$5,795.00 ",500.00%,"$11,010.50","$7,373.39","$3,637.11",Cash,August,8,2026,66.97%,,,,
13360,4/19/2025,1355.00,Customer 175,Bengaluru,Karnataka,240.00,Table,Furniture,1.00,"$3,444.00 ",0.00%,"$3,444.00","$3,001.77",$442.23,UPI,April,4,2025,87.16%,,,,
13361,3/24/2025,1011.00,Customer 183,Chennai,Tamil Nadu,248.00,Keyboard,Electronics,8.00,"$49,570.00 ",0.00%,"$396,560.00","$354,319.79","$42,240.21",Cash,March,3,2025,89.35%,,,,
13362,4/25/2026,1373.00,Customer 134,Chennai,Tamil Nadu,273.00,Chair,Furniture,3.00,"$43,917.00 ",1500.00%,"$111,988.35","$97,572.29","$14,416.06",Debit Card,April,4,2026,87.13%,,,,
13363,1/8/2025,1346.00,Customer 61,Delhi,Delhi,223.00,Paper,Office,7.00,"$44,435.00 ",1500.00%,"$264,388.25","$220,564.68","$43,823.57",Credit Card,January,1,2025,83.42%,,,,
13364,10/14/2025,1307.00,Customer 471,Pune,Maharashtra,285.00,Mouse,Electronics,3.00,"$25,996.00 ",500.00%,"$74,088.60","$58,558.76","$15,529.84",Cash,October,10,2025,79.04%,,,,
13365,4/17/2026,1283.00,Customer 173,Delhi,Delhi,223.00,Notebook,Office,2.00,"$31,488.00 ",2000.00%,"$50,380.80","$33,630.49","$16,750.31",Cash,April,4,2026,66.75%,,,,
13366,7/30/2025,1461.00,Customer 392,Hyderabad,Telangana,264.00,Monitor,Electronics,8.00,"$8,320.00 ",1000.00%,"$59,904.00","$42,628.27","$17,275.73",Debit Card,July,7,2025,71.16%,,,,
13367,9/29/2026,1367.00,Customer 271,Chennai,Tamil Nadu,213.00,Notebook,Office,4.00,"$22,231.00 ",500.00%,"$84,477.80","$57,206.73","$27,271.07",Cash,September,9,2026,67.72%,,,,
13368,2/22/2026,1433.00,Customer 39,Bengaluru,Karnataka,272.00,Keyboard,Electronics,7.00,"$3,851.00 ",1500.00%,"$22,913.45","$17,489.96","$5,423.49",Credit Card,February,2,2026,76.33%,,,,
13369,2/18/2026,1002.00,Customer 27,Chennai,Tamil Nadu,296.00,Keyboard,Electronics,2.00,"$9,131.00 ",500.00%,"$17,348.90","$13,469.75","$3,879.15",Cash,February,2,2026,77.64%,,,,
13370,6/14/2026,1434.00,Customer 361,Chennai,Tamil Nadu,298.00,Chair,Furniture,5.00,"$2,257.00 ",1000.00%,"$10,156.50","$6,894.47","$3,262.03",Cash,June,6,2026,67.88%,,,,
13371,3/11/2026,1248.00,Customer 300,Chennai,Tamil Nadu,256.00,Laptop,Electronics,4.00,"$6,717.00 ",2000.00%,"$21,494.40","$16,760.65","$4,733.75",UPI,March,3,2026,77.98%,,,,
13372,7/29/2026,1014.00,Customer 197,Mumbai,Maharashtra,221.00,Desk,Furniture,5.00,"$25,643.00 ",1500.00%,"$108,982.75","$84,673.27","$24,309.48",Credit Card,July,7,2026,77.69%,,,,
13373,7/15/2026,1084.00,Customer 238,Chennai,Tamil Nadu,261.00,Laptop,Electronics,7.00,"$41,590.00 ",0.00%,"$291,130.00","$234,384.09","$56,745.91",Debit Card,July,7,2026,80.51%,,,,
13374,12/23/2026,1207.00,Customer 200,Delhi,Delhi,284.00,Pen,Office,6.00,"$6,132.00 ",1500.00%,"$31,273.20","$21,938.43","$9,334.77",UPI,December,12,2026,70.15%,,,,
13375,5/20/2026,1309.00,Customer 383,Pune,Maharashtra,211.00,Mouse,Electronics,7.00,"$12,145.00 ",1500.00%,"$72,262.75","$54,979.63","$17,283.12",Debit Card,May,5,2026,76.08%,,,,
13376,10/17/2026,1420.00,Customer 48,Delhi,Delhi,227.00,Mouse,Electronics,4.00,"$5,123.00 ",1500.00%,"$17,418.20","$14,023.71","$3,394.49",Credit Card,October,10,2026,80.51%,,,,
13377,3/14/2025,1405.00,Customer 249,Chennai,Tamil Nadu,291.00,Table,Furniture,6.00,"$39,769.00 ",2000.00%,"$190,891.20","$120,848.35","$70,042.85",Debit Card,March,3,2025,63.31%,,,,
13378,1/19/2026,1059.00,Customer 5,Delhi,Delhi,264.00,Table,Furniture,7.00,$579.00 ,2000.00%,"$3,242.40","$2,509.05",$733.35,Cash,January,1,2026,77.38%,,,,
13379,10/7/2026,1048.00,Customer 247,Bengaluru,Karnataka,297.00,Monitor,Electronics,8.00,"$19,951.00 ",1000.00%,"$143,647.20","$105,771.92","$37,875.28",Debit Card,October,10,2026,73.63%,,,,
13380,2/8/2025,1368.00,Customer 29,Bengaluru,Karnataka,234.00,Paper,Office,4.00,"$38,235.00 ",0.00%,"$152,940.00","$113,987.74","$38,952.26",UPI,February,2,2025,74.53%,,,,
13381,5/4/2025,1093.00,Customer 295,Chennai,Tamil Nadu,276.00,Chair,Furniture,3.00,"$43,795.00 ",0.00%,"$131,385.00","$89,138.75","$42,246.25",Debit Card,May,5,2025,67.85%,,,,
13382,9/17/2025,1160.00,Customer 93,Pune,Maharashtra,261.00,Paper,Office,2.00,"$25,396.00 ",500.00%,"$48,252.40","$33,930.99","$14,321.41",Cash,September,9,2025,70.32%,,,,
13383,9/10/2025,1399.00,Customer 179,Pune,Maharashtra,201.00,Monitor,Electronics,6.00,"$1,030.00 ",1000.00%,"$5,562.00","$3,804.87","$1,757.13",Debit Card,September,9,2025,68.41%,,,,
13384,1/14/2026,1278.00,Customer 7,Bengaluru,Karnataka,250.00,Desk,Furniture,1.00,"$21,336.00 ",500.00%,"$20,269.20","$14,339.03","$5,930.17",UPI,January,1,2026,70.74%,,,,
13385,11/9/2026,1116.00,Customer 445,Mumbai,Maharashtra,267.00,Pen,Office,1.00,"$4,444.00 ",1500.00%,"$3,777.40","$2,798.41",$978.99,Cash,November,11,2026,74.08%,,,,
13386,11/26/2026,1075.00,Customer 497,Chennai,Tamil Nadu,300.00,Paper,Office,1.00,"$37,129.00 ",1000.00%,"$33,416.10","$27,675.59","$5,740.51",UPI,November,11,2026,82.82%,,,,
13387,10/7/2025,1305.00,Customer 108,Mumbai,Maharashtra,218.00,Mouse,Electronics,8.00,"$27,366.00 ",0.00%,"$218,928.00","$196,149.99","$22,778.01",Credit Card,October,10,2025,89.60%,,,,
13388,3/14/2025,1445.00,Customer 288,Bengaluru,Karnataka,249.00,Desk,Furniture,5.00,"$19,518.00 ",0.00%,"$97,590.00","$69,123.59","$28,466.41",Cash,March,3,2025,70.83%,,,,
13389,3/18/2025,1415.00,Customer 20,Bengaluru,Karnataka,240.00,Keyboard,Electronics,2.00,"$1,027.00 ",1500.00%,"$1,745.90","$1,527.16",$218.74,UPI,March,3,2025,87.47%,,,,
13390,10/7/2025,1135.00,Customer 113,Delhi,Delhi,211.00,Table,Furniture,2.00,"$14,367.00 ",2000.00%,"$22,987.20","$14,636.46","$8,350.74",Cash,October,10,2025,63.67%,,,,
13391,4/17/2026,1441.00,Customer 482,Pune,Maharashtra,264.00,Laptop,Electronics,2.00,"$26,254.00 ",500.00%,"$49,882.60","$41,501.84","$8,380.76",Debit Card,April,4,2026,83.20%,,,,
13392,6/8/2026,1191.00,Customer 364,Bengaluru,Karnataka,252.00,Desk,Furniture,1.00,"$34,192.00 ",2000.00%,"$27,353.60","$18,338.70","$9,014.90",Credit Card,June,6,2026,67.04%,,,,
13393,3/9/2025,1121.00,Customer 171,Delhi,Delhi,239.00,Desk,Furniture,1.00,"$23,290.00 ",500.00%,"$22,125.50","$17,430.87","$4,694.63",Cash,March,3,2025,78.78%,,,,
13394,2/13/2025,1086.00,Customer 315,Bengaluru,Karnataka,296.00,Laptop,Electronics,1.00,"$25,407.00 ",1000.00%,"$22,866.30","$13,929.49","$8,936.81",Cash,February,2,2025,60.92%,,,,
13395,7/5/2026,1264.00,Customer 153,Pune,Maharashtra,252.00,Keyboard,Electronics,3.00,"$4,378.00 ",1500.00%,"$11,163.90","$9,813.30","$1,350.60",Cash,July,7,2026,87.90%,,,,
13396,3/6/2025,1404.00,Customer 228,Chennai,Tamil Nadu,205.00,Laptop,Electronics,1.00,"$44,351.00 ",0.00%,"$44,351.00","$33,724.84","$10,626.16",Debit Card,March,3,2025,76.04%,,,,
13397,8/22/2025,1486.00,Customer 147,Hyderabad,Telangana,221.00,Mouse,Electronics,1.00,"$34,614.00 ",0.00%,"$34,614.00","$29,857.02","$4,756.98",Cash,August,8,2025,86.26%,,,,
13398,7/7/2026,1108.00,Customer 335,Mumbai,Maharashtra,267.00,Table,Furniture,5.00,"$16,697.00 ",500.00%,"$79,310.75","$62,105.38","$17,205.37",Debit Card,July,7,2026,78.31%,,,,
13399,7/14/2026,1460.00,Customer 141,Chennai,Tamil Nadu,239.00,Laptop,Electronics,1.00,"$19,126.00 ",0.00%,"$19,126.00","$12,778.91","$6,347.09",UPI,July,7,2026,66.81%,,,,
13400,7/2/2025,1165.00,Customer 308,Chennai,Tamil Nadu,250.00,Mouse,Electronics,5.00,"$28,590.00 ",2000.00%,"$114,360.00","$88,535.70","$25,824.30",Credit Card,July,7,2025,77.42%,,,,
13401,4/11/2026,1064.00,Customer 272,Mumbai,Maharashtra,232.00,Keyboard,Electronics,8.00,"$24,159.00 ",0.00%,"$193,272.00","$124,830.97","$68,441.03",Debit Card,April,4,2026,64.59%,,,,
13402,6/13/2026,1081.00,Customer 240,Hyderabad,Telangana,263.00,Paper,Office,5.00,"$18,173.00 ",1000.00%,"$81,778.50","$55,512.13","$26,266.37",Credit Card,June,6,2026,67.88%,,,,
13403,9/1/2025,1247.00,Customer 178,Hyderabad,Telangana,231.00,Keyboard,Electronics,1.00,"$6,060.00 ",2000.00%,"$4,848.00","$3,301.11","$1,546.89",UPI,September,9,2025,68.09%,,,,
13404,1/17/2025,1184.00,Customer 371,Hyderabad,Telangana,216.00,Notebook,Office,5.00,$948.00 ,0.00%,"$4,740.00","$3,917.26",$822.74,Cash,January,1,2025,82.64%,,,,
13405,9/14/2025,1251.00,Customer 412,Pune,Maharashtra,258.00,Notebook,Office,5.00,"$9,771.00 ",500.00%,"$46,412.25","$35,578.28","$10,833.97",Credit Card,September,9,2025,76.66%,,,,
13406,5/24/2026,1222.00,Customer 224,Chennai,Tamil Nadu,285.00,Chair,Furniture,1.00,"$32,777.00 ",1500.00%,"$27,860.45","$17,931.73","$9,928.72",UPI,May,5,2026,64.36%,,,,
13407,12/20/2025,1169.00,Customer 268,Mumbai,Maharashtra,258.00,Laptop,Electronics,8.00,"$46,236.00 ",1000.00%,"$332,899.20","$205,312.20","$127,587.00",Debit Card,December,12,2025,61.67%,,,,
13408,2/22/2025,1127.00,Customer 147,Pune,Maharashtra,270.00,Monitor,Electronics,2.00,"$37,988.00 ",2000.00%,"$60,780.80","$43,943.29","$16,837.51",Cash,February,2,2025,72.30%,,,,
13409,5/5/2025,1138.00,Customer 146,Hyderabad,Telangana,260.00,Paper,Office,5.00,"$18,922.00 ",0.00%,"$94,610.00","$67,721.15","$26,888.85",Credit Card,May,5,2025,71.58%,,,,
13410,7/11/2026,1302.00,Customer 466,Chennai,Tamil Nadu,250.00,Table,Furniture,5.00,"$36,889.00 ",1000.00%,"$166,000.50","$107,555.23","$58,445.27",Cash,July,7,2026,64.79%,,,,
13411,3/31/2026,1003.00,Customer 407,Hyderabad,Telangana,278.00,Table,Furniture,1.00,"$33,120.00 ",500.00%,"$31,464.00","$20,148.52","$11,315.48",UPI,March,3,2026,64.04%,,,,
13412,8/21/2025,1245.00,Customer 215,Chennai,Tamil Nadu,233.00,Paper,Office,6.00,"$46,546.00 ",0.00%,"$279,276.00","$207,750.22","$71,525.78",Cash,August,8,2025,74.39%,,,,
13413,7/24/2025,1268.00,Customer 468,Delhi,Delhi,203.00,Mouse,Electronics,6.00,"$48,020.00 ",1000.00%,"$259,308.00","$195,454.27","$63,853.73",Cash,July,7,2025,75.38%,,,,
13414,6/3/2026,1152.00,Customer 41,Pune,Maharashtra,205.00,Paper,Office,1.00,"$11,291.00 ",500.00%,"$10,726.45","$8,287.58","$2,438.87",UPI,June,6,2026,77.26%,,,,
13415,5/31/2026,1490.00,Customer 128,Delhi,Delhi,262.00,Pen,Office,4.00,"$13,053.00 ",1500.00%,"$44,380.20","$39,486.23","$4,893.97",UPI,May,5,2026,88.97%,,,,
13416,7/17/2026,1406.00,Customer 282,Pune,Maharashtra,234.00,Paper,Office,4.00,"$16,096.00 ",0.00%,"$64,384.00","$43,744.88","$20,639.12",Credit Card,July,7,2026,67.94%,,,,
13417,3/15/2026,1067.00,Customer 481,Delhi,Delhi,236.00,Monitor,Electronics,1.00,"$42,816.00 ",500.00%,"$40,675.20","$27,646.91","$13,028.29",Credit Card,March,3,2026,67.97%,,,,
13418,11/4/2026,1370.00,Customer 92,Mumbai,Maharashtra,299.00,Paper,Office,5.00,"$25,619.00 ",1000.00%,"$115,285.50","$93,020.05","$22,265.45",Debit Card,November,11,2026,80.69%,,,,
13419,7/22/2026,1372.00,Customer 9,Pune,Maharashtra,241.00,Table,Furniture,4.00,"$29,581.00 ",2000.00%,"$94,659.20","$75,537.35","$19,121.85",UPI,July,7,2026,79.80%,,,,
13420,3/18/2025,1080.00,Customer 125,Mumbai,Maharashtra,226.00,Desk,Furniture,6.00,"$47,393.00 ",500.00%,"$270,140.10","$185,933.29","$84,206.81",UPI,March,3,2025,68.83%,,,,
13421,4/14/2025,1015.00,Customer 270,Bengaluru,Karnataka,249.00,Keyboard,Electronics,6.00,"$45,600.00 ",2000.00%,"$218,880.00","$181,053.43","$37,826.57",UPI,April,4,2025,82.72%,,,,
13422,4/8/2025,1028.00,Customer 211,Mumbai,Maharashtra,254.00,Laptop,Electronics,6.00,"$12,302.00 ",1500.00%,"$62,740.20","$50,901.35","$11,838.85",Debit Card,April,4,2025,81.13%,,,,
13423,12/2/2026,1151.00,Customer 16,Delhi,Delhi,231.00,Table,Furniture,8.00,"$17,331.00 ",1000.00%,"$124,783.20","$99,523.03","$25,260.17",Cash,December,12,2026,79.76%,,,,
13424,7/22/2025,1440.00,Customer 434,Mumbai,Maharashtra,267.00,Pen,Office,2.00,"$25,877.00 ",1500.00%,"$43,990.90","$34,200.67","$9,790.23",UPI,July,7,2025,77.74%,,,,
13425,1/18/2026,1181.00,Customer 266,Bengaluru,Karnataka,274.00,Mouse,Electronics,3.00,"$38,703.00 ",0.00%,"$116,109.00","$86,424.61","$29,684.39",Debit Card,January,1,2026,74.43%,,,,
13426,12/17/2026,1413.00,Customer 78,Chennai,Tamil Nadu,234.00,Monitor,Electronics,5.00,"$42,477.00 ",1500.00%,"$180,527.25","$129,046.05","$51,481.20",UPI,December,12,2026,71.48%,,,,
13427,10/10/2026,1440.00,Customer 318,Pune,Maharashtra,253.00,Keyboard,Electronics,2.00,"$45,431.00 ",1000.00%,"$81,775.80","$57,419.30","$24,356.50",UPI,October,10,2026,70.22%,,,,
13428,7/20/2025,1132.00,Customer 185,Bengaluru,Karnataka,241.00,Mouse,Electronics,7.00,"$49,229.00 ",2000.00%,"$275,682.40","$193,675.51","$82,006.89",Credit Card,July,7,2025,70.25%,,,,
13429,7/8/2026,1215.00,Customer 235,Mumbai,Maharashtra,274.00,Paper,Office,4.00,"$13,201.00 ",2000.00%,"$42,243.20","$34,845.83","$7,397.37",Debit Card,July,7,2026,82.49%,,,,
13430,12/2/2026,1463.00,Customer 142,Pune,Maharashtra,268.00,Desk,Furniture,8.00,"$25,445.00 ",1500.00%,"$173,026.00","$130,987.23","$42,038.77",Cash,December,12,2026,75.70%,,,,
13431,5/23/2025,1302.00,Customer 459,Pune,Maharashtra,288.00,Keyboard,Electronics,3.00,"$13,466.00 ",0.00%,"$40,398.00","$33,036.80","$7,361.20",Debit Card,May,5,2025,81.78%,,,,
13432,5/25/2026,1037.00,Customer 495,Bengaluru,Karnataka,233.00,Chair,Furniture,6.00,"$23,908.00 ",1500.00%,"$121,930.80","$96,621.85","$25,308.95",UPI,May,5,2026,79.24%,,,,
13433,1/14/2025,1410.00,Customer 278,Pune,Maharashtra,208.00,Notebook,Office,7.00,"$48,200.00 ",1500.00%,"$286,790.00","$222,745.13","$64,044.87",Debit Card,January,1,2025,77.67%,,,,
13434,11/15/2025,1046.00,Customer 243,Bengaluru,Karnataka,207.00,Laptop,Electronics,1.00,"$38,555.00 ",2000.00%,"$30,844.00","$26,386.21","$4,457.79",Credit Card,November,11,2025,85.55%,,,,
13435,6/14/2026,1027.00,Customer 330,Mumbai,Maharashtra,211.00,Table,Furniture,1.00,"$17,790.00 ",500.00%,"$16,900.50","$10,325.32","$6,575.18",Debit Card,June,6,2026,61.09%,,,,
13436,11/1/2026,1375.00,Customer 119,Pune,Maharashtra,216.00,Laptop,Electronics,1.00,"$4,524.00 ",1500.00%,"$3,845.40","$3,401.47",$443.93,Debit Card,November,11,2026,88.46%,,,,
13437,1/9/2025,1361.00,Customer 170,Delhi,Delhi,206.00,Monitor,Electronics,8.00,"$37,388.00 ",500.00%,"$284,148.80","$244,534.76","$39,614.04",Debit Card,January,1,2025,86.06%,,,,
13438,9/16/2025,1138.00,Customer 451,Delhi,Delhi,255.00,Monitor,Electronics,5.00,"$22,446.00 ",1000.00%,"$101,007.00","$63,893.06","$37,113.94",UPI,September,9,2025,63.26%,,,,
13439,1/2/2026,1080.00,Customer 412,Pune,Maharashtra,265.00,Table,Furniture,1.00,"$7,722.00 ",500.00%,"$7,335.90","$6,155.26","$1,180.64",Credit Card,January,1,2026,83.91%,,,,
13440,7/21/2026,1204.00,Customer 31,Mumbai,Maharashtra,244.00,Paper,Office,6.00,"$28,926.00 ",0.00%,"$173,556.00","$151,684.04","$21,871.96",Cash,July,7,2026,87.40%,,,,
13441,4/22/2025,1379.00,Customer 270,Mumbai,Maharashtra,251.00,Paper,Office,5.00,"$26,924.00 ",0.00%,"$134,620.00","$100,893.51","$33,726.49",UPI,April,4,2025,74.95%,,,,
13442,1/16/2026,1004.00,Customer 173,Chennai,Tamil Nadu,273.00,Notebook,Office,1.00,"$47,074.00 ",2000.00%,"$37,659.20","$25,554.40","$12,104.80",Credit Card,January,1,2026,67.86%,,,,
13443,3/5/2026,1189.00,Customer 466,Mumbai,Maharashtra,206.00,Keyboard,Electronics,8.00,"$3,233.00 ",2000.00%,"$20,691.20","$13,205.08","$7,486.12",Debit Card,March,3,2026,63.82%,,,,
13444,3/16/2025,1085.00,Customer 116,Chennai,Tamil Nadu,283.00,Table,Furniture,5.00,"$27,679.00 ",1500.00%,"$117,635.75","$93,072.45","$24,563.30",Credit Card,March,3,2025,79.12%,,,,
13445,1/27/2025,1369.00,Customer 385,Chennai,Tamil Nadu,235.00,Chair,Furniture,6.00,"$30,828.00 ",500.00%,"$175,719.60","$134,438.39","$41,281.21",Debit Card,January,1,2025,76.51%,,,,
13446,9/30/2025,1259.00,Customer 57,Pune,Maharashtra,224.00,Pen,Office,3.00,"$30,240.00 ",1000.00%,"$81,648.00","$55,170.03","$26,477.97",Cash,September,9,2025,67.57%,,,,
13447,3/17/2026,1130.00,Customer 427,Mumbai,Maharashtra,258.00,Desk,Furniture,5.00,"$33,099.00 ",1500.00%,"$140,670.75","$99,174.68","$41,496.07",Cash,March,3,2026,70.50%,,,,
13448,12/21/2026,1144.00,Customer 75,Mumbai,Maharashtra,254.00,Table,Furniture,4.00,"$6,117.00 ",2000.00%,"$19,574.40","$16,923.02","$2,651.38",Debit Card,December,12,2026,86.45%,,,,
13449,10/16/2025,1128.00,Customer 268,Pune,Maharashtra,280.00,Chair,Furniture,6.00,"$15,546.00 ",2000.00%,"$74,620.80","$63,306.42","$11,314.38",Debit Card,October,10,2025,84.84%,,,,
13450,7/14/2025,1424.00,Customer 99,Bengaluru,Karnataka,227.00,Table,Furniture,2.00,"$43,196.00 ",1500.00%,"$73,433.20","$47,336.67","$26,096.53",UPI,July,7,2025,64.46%,,,,
13451,9/27/2025,1138.00,Customer 190,Bengaluru,Karnataka,249.00,Desk,Furniture,1.00,"$26,429.00 ",1000.00%,"$23,786.10","$14,803.36","$8,982.74",Credit Card,September,9,2025,62.24%,,,,
13452,9/28/2026,1461.00,Customer 467,Mumbai,Maharashtra,291.00,Chair,Furniture,2.00,"$9,727.00 ",1000.00%,"$17,508.60","$15,328.97","$2,179.63",Cash,September,9,2026,87.55%,,,,
13453,8/10/2025,1086.00,Customer 87,Mumbai,Maharashtra,218.00,Pen,Office,7.00,"$42,725.00 ",1000.00%,"$269,167.50","$192,946.43","$76,221.07",Cash,August,8,2025,71.68%,,,,
13454,6/4/2025,1482.00,Customer 322,Mumbai,Maharashtra,232.00,Chair,Furniture,8.00,"$33,178.00 ",1000.00%,"$238,881.60","$204,299.31","$34,582.29",UPI,June,6,2025,85.52%,,,,
13455,5/21/2025,1037.00,Customer 427,Mumbai,Maharashtra,217.00,Monitor,Electronics,6.00,"$49,263.00 ",0.00%,"$295,578.00","$231,964.99","$63,613.01",Debit Card,May,5,2025,78.48%,,,,
13456,1/18/2026,1434.00,Customer 274,Bengaluru,Karnataka,287.00,Table,Furniture,7.00,"$49,570.00 ",0.00%,"$346,990.00","$298,574.24","$48,415.76",UPI,January,1,2026,86.05%,,,,
13457,2/2/2025,1052.00,Customer 69,Chennai,Tamil Nadu,206.00,Keyboard,Electronics,5.00,"$42,790.00 ",0.00%,"$213,950.00","$152,990.91","$60,959.09",Credit Card,February,2,2025,71.51%,,,,
13458,7/31/2025,1015.00,Customer 257,Bengaluru,Karnataka,283.00,Monitor,Electronics,4.00,"$36,351.00 ",2000.00%,"$116,323.20","$79,663.38","$36,659.82",Credit Card,July,7,2025,68.48%,,,,
13459,11/11/2026,1304.00,Customer 237,Pune,Maharashtra,288.00,Chair,Furniture,5.00,"$32,351.00 ",2000.00%,"$129,404.00","$92,031.53","$37,372.47",Debit Card,November,11,2026,71.12%,,,,
13460,11/8/2026,1476.00,Customer 250,Delhi,Delhi,240.00,Monitor,Electronics,4.00,"$35,443.00 ",2000.00%,"$113,417.60","$81,170.42","$32,247.18",Cash,November,11,2026,71.57%,,,,
13461,10/16/2025,1086.00,Customer 473,Chennai,Tamil Nadu,219.00,Mouse,Electronics,3.00,"$24,232.00 ",1000.00%,"$65,426.40","$55,544.88","$9,881.52",Cash,October,10,2025,84.90%,,,,
13462,1/4/2026,1180.00,Customer 103,Mumbai,Maharashtra,251.00,Laptop,Electronics,7.00,"$47,148.00 ",500.00%,"$313,534.20","$204,254.32","$109,279.88",UPI,January,1,2026,65.15%,,,,
13463,8/10/2026,1005.00,Customer 138,Hyderabad,Telangana,276.00,Keyboard,Electronics,2.00,"$25,732.00 ",500.00%,"$48,890.80","$40,231.90","$8,658.90",Credit Card,August,8,2026,82.29%,,,,
13464,4/5/2026,1491.00,Customer 222,Hyderabad,Telangana,203.00,Table,Furniture,4.00,"$30,735.00 ",0.00%,"$122,940.00","$78,295.86","$44,644.14",Cash,April,4,2026,63.69%,,,,
13465,5/27/2026,1231.00,Customer 95,Hyderabad,Telangana,294.00,Paper,Office,5.00,"$10,631.00 ",2000.00%,"$42,524.00","$27,372.04","$15,151.96",Debit Card,May,5,2026,64.37%,,,,
13466,3/14/2025,1431.00,Customer 477,Delhi,Delhi,212.00,Chair,Furniture,5.00,"$14,443.00 ",2000.00%,"$57,772.00","$51,203.40","$6,568.60",Cash,March,3,2025,88.63%,,,,
13467,2/19/2025,1160.00,Customer 114,Delhi,Delhi,246.00,Mouse,Electronics,3.00,"$42,832.00 ",2000.00%,"$102,796.80","$85,537.84","$17,258.96",Credit Card,February,2,2025,83.21%,,,,
13468,10/13/2025,1435.00,Customer 144,Hyderabad,Telangana,290.00,Paper,Office,4.00,"$49,306.00 ",2000.00%,"$157,779.20","$110,957.65","$46,821.55",Credit Card,October,10,2025,70.32%,,,,
13469,4/10/2026,1210.00,Customer 320,Hyderabad,Telangana,246.00,Monitor,Electronics,2.00,"$41,546.00 ",1000.00%,"$74,782.80","$56,407.87","$18,374.93",Credit Card,April,4,2026,75.43%,,,,
13470,8/9/2025,1150.00,Customer 183,Bengaluru,Karnataka,230.00,Keyboard,Electronics,6.00,"$25,649.00 ",500.00%,"$146,199.30","$89,301.81","$56,897.49",Credit Card,August,8,2025,61.08%,,,,
13471,10/11/2025,1185.00,Customer 5,Mumbai,Maharashtra,207.00,Desk,Furniture,2.00,"$44,957.00 ",2000.00%,"$71,931.20","$43,812.84","$28,118.36",Debit Card,October,10,2025,60.91%,,,,
13472,6/13/2025,1038.00,Customer 213,Mumbai,Maharashtra,249.00,Chair,Furniture,8.00,"$46,970.00 ",500.00%,"$356,972.00","$238,401.38","$118,570.62",Cash,June,6,2025,66.78%,,,,
13473,9/13/2025,1414.00,Customer 179,Bengaluru,Karnataka,249.00,Laptop,Electronics,1.00,"$33,601.00 ",1500.00%,"$28,560.85","$25,172.74","$3,388.11",Debit Card,September,9,2025,88.14%,,,,
13474,12/4/2026,1095.00,Customer 269,Chennai,Tamil Nadu,203.00,Table,Furniture,3.00,"$15,971.00 ",0.00%,"$47,913.00","$32,205.25","$15,707.75",UPI,December,12,2026,67.22%,,,,
13475,10/10/2026,1084.00,Customer 50,Mumbai,Maharashtra,294.00,Mouse,Electronics,4.00,"$24,990.00 ",500.00%,"$94,962.00","$74,746.87","$20,215.13",Credit Card,October,10,2026,78.71%,,,,
13476,6/3/2025,1206.00,Customer 366,Delhi,Delhi,227.00,Desk,Furniture,3.00,"$29,103.00 ",1000.00%,"$78,578.10","$50,674.10","$27,904.00",Debit Card,June,6,2025,64.49%,,,,
13477,10/23/2026,1077.00,Customer 344,Bengaluru,Karnataka,294.00,Desk,Furniture,7.00,"$25,737.00 ",0.00%,"$180,159.00","$128,555.46","$51,603.54",UPI,October,10,2026,71.36%,,,,
13478,4/5/2025,1396.00,Customer 96,Delhi,Delhi,205.00,Chair,Furniture,8.00,"$16,903.00 ",2000.00%,"$108,179.20","$80,824.03","$27,355.17",Cash,April,4,2025,74.71%,,,,
13479,11/11/2025,1096.00,Customer 330,Bengaluru,Karnataka,269.00,Table,Furniture,8.00,"$33,262.00 ",2000.00%,"$212,876.80","$165,676.82","$47,199.98",UPI,November,11,2025,77.83%,,,,
13480,6/8/2026,1313.00,Customer 91,Hyderabad,Telangana,215.00,Table,Furniture,5.00,"$14,312.00 ",1500.00%,"$60,826.00","$44,131.84","$16,694.16",Credit Card,June,6,2026,72.55%,,,,
13481,2/15/2026,1482.00,Customer 467,Delhi,Delhi,238.00,Notebook,Office,2.00,"$4,865.00 ",2000.00%,"$7,784.00","$6,092.03","$1,691.97",Cash,February,2,2026,78.26%,,,,
13482,1/16/2026,1173.00,Customer 363,Mumbai,Maharashtra,260.00,Paper,Office,1.00,"$20,958.00 ",1500.00%,"$17,814.30","$14,249.35","$3,564.95",Debit Card,January,1,2026,79.99%,,,,
13483,9/18/2026,1337.00,Customer 247,Hyderabad,Telangana,275.00,Chair,Furniture,2.00,"$36,402.00 ",1500.00%,"$61,883.40","$51,389.20","$10,494.20",Credit Card,September,9,2026,83.04%,,,,
13484,3/26/2025,1415.00,Customer 444,Mumbai,Maharashtra,247.00,Paper,Office,8.00,"$11,978.00 ",2000.00%,"$76,659.20","$64,152.05","$12,507.15",Debit Card,March,3,2025,83.68%,,,,
13485,9/22/2026,1279.00,Customer 139,Bengaluru,Karnataka,281.00,Desk,Furniture,6.00,"$25,361.00 ",1500.00%,"$129,341.10","$115,876.46","$13,464.64",Credit Card,September,9,2026,89.59%,,,,
13486,5/21/2025,1449.00,Customer 459,Chennai,Tamil Nadu,299.00,Laptop,Electronics,2.00,"$38,844.00 ",500.00%,"$73,803.60","$56,961.02","$16,842.58",Debit Card,May,5,2025,77.18%,,,,
13487,10/11/2026,1276.00,Customer 113,Pune,Maharashtra,270.00,Keyboard,Electronics,8.00,"$15,161.00 ",2000.00%,"$97,030.40","$79,023.84","$18,006.56",UPI,October,10,2026,81.44%,,,,
13488,5/20/2025,1348.00,Customer 307,Delhi,Delhi,211.00,Pen,Office,6.00,"$49,358.00 ",500.00%,"$281,340.60","$202,437.45","$78,903.15",Cash,May,5,2025,71.95%,,,,
13489,5/1/2026,1244.00,Customer 266,Delhi,Delhi,269.00,Monitor,Electronics,4.00,"$38,598.00 ",0.00%,"$154,392.00","$125,004.36","$29,387.64",UPI,May,5,2026,80.97%,,,,
13490,1/20/2026,1121.00,Customer 367,Hyderabad,Telangana,260.00,Table,Furniture,3.00,"$19,630.00 ",1500.00%,"$50,056.50","$39,221.77","$10,834.73",UPI,January,1,2026,78.35%,,,,
13491,2/7/2026,1416.00,Customer 254,Chennai,Tamil Nadu,216.00,Keyboard,Electronics,2.00,"$37,902.00 ",500.00%,"$72,013.80","$53,478.24","$18,535.56",Cash,February,2,2026,74.26%,,,,
13492,4/3/2026,1174.00,Customer 28,Pune,Maharashtra,260.00,Paper,Office,4.00,"$47,879.00 ",1000.00%,"$172,364.40","$134,488.97","$37,875.43",Credit Card,April,4,2026,78.03%,,,,
13493,4/9/2025,1182.00,Customer 393,Pune,Maharashtra,205.00,Paper,Office,1.00,"$42,131.00 ",1500.00%,"$35,811.35","$22,380.31","$13,431.04",Credit Card,April,4,2025,62.50%,,,,
13494,4/12/2025,1235.00,Customer 156,Chennai,Tamil Nadu,271.00,Pen,Office,4.00,"$35,683.00 ",2000.00%,"$114,185.60","$79,943.47","$34,242.13",Debit Card,April,4,2025,70.01%,,,,
13495,4/12/2026,1411.00,Customer 328,Mumbai,Maharashtra,265.00,Notebook,Office,7.00,"$36,654.00 ",0.00%,"$256,578.00","$189,647.77","$66,930.23",Cash,April,4,2026,73.91%,,,,
13496,4/9/2025,1019.00,Customer 292,Hyderabad,Telangana,229.00,Monitor,Electronics,5.00,"$42,615.00 ",2000.00%,"$170,460.00","$121,254.60","$49,205.40",Cash,April,4,2025,71.13%,,,,
13497,12/31/2025,1107.00,Customer 58,Pune,Maharashtra,240.00,Notebook,Office,3.00,$174.00 ,500.00%,$495.90,$341.09,$154.81,Debit Card,December,12,2025,68.78%,,,,
13498,12/31/2026,1200.00,Customer 434,Hyderabad,Telangana,296.00,Chair,Furniture,1.00,"$24,469.00 ",1500.00%,"$20,798.65","$15,970.99","$4,827.66",Debit Card,December,12,2026,76.79%,,,,
13499,1/27/2025,1140.00,Customer 132,Mumbai,Maharashtra,203.00,Desk,Furniture,8.00,"$21,334.00 ",2000.00%,"$136,537.60","$85,169.02","$51,368.58",Credit Card,January,1,2025,62.38%,,,,
13500,7/1/2026,1189.00,Customer 47,Delhi,Delhi,235.00,Keyboard,Electronics,3.00,"$9,762.00 ",1500.00%,"$24,893.10","$15,737.91","$9,155.19",Credit Card,July,7,2026,63.22%,,,,
13501,2/9/2025,1415.00,Customer 60,Chennai,Tamil Nadu,206.00,Notebook,Office,8.00,"$42,733.00 ",0.00%,"$341,864.00","$287,144.57","$54,719.43",UPI,February,2,2025,83.99%,,,,
13502,9/17/2026,1207.00,Customer 15,Bengaluru,Karnataka,273.00,Table,Furniture,3.00,"$9,985.00 ",1000.00%,"$26,959.50","$21,631.79","$5,327.71",Credit Card,September,9,2026,80.24%,,,,
13503,10/29/2026,1259.00,Customer 385,Hyderabad,Telangana,247.00,Laptop,Electronics,7.00,"$25,456.00 ",1000.00%,"$160,372.80","$129,391.06","$30,981.74",Credit Card,October,10,2026,80.68%,,,,
13504,11/29/2025,1321.00,Customer 120,Pune,Maharashtra,275.00,Monitor,Electronics,6.00,"$13,115.00 ",1500.00%,"$66,886.50","$56,422.42","$10,464.08",UPI,November,11,2025,84.36%,,,,
13505,6/28/2026,1274.00,Customer 186,Delhi,Delhi,224.00,Paper,Office,4.00,"$47,917.00 ",0.00%,"$191,668.00","$150,507.31","$41,160.69",Cash,June,6,2026,78.53%,,,,
13506,6/6/2025,1166.00,Customer 248,Delhi,Delhi,208.00,Mouse,Electronics,7.00,"$9,699.00 ",2000.00%,"$54,314.40","$38,676.71","$15,637.69",Debit Card,June,6,2025,71.21%,,,,
13507,9/18/2026,1305.00,Customer 215,Chennai,Tamil Nadu,284.00,Mouse,Electronics,8.00,"$10,356.00 ",1500.00%,"$70,420.80","$61,643.23","$8,777.57",Debit Card,September,9,2026,87.54%,,,,
13508,11/16/2025,1363.00,Customer 420,Mumbai,Maharashtra,261.00,Paper,Office,3.00,"$23,848.00 ",1500.00%,"$60,812.40","$52,156.22","$8,656.18",Debit Card,November,11,2025,85.77%,,,,
13509,6/25/2026,1311.00,Customer 486,Pune,Maharashtra,240.00,Keyboard,Electronics,2.00,"$39,206.00 ",1000.00%,"$70,570.80","$63,493.58","$7,077.22",Debit Card,June,6,2026,89.97%,,,,
13510,5/11/2025,1482.00,Customer 471,Chennai,Tamil Nadu,226.00,Keyboard,Electronics,3.00,"$22,590.00 ",1500.00%,"$57,604.50","$51,830.13","$5,774.37",Debit Card,May,5,2025,89.98%,,,,
13511,11/18/2026,1301.00,Customer 197,Mumbai,Maharashtra,230.00,Pen,Office,1.00,"$33,607.00 ",0.00%,"$33,607.00","$21,193.16","$12,413.84",Cash,November,11,2026,63.06%,,,,
13512,4/22/2025,1070.00,Customer 97,Pune,Maharashtra,207.00,Table,Furniture,8.00,"$4,772.00 ",1000.00%,"$34,358.40","$30,771.19","$3,587.21",Debit Card,April,4,2025,89.56%,,,,
13513,11/17/2026,1419.00,Customer 401,Mumbai,Maharashtra,227.00,Monitor,Electronics,8.00,"$23,379.00 ",1500.00%,"$158,977.20","$115,215.41","$43,761.79",Debit Card,November,11,2026,72.47%,,,,
13514,7/23/2025,1008.00,Customer 369,Bengaluru,Karnataka,300.00,Mouse,Electronics,1.00,"$38,207.00 ",1500.00%,"$32,475.95","$25,066.53","$7,409.42",Debit Card,July,7,2025,77.18%,,,,
13515,10/12/2026,1279.00,Customer 104,Chennai,Tamil Nadu,268.00,Laptop,Electronics,1.00,"$36,617.00 ",1000.00%,"$32,955.30","$21,786.59","$11,168.71",Debit Card,October,10,2026,66.11%,,,,
13516,5/25/2025,1268.00,Customer 275,Hyderabad,Telangana,220.00,Mouse,Electronics,4.00,"$7,130.00 ",500.00%,"$27,094.00","$24,085.85","$3,008.15",UPI,May,5,2025,88.90%,,,,
13517,11/3/2026,1132.00,Customer 322,Hyderabad,Telangana,241.00,Notebook,Office,4.00,"$11,724.00 ",0.00%,"$46,896.00","$34,237.83","$12,658.17",UPI,November,11,2026,73.01%,,,,
13518,3/30/2026,1416.00,Customer 478,Bengaluru,Karnataka,253.00,Notebook,Office,5.00,"$44,299.00 ",500.00%,"$210,420.25","$177,238.13","$33,182.12",UPI,March,3,2026,84.23%,,,,
13519,8/18/2025,1413.00,Customer 60,Bengaluru,Karnataka,239.00,Desk,Furniture,7.00,"$44,409.00 ",500.00%,"$295,319.85","$229,736.56","$65,583.29",Cash,August,8,2025,77.79%,,,,
13520,5/23/2026,1364.00,Customer 141,Pune,Maharashtra,269.00,Mouse,Electronics,5.00,"$33,185.00 ",1000.00%,"$149,332.50","$100,874.03","$48,458.47",Debit Card,May,5,2026,67.55%,,,,
13521,5/9/2026,1146.00,Customer 79,Bengaluru,Karnataka,280.00,Mouse,Electronics,7.00,"$42,746.00 ",0.00%,"$299,222.00","$182,584.07","$116,637.93",Credit Card,May,5,2026,61.02%,,,,
13522,11/14/2026,1403.00,Customer 286,Mumbai,Maharashtra,288.00,Chair,Furniture,2.00,"$1,809.00 ",500.00%,"$3,437.10","$2,199.18","$1,237.92",UPI,November,11,2026,63.98%,,,,
13523,10/8/2026,1410.00,Customer 486,Delhi,Delhi,246.00,Paper,Office,8.00,"$28,411.00 ",0.00%,"$227,288.00","$148,199.87","$79,088.13",Credit Card,October,10,2026,65.20%,,,,
13524,6/8/2026,1125.00,Customer 185,Mumbai,Maharashtra,299.00,Notebook,Office,3.00,"$16,689.00 ",1500.00%,"$42,556.95","$31,190.16","$11,366.79",Debit Card,June,6,2026,73.29%,,,,
13525,5/27/2026,1005.00,Customer 292,Chennai,Tamil Nadu,205.00,Paper,Office,5.00,"$38,745.00 ",2000.00%,"$154,980.00","$105,871.79","$49,108.21",Debit Card,May,5,2026,68.31%,,,,
13526,12/7/2025,1305.00,Customer 62,Delhi,Delhi,282.00,Monitor,Electronics,1.00,"$41,246.00 ",0.00%,"$41,246.00","$27,874.65","$13,371.35",UPI,December,12,2025,67.58%,,,,
13527,2/25/2025,1403.00,Customer 90,Bengaluru,Karnataka,243.00,Paper,Office,7.00,"$20,186.00 ",500.00%,"$134,236.90","$119,015.54","$15,221.36",UPI,February,2,2025,88.66%,,,,
13528,1/2/2026,1337.00,Customer 478,Pune,Maharashtra,240.00,Mouse,Electronics,3.00,"$21,025.00 ",0.00%,"$63,075.00","$44,904.84","$18,170.16",Cash,January,1,2026,71.19%,,,,
13529,5/24/2025,1206.00,Customer 131,Delhi,Delhi,300.00,Monitor,Electronics,1.00,"$12,884.00 ",500.00%,"$12,239.80","$8,160.00","$4,079.80",Cash,May,5,2025,66.67%,,,,
13530,5/2/2026,1496.00,Customer 294,Mumbai,Maharashtra,206.00,Chair,Furniture,7.00,"$13,428.00 ",1000.00%,"$84,596.40","$73,593.07","$11,003.33",Credit Card,May,5,2026,86.99%,,,,
13531,1/18/2025,1240.00,Customer 328,Hyderabad,Telangana,252.00,Paper,Office,2.00,"$40,001.00 ",500.00%,"$76,001.90","$56,603.79","$19,398.11",Debit Card,January,1,2025,74.48%,,,,
13532,9/30/2025,1269.00,Customer 11,Bengaluru,Karnataka,289.00,Pen,Office,7.00,"$22,258.00 ",500.00%,"$148,015.70","$98,211.03","$49,804.67",Cash,September,9,2025,66.35%,,,,
13533,12/10/2026,1409.00,Customer 42,Bengaluru,Karnataka,204.00,Table,Furniture,4.00,"$36,949.00 ",0.00%,"$147,796.00","$123,930.70","$23,865.30",Debit Card,December,12,2026,83.85%,,,,
13534,7/22/2026,1138.00,Customer 402,Pune,Maharashtra,223.00,Pen,Office,3.00,"$41,883.00 ",1500.00%,"$106,801.65","$88,787.00","$18,014.65",UPI,July,7,2026,83.13%,,,,
13535,4/19/2026,1376.00,Customer 444,Chennai,Tamil Nadu,246.00,Chair,Furniture,8.00,"$18,216.00 ",500.00%,"$138,441.60","$107,194.96","$31,246.64",Credit Card,April,4,2026,77.43%,,,,
13536,11/5/2025,1122.00,Customer 6,Mumbai,Maharashtra,239.00,Mouse,Electronics,5.00,"$20,966.00 ",1000.00%,"$94,347.00","$58,097.26","$36,249.74",Debit Card,November,11,2025,61.58%,,,,
13537,12/22/2026,1316.00,Customer 62,Chennai,Tamil Nadu,238.00,Keyboard,Electronics,4.00,"$17,609.00 ",2000.00%,"$56,348.80","$39,028.16","$17,320.64",Debit Card,December,12,2026,69.26%,,,,
13538,2/25/2025,1178.00,Customer 247,Pune,Maharashtra,280.00,Mouse,Electronics,7.00,"$12,043.00 ",500.00%,"$80,085.95","$59,857.16","$20,228.79",Credit Card,February,2,2025,74.74%,,,,
13539,10/5/2026,1213.00,Customer 60,Hyderabad,Telangana,224.00,Chair,Furniture,8.00,"$47,711.00 ",1500.00%,"$324,434.80","$196,704.79","$127,730.01",Credit Card,October,10,2026,60.63%,,,,
13540,12/3/2026,1289.00,Customer 228,Hyderabad,Telangana,279.00,Pen,Office,1.00,"$29,895.00 ",500.00%,"$28,400.25","$23,464.91","$4,935.34",Cash,December,12,2026,82.62%,,,,
13541,9/19/2026,1245.00,Customer 207,Hyderabad,Telangana,261.00,Desk,Furniture,4.00,"$46,058.00 ",500.00%,"$175,020.40","$135,390.13","$39,630.27",Credit Card,September,9,2026,77.36%,,,,
13542,4/16/2026,1181.00,Customer 320,Chennai,Tamil Nadu,210.00,Desk,Furniture,3.00,"$3,553.00 ",2000.00%,"$8,527.20","$6,591.87","$1,935.33",Credit Card,April,4,2026,77.30%,,,,
13543,9/16/2026,1006.00,Customer 396,Chennai,Tamil Nadu,250.00,Paper,Office,2.00,"$41,675.00 ",500.00%,"$79,182.50","$65,019.91","$14,162.59",Credit Card,September,9,2026,82.11%,,,,
13544,5/10/2025,1078.00,Customer 287,Delhi,Delhi,213.00,Mouse,Electronics,4.00,"$34,935.00 ",0.00%,"$139,740.00","$103,023.21","$36,716.79",Cash,May,5,2025,73.72%,,,,
13545,3/23/2026,1473.00,Customer 475,Mumbai,Maharashtra,236.00,Table,Furniture,1.00,"$21,189.00 ",0.00%,"$21,189.00","$13,448.02","$7,740.98",Cash,March,3,2026,63.47%,,,,
13546,9/2/2025,1197.00,Customer 138,Mumbai,Maharashtra,281.00,Paper,Office,2.00,"$20,804.00 ",500.00%,"$39,527.60","$28,801.33","$10,726.27",UPI,September,9,2025,72.86%,,,,
13547,1/21/2026,1330.00,Customer 382,Delhi,Delhi,226.00,Mouse,Electronics,7.00,"$8,543.00 ",0.00%,"$59,801.00","$41,942.62","$17,858.38",Cash,January,1,2026,70.14%,,,,
13548,9/19/2025,1475.00,Customer 499,Chennai,Tamil Nadu,203.00,Desk,Furniture,4.00,"$27,625.00 ",500.00%,"$104,975.00","$71,219.57","$33,755.43",Cash,September,9,2025,67.84%,,,,
13549,3/11/2025,1252.00,Customer 246,Bengaluru,Karnataka,248.00,Desk,Furniture,1.00,"$43,265.00 ",500.00%,"$41,101.75","$34,180.52","$6,921.23",UPI,March,3,2025,83.16%,,,,
13550,11/22/2025,1035.00,Customer 197,Bengaluru,Karnataka,290.00,Mouse,Electronics,7.00,"$15,704.00 ",500.00%,"$104,431.60","$63,249.43","$41,182.17",Debit Card,November,11,2025,60.57%,,,,
13551,4/10/2026,1413.00,Customer 267,Mumbai,Maharashtra,273.00,Pen,Office,6.00,"$49,786.00 ",500.00%,"$283,780.20","$170,692.57","$113,087.63",Debit Card,April,4,2026,60.15%,,,,
13552,5/10/2026,1269.00,Customer 386,Mumbai,Maharashtra,286.00,Table,Furniture,1.00,"$32,293.00 ",0.00%,"$32,293.00","$24,496.65","$7,796.35",Cash,May,5,2026,75.86%,,,,
13553,7/30/2026,1422.00,Customer 433,Mumbai,Maharashtra,223.00,Chair,Furniture,6.00,"$18,290.00 ",2000.00%,"$87,792.00","$59,442.84","$28,349.16",Debit Card,July,7,2026,67.71%,,,,
13554,11/20/2026,1058.00,Customer 476,Mumbai,Maharashtra,227.00,Chair,Furniture,8.00,"$42,743.00 ",0.00%,"$341,944.00","$252,340.28","$89,603.72",Credit Card,November,11,2026,73.80%,,,,
13555,7/24/2025,1441.00,Customer 342,Hyderabad,Telangana,234.00,Mouse,Electronics,8.00,"$37,777.00 ",1000.00%,"$271,994.40","$195,728.23","$76,266.17",Credit Card,July,7,2025,71.96%,,,,
13556,8/12/2025,1446.00,Customer 313,Delhi,Delhi,259.00,Mouse,Electronics,2.00,"$20,517.00 ",2000.00%,"$32,827.20","$22,464.06","$10,363.14",Debit Card,August,8,2025,68.43%,,,,
13557,3/23/2026,1183.00,Customer 485,Pune,Maharashtra,271.00,Paper,Office,5.00,"$1,317.00 ",0.00%,"$6,585.00","$5,024.51","$1,560.49",Cash,March,3,2026,76.30%,,,,
13558,2/14/2026,1161.00,Customer 318,Pune,Maharashtra,245.00,Pen,Office,1.00,"$32,089.00 ",0.00%,"$32,089.00","$23,093.04","$8,995.96",Credit Card,February,2,2026,71.97%,,,,
13559,3/27/2025,1253.00,Customer 133,Pune,Maharashtra,267.00,Table,Furniture,1.00,"$26,505.00 ",0.00%,"$26,505.00","$21,108.64","$5,396.36",UPI,March,3,2025,79.64%,,,,
13560,4/28/2026,1496.00,Customer 193,Hyderabad,Telangana,215.00,Notebook,Office,5.00,"$36,676.00 ",2000.00%,"$146,704.00","$127,776.23","$18,927.77",Cash,April,4,2026,87.10%,,,,
13561,9/24/2026,1008.00,Customer 403,Hyderabad,Telangana,205.00,Paper,Office,7.00,"$44,807.00 ",0.00%,"$313,649.00","$277,367.78","$36,281.22",Debit Card,September,9,2026,88.43%,,,,
13562,7/8/2025,1285.00,Customer 125,Delhi,Delhi,253.00,Chair,Furniture,4.00,"$25,599.00 ",2000.00%,"$81,916.80","$66,629.14","$15,287.66",Debit Card,July,7,2025,81.34%,,,,
13563,3/21/2025,1338.00,Customer 159,Hyderabad,Telangana,241.00,Chair,Furniture,3.00,"$20,706.00 ",1500.00%,"$52,800.30","$47,455.67","$5,344.63",Cash,March,3,2025,89.88%,,,,
13564,4/23/2025,1298.00,Customer 303,Chennai,Tamil Nadu,230.00,Laptop,Electronics,3.00,"$16,843.00 ",1500.00%,"$42,949.65","$38,047.70","$4,901.95",UPI,April,4,2025,88.59%,,,,
13565,7/21/2026,1082.00,Customer 246,Hyderabad,Telangana,292.00,Pen,Office,8.00,"$40,249.00 ",0.00%,"$321,992.00","$253,298.04","$68,693.96",UPI,July,7,2026,78.67%,,,,
13566,5/21/2026,1276.00,Customer 29,Mumbai,Maharashtra,299.00,Table,Furniture,5.00,"$44,404.00 ",1500.00%,"$188,717.00","$149,049.60","$39,667.40",Debit Card,May,5,2026,78.98%,,,,
13567,12/29/2025,1232.00,Customer 153,Chennai,Tamil Nadu,225.00,Desk,Furniture,4.00,"$46,211.00 ",1500.00%,"$157,117.40","$98,045.12","$59,072.28",UPI,December,12,2025,62.40%,,,,
13568,3/21/2025,1305.00,Customer 56,Bengaluru,Karnataka,277.00,Pen,Office,1.00,"$15,419.00 ",2000.00%,"$12,335.20","$8,669.84","$3,665.36",UPI,March,3,2025,70.29%,,,,
13569,9/18/2026,1061.00,Customer 486,Chennai,Tamil Nadu,203.00,Paper,Office,6.00,"$49,947.00 ",2000.00%,"$239,745.60","$146,492.53","$93,253.07",Debit Card,September,9,2026,61.10%,,,,
13570,8/11/2025,1136.00,Customer 444,Bengaluru,Karnataka,253.00,Desk,Furniture,2.00,"$47,334.00 ",500.00%,"$89,934.60","$70,028.92","$19,905.68",Debit Card,August,8,2025,77.87%,,,,
13571,5/9/2025,1250.00,Customer 273,Pune,Maharashtra,279.00,Desk,Furniture,7.00,"$27,233.00 ",500.00%,"$181,099.45","$158,719.39","$22,380.06",Cash,May,5,2025,87.64%,,,,
13572,8/30/2025,1393.00,Customer 103,Bengaluru,Karnataka,245.00,Desk,Furniture,5.00,"$47,772.00 ",1000.00%,"$214,974.00","$142,572.76","$72,401.24",Debit Card,August,8,2025,66.32%,,,,
13573,7/17/2026,1113.00,Customer 77,Chennai,Tamil Nadu,217.00,Paper,Office,6.00,"$46,055.00 ",0.00%,"$276,330.00","$242,826.86","$33,503.14",Debit Card,July,7,2026,87.88%,,,,
13574,10/3/2026,1304.00,Customer 79,Delhi,Delhi,214.00,Paper,Office,4.00,"$8,625.00 ",500.00%,"$32,775.00","$23,050.92","$9,724.08",Cash,October,10,2026,70.33%,,,,
13575,3/24/2025,1095.00,Customer 470,Mumbai,Maharashtra,268.00,Table,Furniture,1.00,"$18,965.00 ",0.00%,"$18,965.00","$12,000.83","$6,964.17",UPI,March,3,2025,63.28%,,,,
13576,9/3/2025,1362.00,Customer 435,Chennai,Tamil Nadu,268.00,Laptop,Electronics,6.00,"$18,954.00 ",2000.00%,"$90,979.20","$58,890.59","$32,088.61",Debit Card,September,9,2025,64.73%,,,,
13577,11/6/2026,1189.00,Customer 161,Chennai,Tamil Nadu,224.00,Notebook,Office,5.00,"$5,370.00 ",500.00%,"$25,507.50","$17,973.19","$7,534.31",UPI,November,11,2026,70.46%,,,,
13578,8/8/2026,1335.00,Customer 116,Bengaluru,Karnataka,203.00,Pen,Office,2.00,"$27,965.00 ",1000.00%,"$50,337.00","$36,413.95","$13,923.05",UPI,August,8,2026,72.34%,,,,
13579,2/11/2026,1106.00,Customer 175,Chennai,Tamil Nadu,236.00,Mouse,Electronics,6.00,"$29,256.00 ",0.00%,"$175,536.00","$137,368.19","$38,167.81",Credit Card,February,2,2026,78.26%,,,,
13580,6/15/2025,1455.00,Customer 360,Mumbai,Maharashtra,267.00,Mouse,Electronics,6.00,$489.00 ,1500.00%,"$2,493.90","$1,776.07",$717.83,Debit Card,June,6,2025,71.22%,,,,
13581,10/4/2025,1401.00,Customer 327,Pune,Maharashtra,259.00,Notebook,Office,8.00,"$21,191.00 ",1500.00%,"$144,098.80","$89,965.69","$54,133.11",Credit Card,October,10,2025,62.43%,,,,
13582,2/8/2026,1109.00,Customer 219,Hyderabad,Telangana,220.00,Pen,Office,5.00,"$43,044.00 ",1500.00%,"$182,937.00","$122,880.92","$60,056.08",Debit Card,February,2,2026,67.17%,,,,
13583,1/17/2025,1297.00,Customer 63,Bengaluru,Karnataka,214.00,Notebook,Office,2.00,"$18,372.00 ",500.00%,"$34,906.80","$26,876.84","$8,029.96",UPI,January,1,2025,77.00%,,,,
13584,8/15/2025,1396.00,Customer 490,Bengaluru,Karnataka,275.00,Table,Furniture,5.00,"$1,543.00 ",500.00%,"$7,329.25","$5,131.23","$2,198.02",UPI,August,8,2025,70.01%,,,,
13585,9/19/2025,1293.00,Customer 117,Hyderabad,Telangana,281.00,Table,Furniture,4.00,"$41,426.00 ",0.00%,"$165,704.00","$119,867.87","$45,836.13",Credit Card,September,9,2025,72.34%,,,,
13586,10/25/2026,1500.00,Customer 498,Chennai,Tamil Nadu,253.00,Table,Furniture,1.00,"$39,293.00 ",500.00%,"$37,328.35","$30,502.02","$6,826.33",Credit Card,October,10,2026,81.71%,,,,
13587,9/15/2025,1087.00,Customer 67,Hyderabad,Telangana,260.00,Chair,Furniture,3.00,"$32,806.00 ",1500.00%,"$83,655.30","$51,215.69","$32,439.61",Credit Card,September,9,2025,61.22%,,,,
13588,1/10/2025,1261.00,Customer 99,Delhi,Delhi,265.00,Laptop,Electronics,6.00,"$45,588.00 ",500.00%,"$259,851.60","$220,781.35","$39,070.25",UPI,January,1,2025,84.96%,,,,
13589,7/26/2026,1216.00,Customer 176,Hyderabad,Telangana,210.00,Desk,Furniture,8.00,"$23,344.00 ",500.00%,"$177,414.40","$132,852.77","$44,561.63",Credit Card,July,7,2026,74.88%,,,,
13590,9/15/2026,1150.00,Customer 298,Hyderabad,Telangana,209.00,Mouse,Electronics,4.00,"$28,188.00 ",0.00%,"$112,752.00","$89,291.71","$23,460.29",Credit Card,September,9,2026,79.19%,,,,
13591,5/7/2026,1259.00,Customer 456,Mumbai,Maharashtra,229.00,Desk,Furniture,5.00,"$2,201.00 ",1000.00%,"$9,904.50","$8,166.57","$1,737.93",Credit Card,May,5,2026,82.45%,,,,
13592,9/2/2025,1022.00,Customer 400,Mumbai,Maharashtra,230.00,Table,Furniture,5.00,"$24,044.00 ",1000.00%,"$108,198.00","$73,705.40","$34,492.60",UPI,September,9,2025,68.12%,,,,
13593,2/28/2025,1419.00,Customer 274,Bengaluru,Karnataka,273.00,Laptop,Electronics,4.00,"$25,282.00 ",2000.00%,"$80,902.40","$72,782.68","$8,119.72",Cash,February,2,2025,89.96%,,,,
13594,10/1/2025,1476.00,Customer 95,Mumbai,Maharashtra,263.00,Notebook,Office,3.00,"$6,394.00 ",2000.00%,"$15,345.60","$11,484.96","$3,860.64",UPI,October,10,2025,74.84%,,,,
13595,9/24/2026,1329.00,Customer 338,Delhi,Delhi,262.00,Notebook,Office,8.00,"$34,201.00 ",1500.00%,"$232,566.80","$173,836.99","$58,729.81",Debit Card,September,9,2026,74.75%,,,,
13596,11/3/2025,1374.00,Customer 391,Delhi,Delhi,254.00,Notebook,Office,6.00,"$15,922.00 ",1500.00%,"$81,202.20","$60,939.61","$20,262.59",Debit Card,November,11,2025,75.05%,,,,
13597,5/15/2026,1422.00,Customer 199,Chennai,Tamil Nadu,222.00,Table,Furniture,6.00,"$43,638.00 ",0.00%,"$261,828.00","$205,550.34","$56,277.66",Debit Card,May,5,2026,78.51%,,,,
13598,11/1/2026,1087.00,Customer 93,Pune,Maharashtra,265.00,Table,Furniture,5.00,"$32,628.00 ",1500.00%,"$138,669.00","$84,053.10","$54,615.90",Cash,November,11,2026,60.61%,,,,
13599,5/18/2025,1265.00,Customer 322,Delhi,Delhi,222.00,Mouse,Electronics,6.00,"$3,221.00 ",0.00%,"$19,326.00","$14,479.15","$4,846.85",Debit Card,May,5,2025,74.92%,,,,
13600,9/19/2025,1306.00,Customer 478,Chennai,Tamil Nadu,265.00,Keyboard,Electronics,8.00,"$13,338.00 ",500.00%,"$101,368.80","$67,009.18","$34,359.62",Debit Card,September,9,2025,66.10%,,,,
13601,8/27/2026,1447.00,Customer 104,Delhi,Delhi,222.00,Mouse,Electronics,2.00,"$13,036.00 ",1500.00%,"$22,161.20","$14,346.53","$7,814.67",UPI,August,8,2026,64.74%,,,,
13602,3/17/2025,1154.00,Customer 302,Chennai,Tamil Nadu,238.00,Chair,Furniture,2.00,"$21,268.00 ",0.00%,"$42,536.00","$36,308.22","$6,227.78",Cash,March,3,2025,85.36%,,,,
13603,6/19/2025,1452.00,Customer 374,Delhi,Delhi,267.00,Notebook,Office,6.00,"$47,884.00 ",1000.00%,"$258,573.60","$196,423.35","$62,150.25",UPI,June,6,2025,75.96%,,,,
13604,9/17/2025,1247.00,Customer 136,Hyderabad,Telangana,292.00,Desk,Furniture,3.00,"$8,134.00 ",1500.00%,"$20,741.70","$14,054.39","$6,687.31",UPI,September,9,2025,67.76%,,,,
13605,5/1/2026,1015.00,Customer 43,Delhi,Delhi,295.00,Monitor,Electronics,1.00,"$43,148.00 ",0.00%,"$43,148.00","$26,563.05","$16,584.95",Cash,May,5,2026,61.56%,,,,
13606,10/10/2026,1259.00,Customer 161,Mumbai,Maharashtra,240.00,Paper,Office,1.00,"$23,267.00 ",2000.00%,"$18,613.60","$16,121.26","$2,492.34",Cash,October,10,2026,86.61%,,,,
13607,8/29/2025,1068.00,Customer 260,Pune,Maharashtra,239.00,Paper,Office,3.00,"$33,184.00 ",1500.00%,"$84,619.20","$59,666.84","$24,952.36",Credit Card,August,8,2025,70.51%,,,,
13608,10/2/2025,1362.00,Customer 270,Delhi,Delhi,277.00,Paper,Office,7.00,"$38,292.00 ",1000.00%,"$241,239.60","$184,541.74","$56,697.86",Debit Card,October,10,2025,76.50%,,,,
13609,10/19/2026,1449.00,Customer 164,Bengaluru,Karnataka,256.00,Monitor,Electronics,4.00,"$17,127.00 ",0.00%,"$68,508.00","$49,502.72","$19,005.28",Cash,October,10,2026,72.26%,,,,
13610,9/15/2026,1482.00,Customer 48,Hyderabad,Telangana,248.00,Pen,Office,1.00,"$36,265.00 ",0.00%,"$36,265.00","$21,940.70","$14,324.30",UPI,September,9,2026,60.50%,,,,
13611,3/14/2026,1273.00,Customer 34,Mumbai,Maharashtra,261.00,Paper,Office,8.00,"$20,051.00 ",500.00%,"$152,387.60","$110,185.75","$42,201.85",UPI,March,3,2026,72.31%,,,,
13612,4/27/2026,1492.00,Customer 295,Hyderabad,Telangana,237.00,Keyboard,Electronics,6.00,"$8,420.00 ",500.00%,"$47,994.00","$38,870.61","$9,123.39",Cash,April,4,2026,80.99%,,,,
13613,3/25/2025,1452.00,Customer 497,Chennai,Tamil Nadu,298.00,Pen,Office,8.00,"$41,330.00 ",0.00%,"$330,640.00","$267,748.39","$62,891.61",Credit Card,March,3,2025,80.98%,,,,
13614,12/11/2025,1119.00,Customer 65,Chennai,Tamil Nadu,267.00,Laptop,Electronics,6.00,"$6,556.00 ",0.00%,"$39,336.00","$25,668.37","$13,667.63",Cash,December,12,2025,65.25%,,,,
13615,9/9/2026,1385.00,Customer 65,Mumbai,Maharashtra,294.00,Table,Furniture,2.00,$502.00 ,1000.00%,$903.60,$669.36,$234.24,Debit Card,September,9,2026,74.08%,,,,
13616,7/14/2026,1025.00,Customer 465,Bengaluru,Karnataka,296.00,Pen,Office,5.00,"$45,370.00 ",1000.00%,"$204,165.00","$124,670.76","$79,494.24",Debit Card,July,7,2026,61.06%,,,,
13617,3/16/2026,1146.00,Customer 469,Delhi,Delhi,210.00,Paper,Office,2.00,"$34,900.00 ",0.00%,"$69,800.00","$44,576.60","$25,223.40",Credit Card,March,3,2026,63.86%,,,,
13618,5/10/2025,1224.00,Customer 246,Chennai,Tamil Nadu,247.00,Notebook,Office,7.00,"$43,874.00 ",1500.00%,"$261,050.30","$188,596.55","$72,453.75",Cash,May,5,2025,72.25%,,,,
13619,10/12/2026,1324.00,Customer 279,Mumbai,Maharashtra,215.00,Paper,Office,8.00,"$25,292.00 ",500.00%,"$192,219.20","$137,210.45","$55,008.75",Credit Card,October,10,2026,71.38%,,,,
13620,3/3/2025,1131.00,Customer 42,Mumbai,Maharashtra,203.00,Chair,Furniture,7.00,"$38,998.00 ",1500.00%,"$232,038.10","$204,134.67","$27,903.43",Debit Card,March,3,2025,87.97%,,,,
13621,1/6/2026,1315.00,Customer 287,Delhi,Delhi,289.00,Mouse,Electronics,3.00,"$8,795.00 ",0.00%,"$26,385.00","$17,756.73","$8,628.27",UPI,January,1,2026,67.30%,,,,
13622,4/26/2026,1439.00,Customer 120,Bengaluru,Karnataka,240.00,Notebook,Office,2.00,"$12,415.00 ",1500.00%,"$21,105.50","$13,220.96","$7,884.54",Debit Card,April,4,2026,62.64%,,,,
13623,5/7/2025,1131.00,Customer 401,Mumbai,Maharashtra,212.00,Mouse,Electronics,5.00,"$8,659.00 ",1500.00%,"$36,800.75","$28,817.19","$7,983.56",UPI,May,5,2025,78.31%,,,,
13624,8/12/2025,1218.00,Customer 488,Mumbai,Maharashtra,280.00,Chair,Furniture,1.00,"$5,394.00 ",0.00%,"$5,394.00","$4,728.86",$665.14,Cash,August,8,2025,87.67%,,,,
13625,10/26/2025,1363.00,Customer 264,Mumbai,Maharashtra,241.00,Chair,Furniture,1.00,"$12,315.00 ",500.00%,"$11,699.25","$7,386.84","$4,312.41",Debit Card,October,10,2025,63.14%,,,,
13626,2/2/2025,1441.00,Customer 64,Delhi,Delhi,266.00,Monitor,Electronics,6.00,"$42,766.00 ",500.00%,"$243,766.20","$188,919.94","$54,846.26",Credit Card,February,2,2025,77.50%,,,,
13627,10/1/2026,1057.00,Customer 452,Chennai,Tamil Nadu,262.00,Notebook,Office,1.00,"$40,396.00 ",2000.00%,"$32,316.80","$25,551.53","$6,765.27",UPI,October,10,2026,79.07%,,,,
13628,1/10/2026,1461.00,Customer 364,Bengaluru,Karnataka,292.00,Table,Furniture,2.00,"$12,365.00 ",1500.00%,"$21,020.50","$14,622.22","$6,398.28",UPI,January,1,2026,69.56%,,,,
13629,12/29/2026,1134.00,Customer 30,Hyderabad,Telangana,288.00,Pen,Office,4.00,"$14,930.00 ",1500.00%,"$50,762.00","$42,047.61","$8,714.39",Credit Card,December,12,2026,82.83%,,,,
13630,4/15/2025,1052.00,Customer 317,Delhi,Delhi,240.00,Paper,Office,1.00,"$23,365.00 ",1000.00%,"$21,028.50","$18,490.40","$2,538.10",Debit Card,April,4,2025,87.93%,,,,
13631,12/24/2026,1116.00,Customer 221,Pune,Maharashtra,212.00,Chair,Furniture,2.00,"$38,664.00 ",1500.00%,"$65,728.80","$51,972.35","$13,756.45",Credit Card,December,12,2026,79.07%,,,,
13632,12/18/2026,1278.00,Customer 407,Pune,Maharashtra,278.00,Keyboard,Electronics,5.00,"$9,934.00 ",0.00%,"$49,670.00","$34,212.72","$15,457.28",Cash,December,12,2026,68.88%,,,,
13633,4/4/2025,1192.00,Customer 71,Pune,Maharashtra,232.00,Mouse,Electronics,3.00,"$43,601.00 ",500.00%,"$124,262.85","$82,459.20","$41,803.65",Credit Card,April,4,2025,66.36%,,,,
13634,5/15/2025,1386.00,Customer 116,Mumbai,Maharashtra,285.00,Notebook,Office,3.00,"$38,342.00 ",0.00%,"$115,026.00","$70,616.59","$44,409.41",UPI,May,5,2025,61.39%,,,,
13635,5/1/2025,1216.00,Customer 68,Hyderabad,Telangana,246.00,Desk,Furniture,1.00,"$49,030.00 ",0.00%,"$49,030.00","$37,752.53","$11,277.47",Debit Card,May,5,2025,77.00%,,,,
13636,8/10/2025,1305.00,Customer 106,Hyderabad,Telangana,249.00,Laptop,Electronics,5.00,"$42,213.00 ",0.00%,"$211,065.00","$165,579.22","$45,485.78",Debit Card,August,8,2025,78.45%,,,,
13637,12/25/2026,1232.00,Customer 121,Chennai,Tamil Nadu,285.00,Notebook,Office,4.00,"$42,781.00 ",1000.00%,"$154,011.60","$108,974.48","$45,037.12",Debit Card,December,12,2026,70.76%,,,,
13638,8/13/2025,1107.00,Customer 358,Bengaluru,Karnataka,234.00,Keyboard,Electronics,6.00,"$41,995.00 ",1000.00%,"$226,773.00","$182,461.45","$44,311.55",Debit Card,August,8,2025,80.46%,,,,
13639,6/11/2026,1382.00,Customer 391,Delhi,Delhi,266.00,Table,Furniture,8.00,"$34,574.00 ",0.00%,"$276,592.00","$186,703.29","$89,888.71",UPI,June,6,2026,67.50%,,,,
13640,1/2/2025,1046.00,Customer 471,Chennai,Tamil Nadu,212.00,Chair,Furniture,4.00,"$26,415.00 ",1000.00%,"$95,094.00","$84,520.92","$10,573.08",Credit Card,January,1,2025,88.88%,,,,
13641,4/13/2026,1305.00,Customer 186,Delhi,Delhi,223.00,Paper,Office,8.00,"$24,533.00 ",1500.00%,"$166,824.40","$104,278.28","$62,546.12",Credit Card,April,4,2026,62.51%,,,,
13642,12/6/2025,1356.00,Customer 281,Hyderabad,Telangana,286.00,Laptop,Electronics,1.00,"$21,449.00 ",1000.00%,"$19,304.10","$11,916.97","$7,387.13",UPI,December,12,2025,61.73%,,,,
13643,7/18/2026,1486.00,Customer 329,Pune,Maharashtra,261.00,Pen,Office,1.00,"$22,159.00 ",0.00%,"$22,159.00","$15,369.36","$6,789.64",Credit Card,July,7,2026,69.36%,,,,
13644,11/28/2026,1038.00,Customer 283,Mumbai,Maharashtra,275.00,Table,Furniture,8.00,"$14,776.00 ",2000.00%,"$94,566.40","$77,931.14","$16,635.26",Debit Card,November,11,2026,82.41%,,,,
13645,5/30/2025,1148.00,Customer 387,Mumbai,Maharashtra,275.00,Notebook,Office,5.00,"$27,645.00 ",500.00%,"$131,313.75","$92,785.18","$38,528.57",Cash,May,5,2025,70.66%,,,,
13646,3/17/2025,1119.00,Customer 118,Chennai,Tamil Nadu,277.00,Pen,Office,3.00,"$35,130.00 ",1500.00%,"$89,581.50","$59,077.17","$30,504.33",Credit Card,March,3,2025,65.95%,,,,
13647,6/7/2026,1399.00,Customer 155,Mumbai,Maharashtra,283.00,Chair,Furniture,2.00,"$43,890.00 ",0.00%,"$87,780.00","$72,213.69","$15,566.31",Debit Card,June,6,2026,82.27%,,,,
13648,3/26/2026,1324.00,Customer 21,Delhi,Delhi,209.00,Paper,Office,6.00,"$8,097.00 ",0.00%,"$48,582.00","$36,499.25","$12,082.75",Cash,March,3,2026,75.13%,,,,
13649,5/20/2026,1427.00,Customer 77,Pune,Maharashtra,263.00,Keyboard,Electronics,8.00,"$35,420.00 ",0.00%,"$283,360.00","$196,642.93","$86,717.07",UPI,May,5,2026,69.40%,,,,
13650,3/6/2026,1021.00,Customer 284,Hyderabad,Telangana,273.00,Table,Furniture,3.00,"$10,030.00 ",2000.00%,"$24,072.00","$14,889.28","$9,182.72",UPI,March,3,2026,61.85%,,,,
13651,10/10/2026,1316.00,Customer 192,Delhi,Delhi,224.00,Desk,Furniture,1.00,"$39,071.00 ",2000.00%,"$31,256.80","$24,472.06","$6,784.74",Cash,October,10,2026,78.29%,,,,
13652,9/23/2026,1385.00,Customer 308,Mumbai,Maharashtra,223.00,Laptop,Electronics,8.00,"$19,157.00 ",2000.00%,"$122,604.80","$78,447.92","$44,156.88",Cash,September,9,2026,63.98%,,,,
13653,5/17/2025,1330.00,Customer 108,Pune,Maharashtra,210.00,Table,Furniture,2.00,"$1,890.00 ",2000.00%,"$3,024.00","$2,069.76",$954.24,Debit Card,May,5,2025,68.44%,,,,
13654,6/29/2026,1287.00,Customer 94,Delhi,Delhi,274.00,Monitor,Electronics,7.00,"$28,953.00 ",1500.00%,"$172,270.35","$142,972.60","$29,297.75",UPI,June,6,2026,82.99%,,,,
13655,5/18/2025,1001.00,Customer 338,Delhi,Delhi,253.00,Table,Furniture,2.00,"$47,743.00 ",500.00%,"$90,711.70","$64,744.92","$25,966.78",Cash,May,5,2025,71.37%,,,,
13656,6/12/2026,1450.00,Customer 313,Hyderabad,Telangana,206.00,Table,Furniture,5.00,"$38,763.00 ",1500.00%,"$164,742.75","$109,970.87","$54,771.88",Credit Card,June,6,2026,66.75%,,,,
13657,6/12/2026,1221.00,Customer 415,Bengaluru,Karnataka,254.00,Laptop,Electronics,6.00,"$12,889.00 ",1500.00%,"$65,733.90","$48,879.20","$16,854.70",Debit Card,June,6,2026,74.36%,,,,
13658,11/16/2025,1234.00,Customer 120,Pune,Maharashtra,290.00,Chair,Furniture,8.00,"$27,972.00 ",500.00%,"$212,587.20","$143,032.77","$69,554.43",UPI,November,11,2025,67.28%,,,,
13659,5/9/2025,1097.00,Customer 73,Hyderabad,Telangana,254.00,Chair,Furniture,4.00,"$20,004.00 ",0.00%,"$80,016.00","$61,061.90","$18,954.10",Cash,May,5,2025,76.31%,,,,
13660,11/29/2025,1154.00,Customer 44,Chennai,Tamil Nadu,245.00,Chair,Furniture,2.00,"$39,597.00 ",1000.00%,"$71,274.60","$43,079.40","$28,195.20",Cash,November,11,2025,60.44%,,,,
13661,11/1/2025,1311.00,Customer 192,Bengaluru,Karnataka,270.00,Notebook,Office,8.00,"$13,924.00 ",1000.00%,"$100,252.80","$72,001.77","$28,251.03",Debit Card,November,11,2025,71.82%,,,,
13662,6/30/2025,1239.00,Customer 45,Hyderabad,Telangana,277.00,Desk,Furniture,1.00,"$49,069.00 ",1500.00%,"$41,708.65","$33,178.48","$8,530.17",UPI,June,6,2025,79.55%,,,,
13663,6/24/2025,1237.00,Customer 240,Delhi,Delhi,280.00,Monitor,Electronics,7.00,"$18,783.00 ",0.00%,"$131,481.00","$81,503.93","$49,977.07",Debit Card,June,6,2025,61.99%,,,,
13664,9/1/2025,1291.00,Customer 120,Pune,Maharashtra,243.00,Notebook,Office,2.00,"$24,817.00 ",0.00%,"$49,634.00","$37,517.62","$12,116.38",Credit Card,September,9,2025,75.59%,,,,
13665,1/9/2025,1452.00,Customer 60,Mumbai,Maharashtra,233.00,Laptop,Electronics,4.00,"$13,174.00 ",2000.00%,"$42,156.80","$35,100.68","$7,056.12",UPI,January,1,2025,83.26%,,,,
13666,9/21/2025,1015.00,Customer 281,Delhi,Delhi,206.00,Laptop,Electronics,2.00,"$9,967.00 ",2000.00%,"$15,947.20","$12,442.49","$3,504.71",UPI,September,9,2025,78.02%,,,,
13667,10/22/2026,1012.00,Customer 66,Delhi,Delhi,254.00,Notebook,Office,7.00,"$24,457.00 ",1500.00%,"$145,519.15","$111,296.36","$34,222.79",Debit Card,October,10,2026,76.48%,,,,
13668,11/19/2026,1438.00,Customer 424,Delhi,Delhi,230.00,Pen,Office,3.00,"$33,093.00 ",2000.00%,"$79,423.20","$54,981.09","$24,442.11",Cash,November,11,2026,69.23%,,,,
13669,5/18/2026,1161.00,Customer 12,Delhi,Delhi,224.00,Monitor,Electronics,6.00,"$3,092.00 ",1500.00%,"$15,769.20","$11,922.00","$3,847.20",Cash,May,5,2026,75.60%,,,,
13670,5/19/2025,1240.00,Customer 10,Mumbai,Maharashtra,233.00,Chair,Furniture,6.00,"$13,922.00 ",2000.00%,"$66,825.60","$50,390.21","$16,435.39",Cash,May,5,2025,75.41%,,,,
13671,11/27/2025,1044.00,Customer 45,Bengaluru,Karnataka,299.00,Pen,Office,5.00,"$14,770.00 ",2000.00%,"$59,080.00","$37,205.38","$21,874.62",Credit Card,November,11,2025,62.97%,,,,
13672,8/26/2025,1432.00,Customer 398,Hyderabad,Telangana,222.00,Notebook,Office,1.00,"$19,151.00 ",0.00%,"$19,151.00","$12,801.55","$6,349.45",Credit Card,August,8,2025,66.85%,,,,
13673,11/19/2026,1329.00,Customer 182,Hyderabad,Telangana,300.00,Chair,Furniture,3.00,"$23,735.00 ",2000.00%,"$56,964.00","$48,381.35","$8,582.65",UPI,November,11,2026,84.93%,,,,
13674,8/9/2025,1494.00,Customer 32,Mumbai,Maharashtra,238.00,Pen,Office,5.00,"$48,248.00 ",2000.00%,"$192,992.00","$154,208.66","$38,783.34",Cash,August,8,2025,79.90%,,,,
13675,6/8/2025,1386.00,Customer 453,Chennai,Tamil Nadu,294.00,Notebook,Office,4.00,"$24,536.00 ",500.00%,"$93,236.80","$74,590.93","$18,645.87",UPI,June,6,2025,80.00%,,,,
13676,4/1/2025,1049.00,Customer 97,Bengaluru,Karnataka,216.00,Notebook,Office,5.00,"$14,442.00 ",2000.00%,"$57,768.00","$43,393.63","$14,374.37",Debit Card,April,4,2025,75.12%,,,,
13677,7/15/2026,1303.00,Customer 466,Pune,Maharashtra,263.00,Pen,Office,6.00,"$22,712.00 ",500.00%,"$129,458.40","$105,162.12","$24,296.28",UPI,July,7,2026,81.23%,,,,
13678,1/18/2025,1151.00,Customer 450,Pune,Maharashtra,208.00,Notebook,Office,1.00,"$27,932.00 ",0.00%,"$27,932.00","$23,254.67","$4,677.33",Credit Card,January,1,2025,83.25%,,,,
13679,8/16/2025,1446.00,Customer 212,Pune,Maharashtra,241.00,Monitor,Electronics,6.00,"$20,428.00 ",0.00%,"$122,568.00","$95,544.16","$27,023.84",Debit Card,August,8,2025,77.95%,,,,
13680,12/8/2026,1150.00,Customer 8,Mumbai,Maharashtra,247.00,Notebook,Office,1.00,"$37,281.00 ",0.00%,"$37,281.00","$26,586.40","$10,694.60",UPI,December,12,2026,71.31%,,,,
13681,2/8/2026,1427.00,Customer 421,Chennai,Tamil Nadu,202.00,Chair,Furniture,2.00,"$11,492.00 ",1000.00%,"$20,685.60","$16,654.44","$4,031.16",Credit Card,February,2,2026,80.51%,,,,
13682,10/29/2025,1090.00,Customer 184,Hyderabad,Telangana,291.00,Desk,Furniture,7.00,"$23,389.00 ",2000.00%,"$130,978.40","$79,883.24","$51,095.16",Credit Card,October,10,2025,60.99%,,,,
13683,11/3/2026,1046.00,Customer 337,Pune,Maharashtra,274.00,Keyboard,Electronics,7.00,"$17,302.00 ",1500.00%,"$102,946.90","$80,276.69","$22,670.21",UPI,November,11,2026,77.98%,,,,
13684,4/7/2025,1258.00,Customer 414,Bengaluru,Karnataka,210.00,Notebook,Office,6.00,"$26,782.00 ",1500.00%,"$136,588.20","$87,970.01","$48,618.19",UPI,April,4,2025,64.41%,,,,
13685,8/7/2026,1413.00,Customer 350,Delhi,Delhi,275.00,Table,Furniture,8.00,"$35,083.00 ",2000.00%,"$224,531.20","$138,487.05","$86,044.15",Cash,August,8,2026,61.68%,,,,
13686,12/28/2025,1006.00,Customer 402,Mumbai,Maharashtra,265.00,Desk,Furniture,1.00,"$36,890.00 ",1500.00%,"$31,356.50","$26,657.48","$4,699.02",Debit Card,December,12,2025,85.01%,,,,
13687,4/16/2025,1007.00,Customer 367,Bengaluru,Karnataka,275.00,Pen,Office,5.00,"$10,908.00 ",0.00%,"$54,540.00","$36,157.22","$18,382.78",Credit Card,April,4,2025,66.29%,,,,
13688,11/26/2026,1229.00,Customer 63,Hyderabad,Telangana,243.00,Laptop,Electronics,6.00,"$39,976.00 ",0.00%,"$239,856.00","$168,901.30","$70,954.70",Cash,November,11,2026,70.42%,,,,
13689,3/28/2026,1337.00,Customer 384,Hyderabad,Telangana,277.00,Paper,Office,6.00,"$40,405.00 ",500.00%,"$230,308.50","$205,901.61","$24,406.89",Cash,March,3,2026,89.40%,,,,
13690,12/4/2026,1175.00,Customer 297,Mumbai,Maharashtra,266.00,Monitor,Electronics,2.00,"$22,252.00 ",2000.00%,"$35,603.20","$31,674.60","$3,928.60",UPI,December,12,2026,88.97%,,,,
13691,7/9/2025,1278.00,Customer 353,Hyderabad,Telangana,283.00,Notebook,Office,1.00,"$23,109.00 ",2000.00%,"$18,487.20","$15,487.18","$3,000.02",UPI,July,7,2025,83.77%,,,,
13692,5/6/2025,1101.00,Customer 82,Hyderabad,Telangana,211.00,Keyboard,Electronics,2.00,"$23,166.00 ",1000.00%,"$41,698.80","$28,807.82","$12,890.98",UPI,May,5,2025,69.09%,,,,
13693,5/9/2026,1028.00,Customer 44,Hyderabad,Telangana,209.00,Pen,Office,1.00,"$44,037.00 ",2000.00%,"$35,229.60","$24,647.74","$10,581.86",Cash,May,5,2026,69.96%,,,,
13694,10/14/2025,1318.00,Customer 249,Pune,Maharashtra,221.00,Notebook,Office,5.00,"$6,659.00 ",500.00%,"$31,630.25","$22,911.52","$8,718.73",Cash,October,10,2025,72.44%,,,,
13695,11/4/2025,1197.00,Customer 27,Hyderabad,Telangana,276.00,Chair,Furniture,4.00,"$17,817.00 ",1000.00%,"$64,141.20","$41,753.54","$22,387.66",Debit Card,November,11,2025,65.10%,,,,
13696,9/10/2026,1096.00,Customer 39,Pune,Maharashtra,232.00,Pen,Office,3.00,"$11,317.00 ",2000.00%,"$27,160.80","$21,764.54","$5,396.26",Debit Card,September,9,2026,80.13%,,,,
13697,8/8/2026,1440.00,Customer 388,Bengaluru,Karnataka,292.00,Notebook,Office,4.00,"$2,348.00 ",1000.00%,"$8,452.80","$5,953.71","$2,499.09",UPI,August,8,2026,70.43%,,,,
13698,2/16/2025,1139.00,Customer 176,Mumbai,Maharashtra,258.00,Chair,Furniture,2.00,"$37,704.00 ",1000.00%,"$67,867.20","$51,118.26","$16,748.94",Cash,February,2,2025,75.32%,,,,
13699,9/19/2025,1223.00,Customer 279,Chennai,Tamil Nadu,272.00,Desk,Furniture,2.00,"$27,129.00 ",2000.00%,"$43,406.40","$27,213.16","$16,193.24",UPI,September,9,2025,62.69%,,,,
13700,2/28/2025,1044.00,Customer 326,Chennai,Tamil Nadu,239.00,Pen,Office,2.00,"$37,883.00 ",0.00%,"$75,766.00","$49,235.71","$26,530.29",Debit Card,February,2,2025,64.98%,,,,
13701,2/27/2025,1076.00,Customer 231,Chennai,Tamil Nadu,289.00,Desk,Furniture,3.00,"$36,235.00 ",2000.00%,"$86,964.00","$59,248.57","$27,715.43",UPI,February,2,2025,68.13%,,,,
13702,10/22/2026,1018.00,Customer 127,Pune,Maharashtra,236.00,Laptop,Electronics,1.00,"$23,255.00 ",1500.00%,"$19,766.75","$14,332.08","$5,434.67",Debit Card,October,10,2026,72.51%,,,,
13703,2/25/2026,1201.00,Customer 370,Chennai,Tamil Nadu,278.00,Mouse,Electronics,5.00,"$3,124.00 ",0.00%,"$15,620.00","$10,413.70","$5,206.30",Credit Card,February,2,2026,66.67%,,,,
13704,9/22/2026,1434.00,Customer 118,Mumbai,Maharashtra,233.00,Mouse,Electronics,3.00,"$9,818.00 ",0.00%,"$29,454.00","$21,157.99","$8,296.01",Debit Card,September,9,2026,71.83%,,,,
13705,6/19/2025,1434.00,Customer 158,Hyderabad,Telangana,235.00,Mouse,Electronics,7.00,"$14,546.00 ",1500.00%,"$86,548.70","$56,613.74","$29,934.96",Credit Card,June,6,2025,65.41%,,,,
13706,9/14/2025,1127.00,Customer 284,Mumbai,Maharashtra,276.00,Chair,Furniture,1.00,"$48,870.00 ",500.00%,"$46,426.50","$37,722.44","$8,704.06",UPI,September,9,2025,81.25%,,,,
13707,8/8/2025,1028.00,Customer 364,Delhi,Delhi,296.00,Monitor,Electronics,5.00,"$38,366.00 ",1000.00%,"$172,647.00","$103,961.27","$68,685.73",Cash,August,8,2025,60.22%,,,,
13708,5/6/2025,1469.00,Customer 493,Delhi,Delhi,295.00,Notebook,Office,2.00,"$10,833.00 ",2000.00%,"$17,332.80","$15,530.96","$1,801.84",UPI,May,5,2025,89.60%,,,,
13709,1/23/2026,1085.00,Customer 496,Bengaluru,Karnataka,269.00,Laptop,Electronics,3.00,"$22,500.00 ",0.00%,"$67,500.00","$43,764.01","$23,735.99",Debit Card,January,1,2026,64.84%,,,,
13710,3/20/2026,1141.00,Customer 297,Mumbai,Maharashtra,230.00,Chair,Furniture,5.00,"$18,104.00 ",1500.00%,"$76,942.00","$55,068.46","$21,873.54",Debit Card,March,3,2026,71.57%,,,,
13711,3/22/2026,1178.00,Customer 435,Bengaluru,Karnataka,281.00,Table,Furniture,2.00,"$7,219.00 ",0.00%,"$14,438.00","$10,170.53","$4,267.47",Debit Card,March,3,2026,70.44%,,,,
13712,8/31/2025,1483.00,Customer 484,Mumbai,Maharashtra,270.00,Table,Furniture,4.00,"$32,546.00 ",500.00%,"$123,674.80","$109,794.30","$13,880.50",UPI,August,8,2025,88.78%,,,,
13713,4/22/2025,1495.00,Customer 301,Delhi,Delhi,247.00,Paper,Office,1.00,"$33,144.00 ",500.00%,"$31,486.80","$22,339.11","$9,147.69",Credit Card,April,4,2025,70.95%,,,,
13714,9/22/2026,1441.00,Customer 55,Bengaluru,Karnataka,232.00,Chair,Furniture,3.00,"$3,082.00 ",0.00%,"$9,246.00","$6,714.15","$2,531.85",Debit Card,September,9,2026,72.62%,,,,
13715,11/30/2025,1238.00,Customer 56,Hyderabad,Telangana,284.00,Notebook,Office,2.00,"$34,430.00 ",1500.00%,"$58,531.00","$47,365.47","$11,165.53",Debit Card,November,11,2025,80.92%,,,,
13716,4/3/2025,1461.00,Customer 261,Hyderabad,Telangana,272.00,Chair,Furniture,2.00,"$39,236.00 ",1000.00%,"$70,624.80","$43,208.06","$27,416.74",UPI,April,4,2025,61.18%,,,,
13717,9/16/2026,1224.00,Customer 328,Chennai,Tamil Nadu,285.00,Mouse,Electronics,7.00,"$37,612.00 ",1500.00%,"$223,791.40","$185,364.74","$38,426.66",UPI,September,9,2026,82.83%,,,,
13718,1/4/2026,1309.00,Customer 69,Bengaluru,Karnataka,249.00,Desk,Furniture,1.00,"$45,164.00 ",1000.00%,"$40,647.60","$34,609.04","$6,038.56",Credit Card,January,1,2026,85.14%,,,,
13719,4/11/2026,1094.00,Customer 219,Mumbai,Maharashtra,222.00,Notebook,Office,5.00,"$36,787.00 ",500.00%,"$174,738.25","$154,602.97","$20,135.28",Credit Card,April,4,2026,88.48%,,,,
13720,11/22/2026,1112.00,Customer 293,Hyderabad,Telangana,244.00,Paper,Office,7.00,"$38,826.00 ",500.00%,"$258,192.90","$214,789.16","$43,403.74",UPI,November,11,2026,83.19%,,,,
13721,12/7/2026,1097.00,Customer 21,Hyderabad,Telangana,299.00,Chair,Furniture,6.00,"$16,133.00 ",500.00%,"$91,958.10","$81,705.34","$10,252.76",Cash,December,12,2026,88.85%,,,,
13722,2/8/2026,1147.00,Customer 95,Mumbai,Maharashtra,214.00,Mouse,Electronics,6.00,"$41,004.00 ",1500.00%,"$209,120.40","$187,353.95","$21,766.45",Cash,February,2,2026,89.59%,,,,
13723,4/4/2025,1413.00,Customer 91,Pune,Maharashtra,233.00,Table,Furniture,7.00,"$43,170.00 ",1500.00%,"$256,861.50","$154,940.41","$101,921.09",Credit Card,April,4,2025,60.32%,,,,
13724,8/7/2026,1343.00,Customer 83,Bengaluru,Karnataka,201.00,Desk,Furniture,2.00,"$3,001.00 ",2000.00%,"$4,801.60","$3,863.89",$937.71,UPI,August,8,2026,80.47%,,,,
13725,3/30/2025,1415.00,Customer 386,Chennai,Tamil Nadu,270.00,Mouse,Electronics,6.00,"$29,171.00 ",500.00%,"$166,274.70","$105,922.19","$60,352.51",UPI,March,3,2025,63.70%,,,,
13726,3/17/2025,1042.00,Customer 23,Bengaluru,Karnataka,240.00,Paper,Office,8.00,"$35,160.00 ",2000.00%,"$225,024.00","$169,313.59","$55,710.41",Credit Card,March,3,2025,75.24%,,,,
13727,5/26/2025,1378.00,Customer 69,Hyderabad,Telangana,204.00,Desk,Furniture,6.00,"$13,474.00 ",1500.00%,"$68,717.40","$48,405.90","$20,311.50",UPI,May,5,2025,70.44%,,,,
13728,8/14/2026,1172.00,Customer 296,Chennai,Tamil Nadu,212.00,Paper,Office,7.00,"$7,828.00 ",1000.00%,"$49,316.40","$37,401.58","$11,914.82",UPI,August,8,2026,75.84%,,,,
13729,12/26/2026,1458.00,Customer 301,Mumbai,Maharashtra,255.00,Paper,Office,3.00,"$12,008.00 ",1500.00%,"$30,620.40","$22,581.05","$8,039.35",UPI,December,12,2026,73.75%,,,,
13730,5/24/2025,1098.00,Customer 185,Hyderabad,Telangana,217.00,Table,Furniture,6.00,"$21,702.00 ",1000.00%,"$117,190.80","$94,702.18","$22,488.62",UPI,May,5,2025,80.81%,,,,
13731,12/16/2026,1199.00,Customer 270,Delhi,Delhi,298.00,Laptop,Electronics,5.00,"$1,256.00 ",1500.00%,"$5,338.00","$3,346.65","$1,991.35",UPI,December,12,2026,62.69%,,,,
13732,5/5/2025,1355.00,Customer 144,Chennai,Tamil Nadu,285.00,Mouse,Electronics,1.00,"$3,569.00 ",1000.00%,"$3,212.10","$2,686.69",$525.41,Cash,May,5,2025,83.64%,,,,
13733,1/16/2025,1467.00,Customer 196,Hyderabad,Telangana,206.00,Table,Furniture,7.00,"$29,708.00 ",0.00%,"$207,956.00","$176,388.81","$31,567.19",Cash,January,1,2025,84.82%,,,,
13734,8/22/2025,1148.00,Customer 83,Hyderabad,Telangana,285.00,Laptop,Electronics,7.00,"$18,563.00 ",1500.00%,"$110,449.85","$96,089.26","$14,360.59",Debit Card,August,8,2025,87.00%,,,,
13735,8/26/2026,1436.00,Customer 20,Pune,Maharashtra,230.00,Paper,Office,4.00,"$23,783.00 ",0.00%,"$95,132.00","$69,313.84","$25,818.16",UPI,August,8,2026,72.86%,,,,
13736,6/9/2026,1250.00,Customer 317,Chennai,Tamil Nadu,207.00,Mouse,Electronics,2.00,"$2,617.00 ",500.00%,"$4,972.30","$2,996.76","$1,975.54",UPI,June,6,2026,60.27%,,,,
13737,3/6/2026,1407.00,Customer 9,Mumbai,Maharashtra,293.00,Monitor,Electronics,4.00,"$43,169.00 ",500.00%,"$164,042.20","$134,152.08","$29,890.12",Cash,March,3,2026,81.78%,,,,
13738,2/28/2026,1186.00,Customer 90,Hyderabad,Telangana,250.00,Chair,Furniture,3.00,"$30,087.00 ",1500.00%,"$76,721.85","$62,502.27","$14,219.58",Cash,February,2,2026,81.47%,,,,
13739,3/27/2025,1386.00,Customer 74,Chennai,Tamil Nadu,296.00,Notebook,Office,2.00,"$34,074.00 ",1500.00%,"$57,925.80","$43,978.44","$13,947.36",UPI,March,3,2025,75.92%,,,,
13740,11/5/2026,1321.00,Customer 405,Mumbai,Maharashtra,219.00,Pen,Office,5.00,"$6,736.00 ",0.00%,"$33,680.00","$26,049.16","$7,630.84",Credit Card,November,11,2026,77.34%,,,,
13741,4/16/2025,1022.00,Customer 86,Hyderabad,Telangana,205.00,Notebook,Office,3.00,"$31,468.00 ",1000.00%,"$84,963.60","$56,380.59","$28,583.01",UPI,April,4,2025,66.36%,,,,
13742,2/11/2025,1266.00,Customer 142,Delhi,Delhi,254.00,Chair,Furniture,3.00,"$23,441.00 ",1000.00%,"$63,290.70","$54,597.46","$8,693.24",Cash,February,2,2025,86.26%,,,,
13743,1/4/2025,1067.00,Customer 199,Bengaluru,Karnataka,253.00,Notebook,Office,2.00,"$35,800.00 ",1000.00%,"$64,440.00","$53,285.50","$11,154.50",Credit Card,January,1,2025,82.69%,,,,
13744,7/9/2025,1324.00,Customer 218,Hyderabad,Telangana,233.00,Chair,Furniture,3.00,"$37,883.00 ",1000.00%,"$102,284.10","$83,156.54","$19,127.56",Credit Card,July,7,2025,81.30%,,,,
13745,2/16/2025,1203.00,Customer 297,Hyderabad,Telangana,270.00,Monitor,Electronics,8.00,"$19,060.00 ",1500.00%,"$129,608.00","$114,847.22","$14,760.78",Credit Card,February,2,2025,88.61%,,,,
13746,4/15/2025,1195.00,Customer 141,Mumbai,Maharashtra,248.00,Paper,Office,7.00,"$13,554.00 ",2000.00%,"$75,902.40","$48,563.41","$27,338.99",UPI,April,4,2025,63.98%,,,,
13747,6/23/2026,1476.00,Customer 5,Delhi,Delhi,238.00,Mouse,Electronics,3.00,"$16,452.00 ",1000.00%,"$44,420.40","$36,603.08","$7,817.32",Credit Card,June,6,2026,82.40%,,,,
13748,9/24/2025,1209.00,Customer 38,Chennai,Tamil Nadu,236.00,Monitor,Electronics,1.00,"$20,872.00 ",500.00%,"$19,828.40","$17,273.27","$2,555.13",Cash,September,9,2025,87.11%,,,,
13749,10/26/2025,1495.00,Customer 322,Mumbai,Maharashtra,222.00,Monitor,Electronics,5.00,"$14,036.00 ",0.00%,"$70,180.00","$48,819.27","$21,360.73",Cash,October,10,2025,69.56%,,,,
13750,2/24/2025,1255.00,Customer 23,Mumbai,Maharashtra,268.00,Desk,Furniture,4.00,"$41,146.00 ",500.00%,"$156,354.80","$118,669.69","$37,685.11",Cash,February,2,2025,75.90%,,,,
13751,6/18/2026,1451.00,Customer 254,Delhi,Delhi,299.00,Mouse,Electronics,1.00,"$49,137.00 ",1500.00%,"$41,766.45","$37,460.07","$4,306.38",UPI,June,6,2026,89.69%,,,,
13752,5/24/2025,1253.00,Customer 440,Hyderabad,Telangana,248.00,Keyboard,Electronics,6.00,"$30,010.00 ",0.00%,"$180,060.00","$151,273.40","$28,786.60",Credit Card,May,5,2025,84.01%,,,,
13753,4/12/2026,1444.00,Customer 68,Pune,Maharashtra,263.00,Pen,Office,4.00,"$7,222.00 ",500.00%,"$27,443.60","$19,289.98","$8,153.62",Debit Card,April,4,2026,70.29%,,,,
13754,11/9/2026,1281.00,Customer 129,Pune,Maharashtra,279.00,Chair,Furniture,3.00,"$15,723.00 ",1500.00%,"$40,093.65","$27,028.72","$13,064.93",UPI,November,11,2026,67.41%,,,,
13755,2/23/2025,1426.00,Customer 379,Pune,Maharashtra,297.00,Pen,Office,6.00,"$31,321.00 ",500.00%,"$178,529.70","$123,774.70","$54,755.00",Credit Card,February,2,2025,69.33%,,,,
13756,1/27/2025,1012.00,Customer 294,Chennai,Tamil Nadu,292.00,Pen,Office,8.00,"$20,417.00 ",1500.00%,"$138,835.60","$113,331.04","$25,504.56",UPI,January,1,2025,81.63%,,,,
13757,12/19/2026,1288.00,Customer 289,Chennai,Tamil Nadu,299.00,Table,Furniture,2.00,"$13,031.00 ",500.00%,"$24,758.90","$16,730.99","$8,027.91",Debit Card,December,12,2026,67.58%,,,,
13758,12/22/2025,1084.00,Customer 67,Hyderabad,Telangana,246.00,Desk,Furniture,4.00,"$40,758.00 ",0.00%,"$163,032.00","$133,041.24","$29,990.76",UPI,December,12,2025,81.60%,,,,
13759,9/10/2025,1152.00,Customer 150,Delhi,Delhi,241.00,Keyboard,Electronics,8.00,"$27,116.00 ",500.00%,"$206,081.60","$168,411.53","$37,670.07",Cash,September,9,2025,81.72%,,,,
13760,6/12/2025,1126.00,Customer 271,Mumbai,Maharashtra,255.00,Notebook,Office,5.00,"$31,881.00 ",500.00%,"$151,434.75","$102,359.71","$49,075.04",Cash,June,6,2025,67.59%,,,,
13761,4/7/2026,1014.00,Customer 138,Pune,Maharashtra,264.00,Notebook,Office,2.00,"$21,705.00 ",0.00%,"$43,410.00","$35,858.16","$7,551.84",UPI,April,4,2026,82.60%,,,,
13762,9/29/2026,1278.00,Customer 300,Bengaluru,Karnataka,205.00,Mouse,Electronics,5.00,"$47,585.00 ",500.00%,"$226,028.75","$167,134.69","$58,894.06",Cash,September,9,2026,73.94%,,,,
13763,3/28/2025,1034.00,Customer 373,Bengaluru,Karnataka,250.00,Notebook,Office,6.00,"$22,995.00 ",2000.00%,"$110,376.00","$77,799.29","$32,576.71",UPI,March,3,2025,70.49%,,,,
13764,11/11/2025,1110.00,Customer 477,Mumbai,Maharashtra,290.00,Pen,Office,2.00,"$36,567.00 ",2000.00%,"$58,507.20","$49,383.15","$9,124.05",Debit Card,November,11,2025,84.41%,,,,
13765,3/21/2026,1135.00,Customer 146,Hyderabad,Telangana,205.00,Monitor,Electronics,2.00,"$13,354.00 ",1000.00%,"$24,037.20","$15,519.03","$8,518.17",Debit Card,March,3,2026,64.56%,,,,
13766,5/1/2025,1250.00,Customer 114,Pune,Maharashtra,274.00,Table,Furniture,4.00,"$26,441.00 ",1000.00%,"$95,187.60","$68,366.99","$26,820.61",Credit Card,May,5,2025,71.82%,,,,
13767,1/31/2025,1214.00,Customer 116,Bengaluru,Karnataka,209.00,Chair,Furniture,1.00,"$44,629.00 ",1000.00%,"$40,166.10","$35,817.17","$4,348.93",Debit Card,January,1,2025,89.17%,,,,
13768,2/19/2025,1002.00,Customer 174,Delhi,Delhi,270.00,Notebook,Office,5.00,"$18,896.00 ",2000.00%,"$75,584.00","$47,802.61","$27,781.39",Credit Card,February,2,2025,63.24%,,,,
13769,7/14/2026,1199.00,Customer 166,Bengaluru,Karnataka,265.00,Mouse,Electronics,3.00,"$33,226.00 ",500.00%,"$94,694.10","$61,765.80","$32,928.30",Credit Card,July,7,2026,65.23%,,,,
13770,8/1/2026,1371.00,Customer 237,Mumbai,Maharashtra,219.00,Mouse,Electronics,3.00,"$45,261.00 ",0.00%,"$135,783.00","$109,261.04","$26,521.96",Cash,August,8,2026,80.47%,,,,
13771,4/8/2026,1047.00,Customer 420,Pune,Maharashtra,221.00,Paper,Office,4.00,"$32,238.00 ",2000.00%,"$103,161.60","$62,139.24","$41,022.36",UPI,April,4,2026,60.23%,,,,
13772,11/14/2025,1358.00,Customer 125,Delhi,Delhi,297.00,Keyboard,Electronics,8.00,"$26,160.00 ",1500.00%,"$177,888.00","$120,803.44","$57,084.56",Credit Card,November,11,2025,67.91%,,,,
13773,11/6/2025,1134.00,Customer 122,Mumbai,Maharashtra,280.00,Table,Furniture,4.00,"$31,441.00 ",500.00%,"$119,475.80","$85,929.50","$33,546.30",Debit Card,November,11,2025,71.92%,,,,
13774,10/16/2026,1343.00,Customer 89,Chennai,Tamil Nadu,262.00,Pen,Office,6.00,"$13,273.00 ",1500.00%,"$67,692.30","$42,760.12","$24,932.18",Credit Card,October,10,2026,63.17%,,,,
13775,2/19/2026,1411.00,Customer 18,Delhi,Delhi,277.00,Paper,Office,5.00,"$40,314.00 ",1500.00%,"$171,334.50","$117,602.53","$53,731.97",UPI,February,2,2026,68.64%,,,,
13776,5/14/2025,1337.00,Customer 137,Chennai,Tamil Nadu,233.00,Paper,Office,7.00,"$10,978.00 ",0.00%,"$76,846.00","$65,119.88","$11,726.12",Credit Card,May,5,2025,84.74%,,,,
13777,10/31/2025,1452.00,Customer 227,Chennai,Tamil Nadu,275.00,Paper,Office,4.00,"$32,926.00 ",500.00%,"$125,118.80","$111,908.13","$13,210.67",Cash,October,10,2025,89.44%,,,,
13778,5/13/2025,1260.00,Customer 158,Mumbai,Maharashtra,244.00,Monitor,Electronics,4.00,"$44,849.00 ",0.00%,"$179,396.00","$114,461.09","$64,934.91",Debit Card,May,5,2025,63.80%,,,,
13779,3/11/2026,1307.00,Customer 359,Hyderabad,Telangana,227.00,Chair,Furniture,3.00,"$1,383.00 ",0.00%,"$4,149.00","$3,108.31","$1,040.69",UPI,March,3,2026,74.92%,,,,
13780,4/16/2025,1022.00,Customer 317,Hyderabad,Telangana,207.00,Table,Furniture,7.00,"$23,981.00 ",0.00%,"$167,867.00","$144,153.52","$23,713.48",Cash,April,4,2025,85.87%,,,,
13781,11/17/2025,1471.00,Customer 407,Delhi,Delhi,289.00,Pen,Office,3.00,"$39,963.00 ",0.00%,"$119,889.00","$79,074.30","$40,814.70",Credit Card,November,11,2025,65.96%,,,,
13782,6/18/2026,1338.00,Customer 88,Mumbai,Maharashtra,287.00,Monitor,Electronics,5.00,"$6,414.00 ",0.00%,"$32,070.00","$28,720.43","$3,349.57",Cash,June,6,2026,89.56%,,,,
13783,7/30/2025,1303.00,Customer 279,Pune,Maharashtra,242.00,Keyboard,Electronics,7.00,"$12,494.00 ",2000.00%,"$69,966.40","$52,660.51","$17,305.89",UPI,July,7,2025,75.27%,,,,
13784,6/16/2025,1003.00,Customer 364,Chennai,Tamil Nadu,296.00,Notebook,Office,1.00,"$47,517.00 ",2000.00%,"$38,013.60","$28,492.07","$9,521.53",UPI,June,6,2025,74.95%,,,,
13785,11/26/2026,1206.00,Customer 416,Chennai,Tamil Nadu,214.00,Chair,Furniture,5.00,"$1,899.00 ",500.00%,"$9,020.25","$5,569.38","$3,450.87",Debit Card,November,11,2026,61.74%,,,,
13786,5/20/2026,1415.00,Customer 422,Delhi,Delhi,294.00,Desk,Furniture,6.00,"$16,336.00 ",2000.00%,"$78,412.80","$47,073.30","$31,339.50",UPI,May,5,2026,60.03%,,,,
13787,12/23/2025,1134.00,Customer 104,Pune,Maharashtra,259.00,Mouse,Electronics,8.00,"$12,099.00 ",500.00%,"$91,952.40","$73,016.07","$18,936.33",Credit Card,December,12,2025,79.41%,,,,
13788,9/26/2026,1094.00,Customer 119,Bengaluru,Karnataka,247.00,Monitor,Electronics,8.00,"$35,280.00 ",0.00%,"$282,240.00","$202,547.23","$79,692.77",Cash,September,9,2026,71.76%,,,,
13789,10/19/2025,1303.00,Customer 40,Delhi,Delhi,224.00,Laptop,Electronics,7.00,"$38,354.00 ",2000.00%,"$214,782.40","$166,443.35","$48,339.05",UPI,October,10,2025,77.49%,,,,
13790,7/29/2025,1248.00,Customer 277,Chennai,Tamil Nadu,263.00,Mouse,Electronics,2.00,"$16,131.00 ",0.00%,"$32,262.00","$24,418.73","$7,843.27",Credit Card,July,7,2025,75.69%,,,,
13791,7/26/2026,1070.00,Customer 441,Pune,Maharashtra,240.00,Table,Furniture,1.00,"$17,122.00 ",0.00%,"$17,122.00","$13,131.74","$3,990.26",Credit Card,July,7,2026,76.70%,,,,
13792,10/3/2026,1399.00,Customer 5,Mumbai,Maharashtra,263.00,Monitor,Electronics,3.00,$917.00 ,1500.00%,"$2,338.35","$2,078.04",$260.31,Debit Card,October,10,2026,88.87%,,,,
13793,4/25/2025,1045.00,Customer 404,Chennai,Tamil Nadu,230.00,Chair,Furniture,7.00,"$31,114.00 ",2000.00%,"$174,238.40","$114,713.06","$59,525.34",Debit Card,April,4,2025,65.84%,,,,
13794,11/21/2025,1181.00,Customer 247,Pune,Maharashtra,227.00,Desk,Furniture,7.00,"$23,290.00 ",500.00%,"$154,878.50","$121,137.66","$33,740.84",Debit Card,November,11,2025,78.21%,,,,
13795,2/15/2026,1219.00,Customer 422,Pune,Maharashtra,283.00,Chair,Furniture,4.00,"$14,517.00 ",500.00%,"$55,164.60","$48,150.29","$7,014.31",Credit Card,February,2,2026,87.28%,,,,
13796,4/14/2025,1037.00,Customer 170,Mumbai,Maharashtra,297.00,Keyboard,Electronics,1.00,"$3,662.00 ",500.00%,"$3,478.90","$2,401.26","$1,077.64",UPI,April,4,2025,69.02%,,,,
13797,6/12/2026,1113.00,Customer 278,Chennai,Tamil Nadu,218.00,Table,Furniture,4.00,"$38,509.00 ",500.00%,"$146,334.20","$92,572.32","$53,761.88",Credit Card,June,6,2026,63.26%,,,,
13798,9/14/2025,1096.00,Customer 398,Chennai,Tamil Nadu,278.00,Monitor,Electronics,8.00,"$40,821.00 ",1500.00%,"$277,582.80","$166,864.42","$110,718.38",UPI,September,9,2025,60.11%,,,,
13799,1/8/2025,1369.00,Customer 7,Pune,Maharashtra,289.00,Chair,Furniture,5.00,"$25,835.00 ",1500.00%,"$109,798.75","$92,411.72","$17,387.03",Cash,January,1,2025,84.16%,,,,
13800,9/24/2025,1394.00,Customer 386,Pune,Maharashtra,217.00,Mouse,Electronics,5.00,"$31,619.00 ",2000.00%,"$126,476.00","$89,292.69","$37,183.31",Debit Card,September,9,2025,70.60%,,,,
13801,11/26/2026,1475.00,Customer 235,Chennai,Tamil Nadu,254.00,Desk,Furniture,2.00,"$21,279.00 ",1000.00%,"$38,302.20","$26,727.61","$11,574.59",Debit Card,November,11,2026,69.78%,,,,
13802,1/19/2025,1281.00,Customer 251,Hyderabad,Telangana,217.00,Pen,Office,8.00,"$22,967.00 ",1500.00%,"$156,175.60","$135,702.76","$20,472.84",Debit Card,January,1,2025,86.89%,,,,
13803,9/23/2025,1488.00,Customer 375,Chennai,Tamil Nadu,201.00,Pen,Office,8.00,"$2,306.00 ",1000.00%,"$16,603.20","$11,313.55","$5,289.65",UPI,September,9,2025,68.14%,,,,
13804,9/21/2025,1283.00,Customer 70,Chennai,Tamil Nadu,245.00,Chair,Furniture,7.00,"$7,580.00 ",500.00%,"$50,407.00","$40,489.48","$9,917.52",Cash,September,9,2025,80.33%,,,,
13805,1/16/2025,1060.00,Customer 145,Mumbai,Maharashtra,271.00,Notebook,Office,6.00,"$4,896.00 ",2000.00%,"$23,500.80","$19,432.00","$4,068.80",UPI,January,1,2025,82.69%,,,,
13806,8/28/2026,1420.00,Customer 137,Mumbai,Maharashtra,276.00,Pen,Office,5.00,"$23,761.00 ",1500.00%,"$100,984.25","$71,779.89","$29,204.36",UPI,August,8,2026,71.08%,,,,
13807,9/2/2025,1356.00,Customer 350,Mumbai,Maharashtra,274.00,Paper,Office,2.00,"$26,747.00 ",1500.00%,"$45,469.90","$39,846.14","$5,623.76",Credit Card,September,9,2025,87.63%,,,,
13808,6/12/2025,1101.00,Customer 49,Pune,Maharashtra,245.00,Table,Furniture,5.00,"$29,083.00 ",1000.00%,"$130,873.50","$82,196.85","$48,676.65",Debit Card,June,6,2025,62.81%,,,,
13809,8/24/2026,1341.00,Customer 141,Hyderabad,Telangana,265.00,Mouse,Electronics,3.00,"$31,091.00 ",2000.00%,"$74,618.40","$61,035.54","$13,582.86",Credit Card,August,8,2026,81.80%,,,,
13810,8/31/2025,1062.00,Customer 18,Chennai,Tamil Nadu,228.00,Chair,Furniture,5.00,"$45,609.00 ",500.00%,"$216,642.75","$140,039.21","$76,603.54",Cash,August,8,2025,64.64%,,,,
13811,4/7/2025,1343.00,Customer 344,Pune,Maharashtra,214.00,Notebook,Office,4.00,"$4,642.00 ",500.00%,"$17,639.60","$13,778.98","$3,860.62",Cash,April,4,2025,78.11%,,,,
13812,1/15/2025,1086.00,Customer 393,Delhi,Delhi,219.00,Notebook,Office,7.00,"$46,730.00 ",2000.00%,"$261,688.00","$218,761.44","$42,926.56",UPI,January,1,2025,83.60%,,,,
13813,4/13/2026,1479.00,Customer 102,Pune,Maharashtra,240.00,Laptop,Electronics,2.00,"$1,560.00 ",1500.00%,"$2,652.00","$1,660.94",$991.06,Cash,April,4,2026,62.63%,,,,
13814,5/20/2026,1176.00,Customer 262,Pune,Maharashtra,295.00,Table,Furniture,7.00,"$24,106.00 ",1500.00%,"$143,430.70","$87,273.54","$56,157.16",UPI,May,5,2026,60.85%,,,,
13815,10/15/2025,1018.00,Customer 388,Mumbai,Maharashtra,204.00,Chair,Furniture,8.00,"$1,154.00 ",500.00%,"$8,770.40","$7,876.52",$893.88,UPI,October,10,2025,89.81%,,,,
13816,10/6/2025,1214.00,Customer 370,Bengaluru,Karnataka,255.00,Notebook,Office,4.00,"$38,273.00 ",2000.00%,"$122,473.60","$88,817.14","$33,656.46",Debit Card,October,10,2025,72.52%,,,,
13817,7/19/2026,1338.00,Customer 111,Hyderabad,Telangana,220.00,Paper,Office,2.00,"$11,459.00 ",1500.00%,"$19,480.30","$12,688.09","$6,792.21",UPI,July,7,2026,65.13%,,,,
13818,5/29/2026,1043.00,Customer 475,Delhi,Delhi,286.00,Mouse,Electronics,5.00,"$43,792.00 ",0.00%,"$218,960.00","$160,358.83","$58,601.17",Credit Card,May,5,2026,73.24%,,,,
13819,7/27/2025,1011.00,Customer 4,Mumbai,Maharashtra,235.00,Mouse,Electronics,6.00,"$7,575.00 ",0.00%,"$45,450.00","$35,016.38","$10,433.62",Cash,July,7,2025,77.04%,,,,
13820,6/15/2025,1473.00,Customer 451,Delhi,Delhi,288.00,Laptop,Electronics,7.00,"$45,802.00 ",1500.00%,"$272,521.90","$196,899.99","$75,621.91",Debit Card,June,6,2025,72.25%,,,,
13821,9/18/2026,1202.00,Customer 209,Hyderabad,Telangana,278.00,Chair,Furniture,4.00,"$16,691.00 ",1500.00%,"$56,749.40","$45,300.41","$11,448.99",Debit Card,September,9,2026,79.83%,,,,
13822,4/24/2025,1174.00,Customer 373,Pune,Maharashtra,217.00,Pen,Office,4.00,"$42,504.00 ",1500.00%,"$144,513.60","$119,746.06","$24,767.54",Credit Card,April,4,2025,82.86%,,,,
13823,9/8/2026,1264.00,Customer 23,Bengaluru,Karnataka,265.00,Pen,Office,2.00,"$47,463.00 ",500.00%,"$90,179.70","$63,842.21","$26,337.49",Cash,September,9,2026,70.79%,,,,
13824,2/2/2026,1077.00,Customer 352,Pune,Maharashtra,270.00,Desk,Furniture,3.00,"$23,392.00 ",1500.00%,"$59,649.60","$52,279.21","$7,370.39",UPI,February,2,2026,87.64%,,,,
13825,1/30/2025,1414.00,Customer 495,Pune,Maharashtra,249.00,Monitor,Electronics,6.00,"$21,891.00 ",1000.00%,"$118,211.40","$84,359.26","$33,852.14",Cash,January,1,2025,71.36%,,,,
13826,5/22/2025,1131.00,Customer 456,Delhi,Delhi,286.00,Pen,Office,3.00,"$1,710.00 ",2000.00%,"$4,104.00","$2,956.87","$1,147.13",Cash,May,5,2025,72.05%,,,,
13827,1/11/2026,1014.00,Customer 21,Chennai,Tamil Nadu,284.00,Pen,Office,3.00,"$18,190.00 ",500.00%,"$51,841.50","$43,753.74","$8,087.76",UPI,January,1,2026,84.40%,,,,
13828,3/17/2026,1285.00,Customer 190,Delhi,Delhi,219.00,Monitor,Electronics,4.00,"$11,599.00 ",500.00%,"$44,076.20","$33,868.66","$10,207.54",Cash,March,3,2026,76.84%,,,,
13829,5/2/2026,1242.00,Customer 103,Delhi,Delhi,250.00,Pen,Office,1.00,"$39,238.00 ",2000.00%,"$31,390.40","$22,453.33","$8,937.07",UPI,May,5,2026,71.53%,,,,
13830,1/9/2025,1435.00,Customer 118,Bengaluru,Karnataka,284.00,Mouse,Electronics,8.00,"$30,942.00 ",1000.00%,"$222,782.40","$188,253.62","$34,528.78",Cash,January,1,2025,84.50%,,,,
13831,8/24/2025,1224.00,Customer 240,Chennai,Tamil Nadu,245.00,Chair,Furniture,5.00,"$9,629.00 ",2000.00%,"$38,516.00","$23,480.02","$15,035.98",Cash,August,8,2025,60.96%,,,,
13832,7/22/2025,1047.00,Customer 279,Mumbai,Maharashtra,268.00,Chair,Furniture,8.00,"$13,630.00 ",1500.00%,"$92,684.00","$61,926.56","$30,757.44",Debit Card,July,7,2025,66.81%,,,,
13833,7/24/2026,1211.00,Customer 47,Mumbai,Maharashtra,291.00,Chair,Furniture,4.00,"$29,002.00 ",1000.00%,"$104,407.20","$79,884.43","$24,522.77",UPI,July,7,2026,76.51%,,,,
13834,9/17/2025,1222.00,Customer 8,Hyderabad,Telangana,300.00,Monitor,Electronics,4.00,"$24,087.00 ",2000.00%,"$77,078.40","$58,193.05","$18,885.35",Credit Card,September,9,2025,75.50%,,,,
13835,1/12/2025,1495.00,Customer 27,Mumbai,Maharashtra,276.00,Keyboard,Electronics,5.00,"$7,583.00 ",2000.00%,"$30,332.00","$22,844.10","$7,487.90",Credit Card,January,1,2025,75.31%,,,,
13836,10/15/2025,1273.00,Customer 385,Delhi,Delhi,267.00,Monitor,Electronics,6.00,"$28,842.00 ",1000.00%,"$155,746.80","$111,266.90","$44,479.90",UPI,October,10,2025,71.44%,,,,
13837,4/22/2026,1243.00,Customer 368,Hyderabad,Telangana,272.00,Paper,Office,3.00,"$46,645.00 ",0.00%,"$139,935.00","$90,085.87","$49,849.13",Debit Card,April,4,2026,64.38%,,,,
13838,7/25/2025,1350.00,Customer 121,Chennai,Tamil Nadu,213.00,Table,Furniture,6.00,"$24,907.00 ",500.00%,"$141,969.90","$100,962.79","$41,007.11",UPI,July,7,2025,71.12%,,,,
13839,11/8/2025,1104.00,Customer 145,Hyderabad,Telangana,250.00,Keyboard,Electronics,8.00,"$33,970.00 ",500.00%,"$258,172.00","$202,277.44","$55,894.56",Debit Card,November,11,2025,78.35%,,,,
13840,6/21/2025,1153.00,Customer 223,Chennai,Tamil Nadu,273.00,Desk,Furniture,7.00,"$14,320.00 ",0.00%,"$100,240.00","$81,467.91","$18,772.09",Cash,June,6,2025,81.27%,,,,
13841,1/12/2025,1070.00,Customer 351,Pune,Maharashtra,207.00,Keyboard,Electronics,7.00,"$16,127.00 ",0.00%,"$112,889.00","$94,189.31","$18,699.69",Cash,January,1,2025,83.44%,,,,
13842,1/9/2026,1150.00,Customer 189,Delhi,Delhi,211.00,Keyboard,Electronics,8.00,"$39,030.00 ",500.00%,"$296,628.00","$184,362.33","$112,265.67",Debit Card,January,1,2026,62.15%,,,,
13843,5/15/2025,1083.00,Customer 151,Mumbai,Maharashtra,259.00,Notebook,Office,7.00,"$1,181.00 ",0.00%,"$8,267.00","$6,310.46","$1,956.54",UPI,May,5,2025,76.33%,,,,
13844,6/3/2026,1435.00,Customer 27,Bengaluru,Karnataka,299.00,Chair,Furniture,8.00,"$8,595.00 ",1000.00%,"$61,884.00","$48,862.33","$13,021.67",Debit Card,June,6,2026,78.96%,,,,
13845,4/29/2026,1424.00,Customer 223,Chennai,Tamil Nadu,295.00,Paper,Office,8.00,"$49,529.00 ",1000.00%,"$356,608.80","$216,574.61","$140,034.19",UPI,April,4,2026,60.73%,,,,
13846,6/3/2025,1458.00,Customer 351,Hyderabad,Telangana,238.00,Table,Furniture,1.00,"$15,730.00 ",1000.00%,"$14,157.00","$10,369.26","$3,787.74",UPI,June,6,2025,73.24%,,,,
13847,4/24/2025,1260.00,Customer 321,Hyderabad,Telangana,258.00,Monitor,Electronics,1.00,"$4,919.00 ",1500.00%,"$4,181.15","$3,393.68",$787.47,Credit Card,April,4,2025,81.17%,,,,
13848,3/12/2026,1443.00,Customer 209,Bengaluru,Karnataka,293.00,Desk,Furniture,7.00,"$10,865.00 ",0.00%,"$76,055.00","$63,661.47","$12,393.53",Debit Card,March,3,2026,83.70%,,,,
13849,12/16/2025,1175.00,Customer 392,Chennai,Tamil Nadu,264.00,Keyboard,Electronics,7.00,"$29,132.00 ",2000.00%,"$163,139.20","$138,198.88","$24,940.32",Cash,December,12,2025,84.71%,,,,
13850,7/23/2025,1370.00,Customer 475,Hyderabad,Telangana,251.00,Notebook,Office,6.00,"$35,949.00 ",1000.00%,"$194,124.60","$167,413.89","$26,710.71",Debit Card,July,7,2025,86.24%,,,,
13851,10/4/2026,1122.00,Customer 14,Delhi,Delhi,287.00,Chair,Furniture,5.00,"$44,910.00 ",1000.00%,"$202,095.00","$172,992.93","$29,102.07",UPI,October,10,2026,85.60%,,,,
13852,1/29/2025,1454.00,Customer 122,Delhi,Delhi,258.00,Paper,Office,5.00,"$28,285.00 ",2000.00%,"$113,140.00","$77,110.83","$36,029.17",Debit Card,January,1,2025,68.16%,,,,
13853,12/13/2025,1255.00,Customer 347,Pune,Maharashtra,206.00,Chair,Furniture,7.00,"$22,836.00 ",0.00%,"$159,852.00","$126,830.07","$33,021.93",Cash,December,12,2025,79.34%,,,,
13854,6/29/2026,1074.00,Customer 465,Chennai,Tamil Nadu,232.00,Keyboard,Electronics,8.00,"$16,633.00 ",1500.00%,"$113,104.40","$82,363.36","$30,741.04",Credit Card,June,6,2026,72.82%,,,,
13855,11/12/2026,1185.00,Customer 353,Chennai,Tamil Nadu,233.00,Notebook,Office,4.00,"$21,388.00 ",500.00%,"$81,274.40","$54,001.44","$27,272.96",Credit Card,November,11,2026,66.44%,,,,
13856,11/19/2026,1014.00,Customer 488,Delhi,Delhi,222.00,Laptop,Electronics,7.00,"$28,850.00 ",2000.00%,"$161,560.00","$111,807.10","$49,752.90",Debit Card,November,11,2026,69.20%,,,,
13857,3/4/2026,1012.00,Customer 231,Hyderabad,Telangana,236.00,Keyboard,Electronics,4.00,"$21,236.00 ",2000.00%,"$67,955.20","$55,869.99","$12,085.21",Credit Card,March,3,2026,82.22%,,,,
13858,11/1/2025,1408.00,Customer 91,Delhi,Delhi,245.00,Chair,Furniture,1.00,"$41,483.00 ",0.00%,"$41,483.00","$35,152.59","$6,330.41",Cash,November,11,2025,84.74%,,,,
13859,9/6/2025,1278.00,Customer 445,Pune,Maharashtra,283.00,Laptop,Electronics,5.00,"$24,934.00 ",1000.00%,"$112,203.00","$93,482.27","$18,720.73",Cash,September,9,2025,83.32%,,,,
13860,9/11/2026,1125.00,Customer 371,Delhi,Delhi,286.00,Laptop,Electronics,8.00,"$28,037.00 ",1500.00%,"$190,651.60","$150,378.77","$40,272.83",UPI,September,9,2026,78.88%,,,,
13861,8/15/2026,1339.00,Customer 223,Mumbai,Maharashtra,210.00,Keyboard,Electronics,4.00,"$39,943.00 ",2000.00%,"$127,817.60","$92,771.42","$35,046.18",Debit Card,August,8,2026,72.58%,,,,
13862,1/26/2025,1284.00,Customer 263,Chennai,Tamil Nadu,258.00,Laptop,Electronics,5.00,"$40,426.00 ",1000.00%,"$181,917.00","$112,762.77","$69,154.23",Cash,January,1,2025,61.99%,,,,
13863,4/23/2026,1482.00,Customer 409,Bengaluru,Karnataka,259.00,Mouse,Electronics,1.00,"$31,518.00 ",1000.00%,"$28,366.20","$21,053.99","$7,312.21",UPI,April,4,2026,74.22%,,,,
13864,7/16/2026,1179.00,Customer 74,Hyderabad,Telangana,227.00,Pen,Office,7.00,"$36,525.00 ",1000.00%,"$230,107.50","$145,365.48","$84,742.02",Credit Card,July,7,2026,63.17%,,,,
13865,7/29/2026,1305.00,Customer 381,Hyderabad,Telangana,227.00,Monitor,Electronics,7.00,"$45,641.00 ",0.00%,"$319,487.00","$253,181.58","$66,305.42",Cash,July,7,2026,79.25%,,,,
13866,6/27/2026,1157.00,Customer 436,Mumbai,Maharashtra,234.00,Mouse,Electronics,4.00,"$40,720.00 ",2000.00%,"$130,304.00","$97,906.94","$32,397.06",Debit Card,June,6,2026,75.14%,,,,
13867,5/22/2025,1135.00,Customer 59,Chennai,Tamil Nadu,254.00,Paper,Office,1.00,"$43,307.00 ",1000.00%,"$38,976.30","$30,676.68","$8,299.62",Debit Card,May,5,2025,78.71%,,,,
13868,5/4/2026,1358.00,Customer 121,Bengaluru,Karnataka,276.00,Notebook,Office,8.00,"$36,242.00 ",1500.00%,"$246,445.60","$175,200.13","$71,245.47",Credit Card,May,5,2026,71.09%,,,,
13869,2/4/2025,1392.00,Customer 61,Pune,Maharashtra,296.00,Keyboard,Electronics,3.00,"$23,220.00 ",0.00%,"$69,660.00","$57,932.79","$11,727.21",Credit Card,February,2,2025,83.17%,,,,
13870,5/9/2025,1274.00,Customer 108,Bengaluru,Karnataka,257.00,Chair,Furniture,3.00,"$33,836.00 ",1000.00%,"$91,357.20","$73,200.92","$18,156.28",UPI,May,5,2025,80.13%,,,,
13871,5/20/2026,1189.00,Customer 159,Mumbai,Maharashtra,206.00,Laptop,Electronics,1.00,"$21,982.00 ",1000.00%,"$19,783.80","$14,824.22","$4,959.58",UPI,May,5,2026,74.93%,,,,
13872,10/19/2026,1134.00,Customer 308,Chennai,Tamil Nadu,247.00,Notebook,Office,6.00,"$38,605.00 ",0.00%,"$231,630.00","$160,353.21","$71,276.79",UPI,October,10,2026,69.23%,,,,
13873,6/10/2025,1458.00,Customer 395,Chennai,Tamil Nadu,211.00,Notebook,Office,1.00,"$2,718.00 ",2000.00%,"$2,174.40","$1,788.15",$386.25,UPI,June,6,2025,82.24%,,,,
13874,10/8/2025,1372.00,Customer 70,Bengaluru,Karnataka,229.00,Paper,Office,7.00,"$2,744.00 ",1000.00%,"$17,287.20","$10,892.01","$6,395.19",UPI,October,10,2025,63.01%,,,,
13875,12/4/2025,1292.00,Customer 270,Mumbai,Maharashtra,261.00,Chair,Furniture,5.00,"$39,249.00 ",2000.00%,"$156,996.00","$103,393.87","$53,602.13",Credit Card,December,12,2025,65.86%,,,,
13876,10/8/2026,1113.00,Customer 371,Pune,Maharashtra,220.00,Mouse,Electronics,5.00,"$28,751.00 ",500.00%,"$136,567.25","$109,125.51","$27,441.74",Debit Card,October,10,2026,79.91%,,,,
13877,12/4/2026,1113.00,Customer 45,Chennai,Tamil Nadu,276.00,Table,Furniture,5.00,"$43,270.00 ",2000.00%,"$173,080.00","$149,281.61","$23,798.39",Debit Card,December,12,2026,86.25%,,,,
13878,6/16/2026,1450.00,Customer 45,Mumbai,Maharashtra,295.00,Table,Furniture,5.00,"$4,717.00 ",0.00%,"$23,585.00","$20,920.73","$2,664.27",UPI,June,6,2026,88.70%,,,,
13879,7/6/2025,1002.00,Customer 278,Delhi,Delhi,289.00,Paper,Office,5.00,"$46,020.00 ",1000.00%,"$207,090.00","$180,305.13","$26,784.87",Credit Card,July,7,2025,87.07%,,,,
13880,6/16/2026,1500.00,Customer 177,Mumbai,Maharashtra,219.00,Mouse,Electronics,1.00,"$22,780.00 ",2000.00%,"$18,224.00","$14,969.59","$3,254.41",Cash,June,6,2026,82.14%,,,,
13881,12/5/2026,1151.00,Customer 212,Delhi,Delhi,285.00,Paper,Office,7.00,"$49,728.00 ",0.00%,"$348,096.00","$307,015.77","$41,080.23",Cash,December,12,2026,88.20%,,,,
13882,12/7/2025,1122.00,Customer 496,Pune,Maharashtra,287.00,Notebook,Office,2.00,"$32,085.00 ",500.00%,"$60,961.50","$53,435.74","$7,525.76",Cash,December,12,2025,87.65%,,,,
13883,9/9/2026,1200.00,Customer 13,Delhi,Delhi,225.00,Table,Furniture,3.00,"$44,877.00 ",1500.00%,"$114,436.35","$75,127.58","$39,308.77",Cash,September,9,2026,65.65%,,,,
13884,9/11/2025,1480.00,Customer 363,Mumbai,Maharashtra,203.00,Mouse,Electronics,5.00,"$32,738.00 ",1000.00%,"$147,321.00","$131,287.77","$16,033.23",UPI,September,9,2025,89.12%,,,,
13885,10/5/2026,1059.00,Customer 215,Pune,Maharashtra,216.00,Pen,Office,7.00,"$36,749.00 ",0.00%,"$257,243.00","$167,917.89","$89,325.11",Credit Card,October,10,2026,65.28%,,,,
13886,1/9/2026,1230.00,Customer 162,Bengaluru,Karnataka,266.00,Table,Furniture,5.00,"$2,404.00 ",500.00%,"$11,419.00","$9,434.65","$1,984.35",Debit Card,January,1,2026,82.62%,,,,
13887,6/2/2026,1388.00,Customer 465,Hyderabad,Telangana,235.00,Paper,Office,6.00,"$46,858.00 ",2000.00%,"$224,918.40","$169,265.92","$55,652.48",Debit Card,June,6,2026,75.26%,,,,
13888,9/4/2026,1177.00,Customer 463,Delhi,Delhi,259.00,Table,Furniture,8.00,"$1,621.00 ",1000.00%,"$11,671.20","$9,369.93","$2,301.27",Credit Card,September,9,2026,80.28%,,,,
13889,8/19/2025,1500.00,Customer 290,Pune,Maharashtra,293.00,Laptop,Electronics,8.00,"$36,645.00 ",1500.00%,"$249,186.00","$149,511.69","$99,674.31",Credit Card,August,8,2025,60.00%,,,,
13890,12/18/2026,1324.00,Customer 461,Hyderabad,Telangana,295.00,Desk,Furniture,6.00,"$40,945.00 ",0.00%,"$245,670.00","$148,044.76","$97,625.24",Cash,December,12,2026,60.26%,,,,
13891,2/28/2025,1496.00,Customer 244,Bengaluru,Karnataka,214.00,Keyboard,Electronics,3.00,"$23,499.00 ",0.00%,"$70,497.00","$47,428.06","$23,068.94",Cash,February,2,2025,67.28%,,,,
13892,1/29/2026,1366.00,Customer 283,Mumbai,Maharashtra,266.00,Laptop,Electronics,6.00,"$2,013.00 ",1500.00%,"$10,266.30","$9,080.93","$1,185.37",UPI,January,1,2026,88.45%,,,,
13893,2/21/2026,1055.00,Customer 40,Mumbai,Maharashtra,278.00,Notebook,Office,5.00,"$15,641.00 ",500.00%,"$74,294.75","$65,579.61","$8,715.14",Debit Card,February,2,2026,88.27%,,,,
13894,6/30/2025,1339.00,Customer 380,Hyderabad,Telangana,293.00,Mouse,Electronics,5.00,"$48,463.00 ",0.00%,"$242,315.00","$164,289.09","$78,025.91",Credit Card,June,6,2025,67.80%,,,,
13895,4/2/2025,1291.00,Customer 208,Hyderabad,Telangana,300.00,Laptop,Electronics,3.00,"$25,887.00 ",500.00%,"$73,777.95","$56,084.08","$17,693.87",UPI,April,4,2025,76.02%,,,,
13896,6/30/2026,1076.00,Customer 431,Bengaluru,Karnataka,219.00,Table,Furniture,4.00,"$34,996.00 ",500.00%,"$132,984.80","$84,392.05","$48,592.75",Debit Card,June,6,2026,63.46%,,,,
13897,5/19/2026,1303.00,Customer 271,Mumbai,Maharashtra,289.00,Desk,Furniture,7.00,"$45,564.00 ",1500.00%,"$271,105.80","$229,378.24","$41,727.56",Credit Card,May,5,2026,84.61%,,,,
13898,9/24/2025,1110.00,Customer 385,Bengaluru,Karnataka,233.00,Pen,Office,8.00,"$22,439.00 ",500.00%,"$170,536.40","$115,490.23","$55,046.17",UPI,September,9,2025,67.72%,,,,
13899,11/24/2026,1437.00,Customer 273,Bengaluru,Karnataka,274.00,Desk,Furniture,3.00,"$15,558.00 ",0.00%,"$46,674.00","$41,462.55","$5,211.45",UPI,November,11,2026,88.83%,,,,
13900,11/14/2026,1488.00,Customer 221,Chennai,Tamil Nadu,255.00,Table,Furniture,8.00,"$39,616.00 ",0.00%,"$316,928.00","$268,294.64","$48,633.36",UPI,November,11,2026,84.65%,,,,
13901,6/9/2026,1351.00,Customer 307,Delhi,Delhi,292.00,Desk,Furniture,7.00,$724.00 ,500.00%,"$4,814.60","$4,010.84",$803.76,Credit Card,June,6,2026,83.31%,,,,
13902,1/12/2026,1176.00,Customer 345,Bengaluru,Karnataka,224.00,Table,Furniture,2.00,"$16,016.00 ",0.00%,"$32,032.00","$21,064.03","$10,967.97",UPI,January,1,2026,65.76%,,,,
13903,6/18/2025,1092.00,Customer 23,Mumbai,Maharashtra,290.00,Monitor,Electronics,7.00,"$23,378.00 ",500.00%,"$155,463.70","$101,777.14","$53,686.56",Cash,June,6,2025,65.47%,,,,
13904,7/12/2025,1172.00,Customer 342,Chennai,Tamil Nadu,258.00,Notebook,Office,6.00,"$34,223.00 ",1500.00%,"$174,537.30","$148,797.39","$25,739.91",UPI,July,7,2025,85.25%,,,,
13905,4/23/2025,1487.00,Customer 475,Pune,Maharashtra,246.00,Paper,Office,1.00,"$39,208.00 ",1000.00%,"$35,287.20","$31,098.64","$4,188.56",Credit Card,April,4,2025,88.13%,,,,
13906,11/7/2025,1472.00,Customer 397,Mumbai,Maharashtra,273.00,Table,Furniture,1.00,"$33,761.00 ",1500.00%,"$28,696.85","$21,199.63","$7,497.22",UPI,November,11,2025,73.87%,,,,
13907,10/12/2026,1287.00,Customer 355,Hyderabad,Telangana,220.00,Paper,Office,7.00,"$3,082.00 ",1000.00%,"$19,416.60","$14,203.28","$5,213.32",Cash,October,10,2026,73.15%,,,,
13908,10/30/2026,1342.00,Customer 356,Delhi,Delhi,293.00,Paper,Office,6.00,"$5,551.00 ",1000.00%,"$29,975.40","$20,341.45","$9,633.95",Cash,October,10,2026,67.86%,,,,
13909,8/11/2026,1431.00,Customer 179,Pune,Maharashtra,241.00,Paper,Office,5.00,"$21,453.00 ",1500.00%,"$91,175.25","$70,118.06","$21,057.19",Debit Card,August,8,2026,76.90%,,,,
13910,12/29/2026,1110.00,Customer 268,Bengaluru,Karnataka,277.00,Paper,Office,1.00,"$19,137.00 ",2000.00%,"$15,309.60","$12,180.07","$3,129.53",UPI,December,12,2026,79.56%,,,,
13911,6/4/2025,1252.00,Customer 61,Pune,Maharashtra,220.00,Pen,Office,1.00,"$30,988.00 ",2000.00%,"$24,790.40","$15,068.73","$9,721.67",UPI,June,6,2025,60.78%,,,,
13912,3/11/2026,1227.00,Customer 475,Mumbai,Maharashtra,287.00,Keyboard,Electronics,4.00,"$6,385.00 ",2000.00%,"$20,432.00","$16,878.64","$3,553.36",UPI,March,3,2026,82.61%,,,,
13913,8/11/2026,1496.00,Customer 128,Bengaluru,Karnataka,258.00,Pen,Office,8.00,"$20,648.00 ",2000.00%,"$132,147.20","$103,253.02","$28,894.18",UPI,August,8,2026,78.13%,,,,
13914,3/24/2025,1388.00,Customer 33,Bengaluru,Karnataka,292.00,Paper,Office,2.00,"$3,336.00 ",500.00%,"$6,338.40","$4,313.00","$2,025.40",Cash,March,3,2025,68.05%,,,,
13915,10/15/2026,1095.00,Customer 431,Delhi,Delhi,281.00,Laptop,Electronics,2.00,"$44,065.00 ",1500.00%,"$74,910.50","$48,038.78","$26,871.72",Credit Card,October,10,2026,64.13%,,,,
13916,6/16/2025,1392.00,Customer 104,Delhi,Delhi,275.00,Paper,Office,7.00,"$49,156.00 ",1500.00%,"$292,478.20","$216,819.11","$75,659.09",Debit Card,June,6,2025,74.13%,,,,
13917,3/24/2025,1093.00,Customer 46,Hyderabad,Telangana,236.00,Mouse,Electronics,5.00,"$34,582.00 ",2000.00%,"$138,328.00","$94,203.96","$44,124.04",UPI,March,3,2025,68.10%,,,,
13918,3/1/2026,1401.00,Customer 7,Hyderabad,Telangana,285.00,Pen,Office,2.00,"$10,849.00 ",1000.00%,"$19,528.20","$11,783.66","$7,744.54",UPI,March,3,2026,60.34%,,,,
13919,3/19/2025,1421.00,Customer 114,Delhi,Delhi,215.00,Table,Furniture,5.00,"$43,455.00 ",2000.00%,"$173,820.00","$141,702.89","$32,117.11",UPI,March,3,2025,81.52%,,,,
13920,9/20/2026,1304.00,Customer 145,Hyderabad,Telangana,277.00,Desk,Furniture,2.00,"$47,603.00 ",1000.00%,"$85,685.40","$51,507.01","$34,178.39",Credit Card,September,9,2026,60.11%,,,,
13921,12/25/2025,1311.00,Customer 306,Pune,Maharashtra,282.00,Keyboard,Electronics,2.00,"$43,268.00 ",1000.00%,"$77,882.40","$61,931.41","$15,950.99",Cash,December,12,2025,79.52%,,,,
13922,1/4/2026,1008.00,Customer 456,Chennai,Tamil Nadu,238.00,Desk,Furniture,5.00,"$5,940.00 ",500.00%,"$28,215.00","$20,090.53","$8,124.47",Cash,January,1,2026,71.21%,,,,
13923,4/9/2025,1176.00,Customer 41,Bengaluru,Karnataka,230.00,Paper,Office,2.00,"$31,865.00 ",500.00%,"$60,543.50","$53,179.96","$7,363.54",Cash,April,4,2025,87.84%,,,,
13924,7/28/2026,1402.00,Customer 84,Hyderabad,Telangana,288.00,Paper,Office,1.00,"$5,138.00 ",1000.00%,"$4,624.20","$2,922.80","$1,701.40",Credit Card,July,7,2026,63.21%,,,,
13925,10/24/2025,1371.00,Customer 287,Pune,Maharashtra,290.00,Desk,Furniture,2.00,"$44,868.00 ",1500.00%,"$76,275.60","$66,536.67","$9,738.93",Credit Card,October,10,2025,87.23%,,,,
13926,1/14/2026,1089.00,Customer 433,Delhi,Delhi,204.00,Desk,Furniture,4.00,"$34,949.00 ",2000.00%,"$111,836.80","$92,540.36","$19,296.44",Cash,January,1,2026,82.75%,,,,
13927,6/7/2025,1300.00,Customer 394,Bengaluru,Karnataka,249.00,Keyboard,Electronics,2.00,"$36,184.00 ",500.00%,"$68,749.60","$44,583.54","$24,166.06",Credit Card,June,6,2025,64.85%,,,,
13928,7/4/2026,1391.00,Customer 491,Bengaluru,Karnataka,202.00,Table,Furniture,8.00,"$13,213.00 ",500.00%,"$100,418.80","$60,299.59","$40,119.21",Cash,July,7,2026,60.05%,,,,
13929,12/13/2026,1237.00,Customer 341,Pune,Maharashtra,292.00,Mouse,Electronics,3.00,"$10,520.00 ",2000.00%,"$25,248.00","$22,032.06","$3,215.94",Debit Card,December,12,2026,87.26%,,,,
13930,4/2/2026,1172.00,Customer 422,Chennai,Tamil Nadu,271.00,Notebook,Office,7.00,"$46,719.00 ",1500.00%,"$277,978.05","$236,987.02","$40,991.03",Cash,April,4,2026,85.25%,,,,
13931,9/3/2025,1337.00,Customer 415,Delhi,Delhi,283.00,Keyboard,Electronics,1.00,"$46,894.00 ",500.00%,"$44,549.30","$39,399.19","$5,150.11",Credit Card,September,9,2025,88.44%,,,,
13932,2/23/2025,1344.00,Customer 132,Chennai,Tamil Nadu,299.00,Desk,Furniture,8.00,"$1,706.00 ",0.00%,"$13,648.00","$11,915.90","$1,732.10",UPI,February,2,2025,87.31%,,,,
13933,4/17/2026,1300.00,Customer 409,Chennai,Tamil Nadu,217.00,Keyboard,Electronics,8.00,"$36,874.00 ",1500.00%,"$250,743.20","$200,999.35","$49,743.85",UPI,April,4,2026,80.16%,,,,
13934,4/3/2026,1414.00,Customer 421,Mumbai,Maharashtra,252.00,Chair,Furniture,1.00,"$30,057.00 ",500.00%,"$28,554.15","$23,610.98","$4,943.17",Cash,April,4,2026,82.69%,,,,
13935,2/24/2026,1465.00,Customer 425,Mumbai,Maharashtra,300.00,Paper,Office,1.00,"$15,925.00 ",500.00%,"$15,128.75","$12,991.26","$2,137.49",Debit Card,February,2,2026,85.87%,,,,
13936,5/8/2025,1252.00,Customer 489,Pune,Maharashtra,247.00,Keyboard,Electronics,8.00,"$8,404.00 ",1500.00%,"$57,147.20","$50,048.86","$7,098.34",Cash,May,5,2025,87.58%,,,,
13937,8/26/2025,1358.00,Customer 134,Mumbai,Maharashtra,216.00,Pen,Office,8.00,"$12,079.00 ",1500.00%,"$82,137.20","$53,032.22","$29,104.98",Cash,August,8,2025,64.57%,,,,
13938,1/24/2026,1012.00,Customer 282,Mumbai,Maharashtra,229.00,Desk,Furniture,4.00,"$2,261.00 ",2000.00%,"$7,235.20","$5,632.46","$1,602.74",Credit Card,January,1,2026,77.85%,,,,
13939,6/3/2026,1405.00,Customer 271,Delhi,Delhi,212.00,Notebook,Office,6.00,"$45,734.00 ",0.00%,"$274,404.00","$171,686.76","$102,717.24",Cash,June,6,2026,62.57%,,,,
13940,7/7/2026,1026.00,Customer 127,Bengaluru,Karnataka,278.00,Mouse,Electronics,1.00,"$41,153.00 ",2000.00%,"$32,922.40","$21,497.84","$11,424.56",Credit Card,July,7,2026,65.30%,,,,
13941,2/21/2025,1454.00,Customer 189,Mumbai,Maharashtra,202.00,Desk,Furniture,4.00,"$15,089.00 ",1000.00%,"$54,320.40","$34,318.16","$20,002.24",UPI,February,2,2025,63.18%,,,,
13942,1/16/2026,1061.00,Customer 301,Chennai,Tamil Nadu,215.00,Keyboard,Electronics,3.00,"$36,750.00 ",1000.00%,"$99,225.00","$84,330.59","$14,894.41",UPI,January,1,2026,84.99%,,,,
13943,3/7/2025,1156.00,Customer 349,Mumbai,Maharashtra,226.00,Table,Furniture,6.00,"$4,383.00 ",500.00%,"$24,983.10","$19,474.67","$5,508.43",Cash,March,3,2025,77.95%,,,,
13944,9/30/2025,1167.00,Customer 10,Delhi,Delhi,259.00,Desk,Furniture,2.00,"$22,392.00 ",0.00%,"$44,784.00","$29,130.97","$15,653.03",UPI,September,9,2025,65.05%,,,,
13945,8/31/2025,1276.00,Customer 475,Hyderabad,Telangana,215.00,Monitor,Electronics,8.00,"$20,698.00 ",1500.00%,"$140,746.40","$89,886.04","$50,860.36",UPI,August,8,2025,63.86%,,,,
13946,6/13/2026,1343.00,Customer 96,Mumbai,Maharashtra,256.00,Desk,Furniture,6.00,"$21,133.00 ",0.00%,"$126,798.00","$90,580.86","$36,217.14",Debit Card,June,6,2026,71.44%,,,,
13947,10/28/2025,1402.00,Customer 26,Mumbai,Maharashtra,211.00,Keyboard,Electronics,8.00,"$21,977.00 ",0.00%,"$175,816.00","$131,538.89","$44,277.11",Cash,October,10,2025,74.82%,,,,
13948,12/8/2026,1409.00,Customer 110,Hyderabad,Telangana,230.00,Mouse,Electronics,4.00,"$23,426.00 ",2000.00%,"$74,963.20","$45,528.50","$29,434.70",Debit Card,December,12,2026,60.73%,,,,
13949,4/12/2026,1349.00,Customer 291,Mumbai,Maharashtra,263.00,Laptop,Electronics,7.00,"$25,715.00 ",1000.00%,"$162,004.50","$113,261.53","$48,742.97",Cash,April,4,2026,69.91%,,,,
13950,7/22/2026,1364.00,Customer 87,Delhi,Delhi,300.00,Pen,Office,6.00,"$32,245.00 ",0.00%,"$193,470.00","$162,352.28","$31,117.72",Cash,July,7,2026,83.92%,,,,
13951,7/6/2025,1458.00,Customer 59,Pune,Maharashtra,210.00,Pen,Office,5.00,"$26,414.00 ",1000.00%,"$118,863.00","$80,079.32","$38,783.68",Cash,July,7,2025,67.37%,,,,
13952,1/3/2025,1078.00,Customer 472,Bengaluru,Karnataka,263.00,Paper,Office,2.00,"$48,741.00 ",0.00%,"$97,482.00","$86,828.59","$10,653.41",Debit Card,January,1,2025,89.07%,,,,
13953,8/1/2026,1233.00,Customer 421,Pune,Maharashtra,227.00,Table,Furniture,5.00,"$21,634.00 ",0.00%,"$108,170.00","$93,640.90","$14,529.10",Cash,August,8,2026,86.57%,,,,
13954,10/23/2025,1053.00,Customer 106,Hyderabad,Telangana,226.00,Table,Furniture,1.00,"$21,196.00 ",2000.00%,"$16,956.80","$12,320.47","$4,636.33",Debit Card,October,10,2025,72.66%,,,,
13955,6/10/2026,1420.00,Customer 107,Hyderabad,Telangana,248.00,Keyboard,Electronics,3.00,"$19,019.00 ",0.00%,"$57,057.00","$40,188.29","$16,868.71",Debit Card,June,6,2026,70.44%,,,,
13956,5/28/2026,1035.00,Customer 99,Bengaluru,Karnataka,218.00,Notebook,Office,5.00,$334.00 ,0.00%,"$1,670.00","$1,071.39",$598.61,Cash,May,5,2026,64.16%,,,,
13957,6/3/2026,1105.00,Customer 40,Chennai,Tamil Nadu,216.00,Pen,Office,1.00,"$25,513.00 ",2000.00%,"$20,410.40","$16,058.33","$4,352.07",UPI,June,6,2026,78.68%,,,,
13958,3/8/2026,1471.00,Customer 248,Delhi,Delhi,269.00,Desk,Furniture,6.00,"$3,381.00 ",1500.00%,"$17,243.10","$15,176.39","$2,066.71",Debit Card,March,3,2026,88.01%,,,,
13959,1/6/2026,1267.00,Customer 282,Bengaluru,Karnataka,215.00,Desk,Furniture,1.00,"$29,038.00 ",500.00%,"$27,586.10","$21,782.93","$5,803.17",Credit Card,January,1,2026,78.96%,,,,
13960,6/11/2026,1119.00,Customer 232,Bengaluru,Karnataka,297.00,Table,Furniture,8.00,"$47,103.00 ",0.00%,"$376,824.00","$243,683.64","$133,140.36",Cash,June,6,2026,64.67%,,,,
13961,6/3/2026,1314.00,Customer 353,Mumbai,Maharashtra,276.00,Pen,Office,1.00,"$12,092.00 ",1000.00%,"$10,882.80","$9,671.72","$1,211.08",UPI,June,6,2026,88.87%,,,,
13962,4/26/2025,1230.00,Customer 427,Mumbai,Maharashtra,258.00,Chair,Furniture,3.00,"$29,762.00 ",0.00%,"$89,286.00","$72,344.60","$16,941.40",Cash,April,4,2025,81.03%,,,,
13963,10/7/2025,1178.00,Customer 303,Mumbai,Maharashtra,271.00,Desk,Furniture,1.00,"$36,861.00 ",500.00%,"$35,017.95","$30,313.15","$4,704.80",Credit Card,October,10,2025,86.56%,,,,
13964,1/28/2026,1194.00,Customer 208,Delhi,Delhi,205.00,Laptop,Electronics,1.00,"$6,117.00 ",1000.00%,"$5,505.30","$4,572.25",$933.05,Debit Card,January,1,2026,83.05%,,,,
13965,3/7/2025,1407.00,Customer 10,Chennai,Tamil Nadu,226.00,Mouse,Electronics,8.00,"$40,203.00 ",0.00%,"$321,624.00","$243,600.64","$78,023.36",Credit Card,March,3,2025,75.74%,,,,
13966,11/15/2026,1307.00,Customer 481,Chennai,Tamil Nadu,224.00,Pen,Office,5.00,"$32,969.00 ",0.00%,"$164,845.00","$128,609.08","$36,235.92",UPI,November,11,2026,78.02%,,,,
13967,10/31/2025,1040.00,Customer 285,Delhi,Delhi,292.00,Pen,Office,6.00,"$39,373.00 ",500.00%,"$224,426.10","$200,231.72","$24,194.38",Cash,October,10,2025,89.22%,,,,
13968,9/8/2026,1073.00,Customer 62,Delhi,Delhi,286.00,Monitor,Electronics,6.00,"$21,540.00 ",2000.00%,"$103,392.00","$80,001.91","$23,390.09",UPI,September,9,2026,77.38%,,,,
13969,7/10/2025,1068.00,Customer 425,Pune,Maharashtra,251.00,Pen,Office,1.00,"$4,291.00 ",1500.00%,"$3,647.35","$3,257.11",$390.24,Credit Card,July,7,2025,89.30%,,,,
13970,9/2/2025,1378.00,Customer 23,Chennai,Tamil Nadu,283.00,Desk,Furniture,3.00,"$8,469.00 ",1000.00%,"$22,866.30","$14,664.17","$8,202.13",UPI,September,9,2025,64.13%,,,,
13971,12/23/2025,1273.00,Customer 83,Delhi,Delhi,237.00,Monitor,Electronics,7.00,"$4,538.00 ",0.00%,"$31,766.00","$28,197.09","$3,568.91",Debit Card,December,12,2025,88.77%,,,,
13972,7/23/2026,1309.00,Customer 305,Pune,Maharashtra,251.00,Table,Furniture,4.00,"$21,748.00 ",1000.00%,"$78,292.80","$64,597.51","$13,695.29",Cash,July,7,2026,82.51%,,,,
13973,6/29/2025,1331.00,Customer 64,Bengaluru,Karnataka,214.00,Paper,Office,2.00,"$29,435.00 ",1000.00%,"$52,983.00","$46,414.24","$6,568.76",Cash,June,6,2025,87.60%,,,,
13974,6/15/2025,1450.00,Customer 425,Pune,Maharashtra,225.00,Keyboard,Electronics,5.00,"$6,527.00 ",500.00%,"$31,003.25","$19,290.39","$11,712.86",Debit Card,June,6,2025,62.22%,,,,
13975,10/29/2026,1249.00,Customer 488,Chennai,Tamil Nadu,246.00,Chair,Furniture,4.00,"$42,115.00 ",1500.00%,"$143,191.00","$124,309.51","$18,881.49",Debit Card,October,10,2026,86.81%,,,,
13976,12/31/2026,1089.00,Customer 423,Bengaluru,Karnataka,239.00,Pen,Office,6.00,"$30,477.00 ",1000.00%,"$164,575.80","$129,506.44","$35,069.36",UPI,December,12,2026,78.69%,,,,
13977,3/17/2026,1135.00,Customer 294,Mumbai,Maharashtra,244.00,Paper,Office,7.00,"$28,523.00 ",1000.00%,"$179,694.90","$120,234.68","$59,460.22",Cash,March,3,2026,66.91%,,,,
13978,9/13/2026,1258.00,Customer 360,Hyderabad,Telangana,244.00,Pen,Office,8.00,"$35,803.00 ",2000.00%,"$229,139.20","$175,439.84","$53,699.36",Credit Card,September,9,2026,76.56%,,,,
13979,11/29/2025,1200.00,Customer 338,Delhi,Delhi,208.00,Notebook,Office,2.00,"$35,283.00 ",1000.00%,"$63,509.40","$56,316.82","$7,192.58",Cash,November,11,2025,88.67%,,,,
13980,1/31/2025,1275.00,Customer 9,Delhi,Delhi,263.00,Chair,Furniture,7.00,"$27,027.00 ",1000.00%,"$170,270.10","$120,529.95","$49,740.15",Debit Card,January,1,2025,70.79%,,,,
13981,10/7/2025,1366.00,Customer 203,Bengaluru,Karnataka,250.00,Laptop,Electronics,5.00,"$18,197.00 ",2000.00%,"$72,788.00","$59,033.45","$13,754.55",Credit Card,October,10,2025,81.10%,,,,
13982,12/22/2025,1418.00,Customer 314,Pune,Maharashtra,225.00,Table,Furniture,1.00,"$26,956.00 ",500.00%,"$25,608.20","$16,332.38","$9,275.82",Credit Card,December,12,2025,63.78%,,,,
13983,4/22/2025,1416.00,Customer 168,Hyderabad,Telangana,268.00,Keyboard,Electronics,7.00,"$19,101.00 ",1500.00%,"$113,650.95","$101,232.10","$12,418.85",Debit Card,April,4,2025,89.07%,,,,
13984,11/4/2025,1066.00,Customer 386,Hyderabad,Telangana,229.00,Paper,Office,2.00,"$38,962.00 ",0.00%,"$77,924.00","$65,702.04","$12,221.96",Credit Card,November,11,2025,84.32%,,,,
13985,9/23/2026,1234.00,Customer 366,Hyderabad,Telangana,299.00,Notebook,Office,8.00,"$11,589.00 ",0.00%,"$92,712.00","$82,499.68","$10,212.32",UPI,September,9,2026,88.98%,,,,
13986,10/30/2026,1314.00,Customer 329,Chennai,Tamil Nadu,269.00,Paper,Office,4.00,"$19,517.00 ",1500.00%,"$66,357.80","$47,493.20","$18,864.60",Debit Card,October,10,2026,71.57%,,,,
13987,5/9/2025,1057.00,Customer 59,Hyderabad,Telangana,259.00,Mouse,Electronics,5.00,"$34,276.00 ",0.00%,"$171,380.00","$144,755.71","$26,624.29",Debit Card,May,5,2025,84.46%,,,,
13988,12/24/2026,1148.00,Customer 270,Chennai,Tamil Nadu,292.00,Chair,Furniture,4.00,"$15,301.00 ",500.00%,"$58,143.80","$35,621.69","$22,522.11",Credit Card,December,12,2026,61.26%,,,,
13989,10/1/2026,1298.00,Customer 470,Chennai,Tamil Nadu,225.00,Keyboard,Electronics,3.00,"$46,702.00 ",1000.00%,"$126,095.40","$92,206.63","$33,888.77",Cash,October,10,2026,73.12%,,,,
13990,1/10/2026,1076.00,Customer 322,Delhi,Delhi,294.00,Chair,Furniture,6.00,"$28,588.00 ",2000.00%,"$137,222.40","$112,867.79","$24,354.61",UPI,January,1,2026,82.25%,,,,
13991,9/15/2025,1454.00,Customer 274,Mumbai,Maharashtra,213.00,Table,Furniture,2.00,"$40,184.00 ",1000.00%,"$72,331.20","$59,019.52","$13,311.68",Cash,September,9,2025,81.60%,,,,
13992,8/10/2025,1126.00,Customer 279,Delhi,Delhi,297.00,Laptop,Electronics,4.00,"$22,160.00 ",500.00%,"$84,208.00","$61,526.38","$22,681.62",Cash,August,8,2025,73.06%,,,,
13993,2/12/2026,1051.00,Customer 467,Mumbai,Maharashtra,299.00,Desk,Furniture,3.00,"$18,357.00 ",500.00%,"$52,317.45","$33,901.94","$18,415.51",Cash,February,2,2026,64.80%,,,,
13994,8/11/2026,1396.00,Customer 171,Chennai,Tamil Nadu,275.00,Laptop,Electronics,7.00,"$10,923.00 ",2000.00%,"$61,168.80","$46,329.24","$14,839.56",UPI,August,8,2026,75.74%,,,,
13995,12/3/2026,1029.00,Customer 496,Hyderabad,Telangana,252.00,Notebook,Office,5.00,"$29,758.00 ",1500.00%,"$126,471.50","$103,452.95","$23,018.55",UPI,December,12,2026,81.80%,,,,
13996,5/29/2025,1068.00,Customer 11,Chennai,Tamil Nadu,208.00,Table,Furniture,4.00,"$21,078.00 ",500.00%,"$80,096.40","$69,861.08","$10,235.32",Cash,May,5,2025,87.22%,,,,
13997,1/5/2025,1065.00,Customer 403,Pune,Maharashtra,241.00,Laptop,Electronics,1.00,"$39,610.00 ",1500.00%,"$33,668.50","$26,399.91","$7,268.59",UPI,January,1,2025,78.41%,,,,
13998,1/24/2026,1447.00,Customer 83,Hyderabad,Telangana,294.00,Monitor,Electronics,1.00,"$27,955.00 ",1500.00%,"$23,761.75","$17,422.94","$6,338.81",Cash,January,1,2026,73.32%,,,,
13999,12/8/2026,1034.00,Customer 466,Chennai,Tamil Nadu,231.00,Keyboard,Electronics,1.00,"$46,390.00 ",1000.00%,"$41,751.00","$27,771.65","$13,979.35",Debit Card,December,12,2026,66.52%,,,,
14000,2/4/2026,1372.00,Customer 482,Mumbai,Maharashtra,237.00,Pen,Office,2.00,"$46,128.00 ",500.00%,"$87,643.20","$57,582.73","$30,060.47",Cash,February,2,2026,65.70%,,,,
14001,4/21/2026,1052.00,Customer 442,Pune,Maharashtra,236.00,Desk,Furniture,4.00,"$41,849.00 ",500.00%,"$159,026.20","$126,978.32","$32,047.88",Cash,April,4,2026,79.85%,,,,
14002,9/5/2025,1253.00,Customer 342,Mumbai,Maharashtra,244.00,Paper,Office,8.00,"$36,126.00 ",0.00%,"$289,008.00","$182,781.66","$106,226.34",UPI,September,9,2025,63.24%,,,,
14003,10/23/2025,1304.00,Customer 318,Pune,Maharashtra,203.00,Chair,Furniture,6.00,"$38,862.00 ",1500.00%,"$198,196.20","$164,731.11","$33,465.09",UPI,October,10,2025,83.12%,,,,
14004,6/9/2025,1039.00,Customer 430,Bengaluru,Karnataka,248.00,Laptop,Electronics,8.00,"$16,203.00 ",2000.00%,"$103,699.20","$71,485.70","$32,213.50",UPI,June,6,2025,68.94%,,,,
14005,5/4/2026,1486.00,Customer 281,Mumbai,Maharashtra,245.00,Table,Furniture,1.00,"$36,159.00 ",0.00%,"$36,159.00","$30,445.72","$5,713.28",UPI,May,5,2026,84.20%,,,,
14006,12/3/2026,1051.00,Customer 405,Pune,Maharashtra,235.00,Mouse,Electronics,2.00,$296.00 ,1500.00%,$503.20,$318.92,$184.28,Credit Card,December,12,2026,63.38%,,,,
14007,1/21/2025,1172.00,Customer 131,Chennai,Tamil Nadu,281.00,Paper,Office,4.00,"$1,854.00 ",2000.00%,"$5,932.80","$5,087.97",$844.83,Debit Card,January,1,2025,85.76%,,,,
14008,7/19/2025,1473.00,Customer 64,Hyderabad,Telangana,274.00,Notebook,Office,4.00,"$33,101.00 ",1500.00%,"$112,543.40","$96,540.30","$16,003.10",Cash,July,7,2025,85.78%,,,,
14009,1/31/2025,1447.00,Customer 13,Pune,Maharashtra,298.00,Pen,Office,7.00,"$17,677.00 ",0.00%,"$123,739.00","$94,418.51","$29,320.49",Debit Card,January,1,2025,76.30%,,,,
14010,7/18/2025,1017.00,Customer 132,Delhi,Delhi,233.00,Table,Furniture,4.00,"$20,873.00 ",500.00%,"$79,317.40","$58,407.83","$20,909.57",Debit Card,July,7,2025,73.64%,,,,
14011,3/12/2026,1070.00,Customer 172,Chennai,Tamil Nadu,254.00,Laptop,Electronics,6.00,"$2,440.00 ",500.00%,"$13,908.00","$9,312.67","$4,595.33",Cash,March,3,2026,66.96%,,,,
14012,1/12/2026,1312.00,Customer 327,Chennai,Tamil Nadu,288.00,Desk,Furniture,6.00,"$14,421.00 ",0.00%,"$86,526.00","$69,937.07","$16,588.93",Cash,January,1,2026,80.83%,,,,
14013,11/10/2025,1429.00,Customer 182,Bengaluru,Karnataka,243.00,Pen,Office,5.00,"$31,726.00 ",0.00%,"$158,630.00","$113,705.02","$44,924.98",Credit Card,November,11,2025,71.68%,,,,
14014,11/20/2026,1060.00,Customer 49,Mumbai,Maharashtra,292.00,Notebook,Office,1.00,"$27,232.00 ",1500.00%,"$23,147.20","$17,363.58","$5,783.62",Debit Card,November,11,2026,75.01%,,,,
14015,2/14/2025,1157.00,Customer 355,Mumbai,Maharashtra,299.00,Notebook,Office,8.00,"$19,242.00 ",500.00%,"$146,239.20","$103,202.23","$43,036.97",Debit Card,February,2,2025,70.57%,,,,
14016,12/7/2025,1209.00,Customer 462,Hyderabad,Telangana,252.00,Chair,Furniture,2.00,"$1,626.00 ",500.00%,"$3,089.40","$2,595.68",$493.72,Credit Card,December,12,2025,84.02%,,,,
14017,11/4/2026,1194.00,Customer 147,Hyderabad,Telangana,260.00,Table,Furniture,7.00,"$28,949.00 ",0.00%,"$202,643.00","$179,810.11","$22,832.89",Cash,November,11,2026,88.73%,,,,
14018,3/16/2026,1256.00,Customer 294,Delhi,Delhi,227.00,Desk,Furniture,7.00,"$3,345.00 ",0.00%,"$23,415.00","$17,031.38","$6,383.62",Cash,March,3,2026,72.74%,,,,
14019,11/30/2025,1258.00,Customer 126,Mumbai,Maharashtra,278.00,Monitor,Electronics,7.00,"$7,071.00 ",2000.00%,"$39,597.60","$24,058.05","$15,539.55",Credit Card,November,11,2025,60.76%,,,,
14020,8/11/2026,1402.00,Customer 217,Delhi,Delhi,271.00,Laptop,Electronics,4.00,"$28,151.00 ",1500.00%,"$95,713.40","$74,173.78","$21,539.62",Cash,August,8,2026,77.50%,,,,
14021,1/22/2025,1171.00,Customer 257,Bengaluru,Karnataka,275.00,Desk,Furniture,4.00,"$31,158.00 ",2000.00%,"$99,705.60","$64,575.51","$35,130.09",Credit Card,January,1,2025,64.77%,,,,
14022,6/13/2025,1120.00,Customer 275,Hyderabad,Telangana,254.00,Pen,Office,4.00,"$26,553.00 ",2000.00%,"$84,969.60","$69,185.06","$15,784.54",Credit Card,June,6,2025,81.42%,,,,
14023,7/19/2026,1151.00,Customer 423,Pune,Maharashtra,282.00,Chair,Furniture,3.00,"$34,402.00 ",1000.00%,"$92,885.40","$61,048.18","$31,837.22",Credit Card,July,7,2026,65.72%,,,,
14024,7/15/2026,1317.00,Customer 251,Pune,Maharashtra,217.00,Desk,Furniture,2.00,"$34,461.00 ",1000.00%,"$62,029.80","$53,993.82","$8,035.98",UPI,July,7,2026,87.04%,,,,
14025,10/2/2026,1297.00,Customer 474,Chennai,Tamil Nadu,214.00,Table,Furniture,7.00,"$40,622.00 ",0.00%,"$284,354.00","$236,774.00","$47,580.00",Debit Card,October,10,2026,83.27%,,,,
14026,12/18/2025,1046.00,Customer 289,Mumbai,Maharashtra,290.00,Mouse,Electronics,2.00,"$17,493.00 ",2000.00%,"$27,988.80","$22,596.52","$5,392.28",Credit Card,December,12,2025,80.73%,,,,
14027,8/6/2025,1170.00,Customer 288,Mumbai,Maharashtra,240.00,Keyboard,Electronics,4.00,"$27,327.00 ",1500.00%,"$92,911.80","$70,496.32","$22,415.48",UPI,August,8,2025,75.87%,,,,
14028,2/4/2025,1101.00,Customer 304,Bengaluru,Karnataka,284.00,Monitor,Electronics,5.00,"$31,142.00 ",1500.00%,"$132,353.50","$89,280.66","$43,072.84",UPI,February,2,2025,67.46%,,,,
14029,8/23/2026,1280.00,Customer 107,Delhi,Delhi,206.00,Chair,Furniture,5.00,"$48,255.00 ",1500.00%,"$205,083.75","$180,018.71","$25,065.04",UPI,August,8,2026,87.78%,,,,
14030,3/12/2025,1105.00,Customer 410,Hyderabad,Telangana,239.00,Table,Furniture,4.00,"$44,635.00 ",2000.00%,"$142,832.00","$86,577.12","$56,254.88",Cash,March,3,2025,60.61%,,,,
14031,10/18/2026,1292.00,Customer 470,Chennai,Tamil Nadu,216.00,Keyboard,Electronics,4.00,"$45,098.00 ",0.00%,"$180,392.00","$133,725.84","$46,666.16",UPI,October,10,2026,74.13%,,,,
14032,4/13/2025,1339.00,Customer 285,Bengaluru,Karnataka,226.00,Chair,Furniture,5.00,"$23,633.00 ",1000.00%,"$106,348.50","$64,035.72","$42,312.78",Debit Card,April,4,2025,60.21%,,,,
14033,6/15/2025,1091.00,Customer 197,Delhi,Delhi,221.00,Keyboard,Electronics,6.00,"$49,192.00 ",2000.00%,"$236,121.60","$186,956.95","$49,164.65",Cash,June,6,2025,79.18%,,,,
14034,12/12/2025,1453.00,Customer 401,Chennai,Tamil Nadu,295.00,Chair,Furniture,6.00,"$20,445.00 ",500.00%,"$116,536.50","$81,124.04","$35,412.46",Cash,December,12,2025,69.61%,,,,
14035,3/29/2026,1121.00,Customer 403,Delhi,Delhi,218.00,Monitor,Electronics,2.00,"$7,273.00 ",0.00%,"$14,546.00","$13,081.11","$1,464.89",Debit Card,March,3,2026,89.93%,,,,
14036,8/13/2025,1461.00,Customer 302,Chennai,Tamil Nadu,270.00,Mouse,Electronics,3.00,"$42,172.00 ",500.00%,"$120,190.20","$95,112.14","$25,078.06",Credit Card,August,8,2025,79.13%,,,,
14037,10/7/2026,1276.00,Customer 199,Chennai,Tamil Nadu,295.00,Table,Furniture,3.00,"$28,095.00 ",1500.00%,"$71,642.25","$51,388.55","$20,253.70",UPI,October,10,2026,71.73%,,,,
14038,6/20/2026,1319.00,Customer 492,Pune,Maharashtra,244.00,Keyboard,Electronics,8.00,"$47,280.00 ",0.00%,"$378,240.00","$262,138.46","$116,101.54",UPI,June,6,2026,69.30%,,,,
14039,9/18/2026,1455.00,Customer 314,Hyderabad,Telangana,247.00,Mouse,Electronics,4.00,"$48,061.00 ",1500.00%,"$163,407.40","$136,706.47","$26,700.93",UPI,September,9,2026,83.66%,,,,
14040,8/5/2026,1359.00,Customer 459,Bengaluru,Karnataka,286.00,Keyboard,Electronics,6.00,"$47,022.00 ",0.00%,"$282,132.00","$204,809.93","$77,322.07",Credit Card,August,8,2026,72.59%,,,,
14041,12/17/2025,1165.00,Customer 282,Mumbai,Maharashtra,224.00,Keyboard,Electronics,1.00,"$33,566.00 ",0.00%,"$33,566.00","$27,851.41","$5,714.59",Credit Card,December,12,2025,82.98%,,,,
14042,6/3/2026,1452.00,Customer 76,Chennai,Tamil Nadu,264.00,Chair,Furniture,3.00,"$6,224.00 ",1500.00%,"$15,871.20","$10,889.28","$4,981.92",UPI,June,6,2026,68.61%,,,,
14043,4/13/2025,1468.00,Customer 27,Bengaluru,Karnataka,242.00,Mouse,Electronics,3.00,"$39,526.00 ",1500.00%,"$100,791.30","$84,253.85","$16,537.45",UPI,April,4,2025,83.59%,,,,
14044,9/18/2026,1142.00,Customer 266,Hyderabad,Telangana,275.00,Paper,Office,8.00,"$22,009.00 ",0.00%,"$176,072.00","$138,189.19","$37,882.81",Cash,September,9,2026,78.48%,,,,
14045,9/16/2025,1426.00,Customer 90,Pune,Maharashtra,221.00,Mouse,Electronics,8.00,"$28,274.00 ",0.00%,"$226,192.00","$193,485.17","$32,706.83",Cash,September,9,2025,85.54%,,,,
14046,8/23/2025,1233.00,Customer 293,Hyderabad,Telangana,284.00,Chair,Furniture,5.00,"$17,057.00 ",1500.00%,"$72,492.25","$63,192.02","$9,300.23",Cash,August,8,2025,87.17%,,,,
14047,10/25/2026,1463.00,Customer 380,Mumbai,Maharashtra,296.00,Pen,Office,4.00,"$12,132.00 ",500.00%,"$46,101.60","$30,490.74","$15,610.86",Cash,October,10,2026,66.14%,,,,
14048,4/22/2026,1341.00,Customer 100,Chennai,Tamil Nadu,207.00,Notebook,Office,4.00,"$45,521.00 ",2000.00%,"$145,667.20","$118,640.45","$27,026.75",Debit Card,April,4,2026,81.45%,,,,
14049,10/7/2025,1060.00,Customer 475,Delhi,Delhi,217.00,Mouse,Electronics,6.00,"$2,961.00 ",2000.00%,"$14,212.80","$12,748.69","$1,464.11",Cash,October,10,2025,89.70%,,,,
14050,7/2/2025,1376.00,Customer 146,Delhi,Delhi,298.00,Table,Furniture,6.00,"$40,863.00 ",1500.00%,"$208,401.30","$128,013.77","$80,387.53",Cash,July,7,2025,61.43%,,,,
14051,7/20/2025,1217.00,Customer 482,Bengaluru,Karnataka,232.00,Paper,Office,7.00,"$19,072.00 ",500.00%,"$126,828.80","$90,962.73","$35,866.07",Credit Card,July,7,2025,71.72%,,,,
14052,1/1/2026,1123.00,Customer 373,Bengaluru,Karnataka,226.00,Mouse,Electronics,2.00,"$20,199.00 ",1000.00%,"$36,358.20","$32,269.69","$4,088.51",UPI,January,1,2026,88.75%,,,,
14053,1/11/2026,1210.00,Customer 345,Bengaluru,Karnataka,215.00,Paper,Office,7.00,"$42,565.00 ",1000.00%,"$268,159.50","$208,728.93","$59,430.57",Debit Card,January,1,2026,77.84%,,,,
14054,3/7/2026,1208.00,Customer 411,Chennai,Tamil Nadu,232.00,Mouse,Electronics,1.00,"$41,985.00 ",1000.00%,"$37,786.50","$26,549.81","$11,236.69",Credit Card,March,3,2026,70.26%,,,,
14055,12/9/2026,1363.00,Customer 139,Pune,Maharashtra,235.00,Mouse,Electronics,7.00,"$25,431.00 ",1000.00%,"$160,215.30","$109,092.89","$51,122.41",Credit Card,December,12,2026,68.09%,,,,
14056,1/11/2025,1365.00,Customer 48,Hyderabad,Telangana,238.00,Keyboard,Electronics,2.00,"$43,887.00 ",500.00%,"$83,385.30","$52,789.30","$30,596.00",Cash,January,1,2025,63.31%,,,,
14057,2/25/2026,1486.00,Customer 17,Pune,Maharashtra,208.00,Table,Furniture,8.00,"$6,108.00 ",2000.00%,"$39,091.20","$27,943.80","$11,147.40",Cash,February,2,2026,71.48%,,,,
14058,8/21/2026,1446.00,Customer 57,Hyderabad,Telangana,291.00,Keyboard,Electronics,6.00,"$19,944.00 ",2000.00%,"$95,731.20","$67,999.13","$27,732.07",UPI,August,8,2026,71.03%,,,,
14059,10/30/2025,1365.00,Customer 57,Bengaluru,Karnataka,220.00,Desk,Furniture,4.00,$148.00 ,500.00%,$562.40,$385.07,$177.33,Cash,October,10,2025,68.47%,,,,
14060,11/30/2026,1146.00,Customer 365,Pune,Maharashtra,264.00,Keyboard,Electronics,2.00,"$2,171.00 ",1000.00%,"$3,907.80","$3,015.32",$892.48,Credit Card,November,11,2026,77.16%,,,,
14061,12/25/2025,1114.00,Customer 456,Mumbai,Maharashtra,260.00,Laptop,Electronics,8.00,"$12,168.00 ",500.00%,"$92,476.80","$55,716.30","$36,760.50",Debit Card,December,12,2025,60.25%,,,,
14062,6/11/2025,1301.00,Customer 256,Mumbai,Maharashtra,235.00,Table,Furniture,4.00,"$37,977.00 ",1000.00%,"$136,717.20","$92,866.23","$43,850.97",Cash,June,6,2025,67.93%,,,,
14063,3/13/2026,1065.00,Customer 377,Mumbai,Maharashtra,216.00,Table,Furniture,6.00,"$11,446.00 ",1000.00%,"$61,808.40","$42,805.34","$19,003.06",Debit Card,March,3,2026,69.25%,,,,
14064,12/1/2025,1056.00,Customer 307,Bengaluru,Karnataka,250.00,Chair,Furniture,2.00,"$37,707.00 ",500.00%,"$71,643.30","$62,825.24","$8,818.06",UPI,December,12,2025,87.69%,,,,
14065,6/23/2026,1314.00,Customer 455,Mumbai,Maharashtra,277.00,Table,Furniture,4.00,"$37,786.00 ",500.00%,"$143,586.80","$95,490.74","$48,096.06",Credit Card,June,6,2026,66.50%,,,,
14066,3/7/2026,1235.00,Customer 289,Chennai,Tamil Nadu,262.00,Desk,Furniture,5.00,"$34,566.00 ",500.00%,"$164,188.50","$108,933.47","$55,255.03",UPI,March,3,2026,66.35%,,,,
14067,5/11/2026,1292.00,Customer 327,Pune,Maharashtra,252.00,Paper,Office,3.00,"$30,268.00 ",2000.00%,"$72,643.20","$51,713.59","$20,929.61",Debit Card,May,5,2026,71.19%,,,,
14068,9/17/2026,1369.00,Customer 122,Pune,Maharashtra,206.00,Paper,Office,5.00,"$22,626.00 ",2000.00%,"$90,504.00","$71,250.67","$19,253.33",Debit Card,September,9,2026,78.73%,,,,
14069,7/28/2025,1440.00,Customer 109,Chennai,Tamil Nadu,271.00,Monitor,Electronics,3.00,"$34,705.00 ",500.00%,"$98,909.25","$76,774.96","$22,134.29",UPI,July,7,2025,77.62%,,,,
14070,9/7/2025,1415.00,Customer 13,Delhi,Delhi,268.00,Monitor,Electronics,8.00,"$2,177.00 ",500.00%,"$16,545.20","$14,272.88","$2,272.32",Cash,September,9,2025,86.27%,,,,
14071,9/8/2025,1194.00,Customer 196,Mumbai,Maharashtra,286.00,Keyboard,Electronics,5.00,"$3,291.00 ",1500.00%,"$13,986.75","$12,311.88","$1,674.87",Credit Card,September,9,2025,88.03%,,,,
14072,2/4/2026,1198.00,Customer 484,Chennai,Tamil Nadu,224.00,Table,Furniture,1.00,"$20,501.00 ",1500.00%,"$17,425.85","$13,048.32","$4,377.53",Cash,February,2,2026,74.88%,,,,
14073,12/13/2025,1111.00,Customer 224,Pune,Maharashtra,242.00,Monitor,Electronics,6.00,"$18,672.00 ",1500.00%,"$95,227.20","$57,811.70","$37,415.50",UPI,December,12,2025,60.71%,,,,
14074,12/21/2026,1207.00,Customer 494,Delhi,Delhi,285.00,Laptop,Electronics,3.00,"$28,615.00 ",2000.00%,"$68,676.00","$59,836.46","$8,839.54",Cash,December,12,2026,87.13%,,,,
14075,10/27/2026,1377.00,Customer 220,Delhi,Delhi,300.00,Notebook,Office,5.00,"$33,875.00 ",2000.00%,"$135,500.00","$87,002.51","$48,497.49",UPI,October,10,2026,64.21%,,,,
14076,8/19/2026,1139.00,Customer 415,Bengaluru,Karnataka,259.00,Pen,Office,8.00,"$31,269.00 ",1500.00%,"$212,629.20","$154,178.64","$58,450.56",UPI,August,8,2026,72.51%,,,,
14077,10/23/2025,1297.00,Customer 60,Chennai,Tamil Nadu,300.00,Chair,Furniture,1.00,"$8,126.00 ",1000.00%,"$7,313.40","$5,791.89","$1,521.51",Debit Card,October,10,2025,79.20%,,,,
14078,7/29/2026,1357.00,Customer 200,Chennai,Tamil Nadu,257.00,Desk,Furniture,2.00,"$2,741.00 ",1500.00%,"$4,659.70","$3,623.57","$1,036.13",Cash,July,7,2026,77.76%,,,,
14079,6/15/2025,1088.00,Customer 277,Hyderabad,Telangana,241.00,Notebook,Office,5.00,"$32,744.00 ",1000.00%,"$147,348.00","$129,275.01","$18,072.99",Credit Card,June,6,2025,87.73%,,,,
14080,1/27/2026,1174.00,Customer 12,Pune,Maharashtra,208.00,Chair,Furniture,5.00,"$9,065.00 ",2000.00%,"$36,260.00","$29,800.87","$6,459.13",Credit Card,January,1,2026,82.19%,,,,
14081,4/19/2025,1091.00,Customer 174,Pune,Maharashtra,217.00,Laptop,Electronics,1.00,"$45,132.00 ",500.00%,"$42,875.40","$35,851.29","$7,024.11",Credit Card,April,4,2025,83.62%,,,,
14082,2/5/2025,1077.00,Customer 57,Delhi,Delhi,294.00,Paper,Office,3.00,"$29,662.00 ",1000.00%,"$80,087.40","$65,546.15","$14,541.25",Debit Card,February,2,2025,81.84%,,,,
14083,6/8/2026,1476.00,Customer 35,Mumbai,Maharashtra,278.00,Pen,Office,5.00,"$40,830.00 ",500.00%,"$193,942.50","$139,505.63","$54,436.87",Debit Card,June,6,2026,71.93%,,,,
14084,12/14/2025,1349.00,Customer 258,Chennai,Tamil Nadu,231.00,Table,Furniture,4.00,"$33,032.00 ",1500.00%,"$112,308.80","$99,691.51","$12,617.29",Debit Card,December,12,2025,88.77%,,,,
14085,4/19/2025,1411.00,Customer 419,Bengaluru,Karnataka,201.00,Table,Furniture,1.00,"$32,560.00 ",1000.00%,"$29,304.00","$24,403.29","$4,900.71",Debit Card,April,4,2025,83.28%,,,,
14086,10/16/2025,1404.00,Customer 259,Delhi,Delhi,284.00,Notebook,Office,5.00,"$14,439.00 ",1000.00%,"$64,975.50","$50,771.02","$14,204.48",Credit Card,October,10,2025,78.14%,,,,
14087,6/18/2026,1406.00,Customer 139,Hyderabad,Telangana,298.00,Desk,Furniture,3.00,"$25,521.00 ",2000.00%,"$61,250.40","$42,512.30","$18,738.10",UPI,June,6,2026,69.41%,,,,
14088,5/9/2025,1291.00,Customer 346,Pune,Maharashtra,264.00,Desk,Furniture,4.00,"$31,843.00 ",500.00%,"$121,003.40","$86,527.58","$34,475.82",Debit Card,May,5,2025,71.51%,,,,
14089,2/23/2025,1263.00,Customer 68,Bengaluru,Karnataka,240.00,Paper,Office,5.00,"$49,039.00 ",500.00%,"$232,935.25","$202,146.93","$30,788.32",UPI,February,2,2025,86.78%,,,,
14090,10/6/2026,1219.00,Customer 408,Pune,Maharashtra,256.00,Chair,Furniture,1.00,"$27,973.00 ",500.00%,"$26,574.35","$20,215.77","$6,358.58",Cash,October,10,2026,76.07%,,,,
14091,11/14/2025,1213.00,Customer 432,Bengaluru,Karnataka,291.00,Chair,Furniture,4.00,"$16,680.00 ",1500.00%,"$56,712.00","$35,763.23","$20,948.77",Debit Card,November,11,2025,63.06%,,,,
14092,11/1/2025,1406.00,Customer 399,Chennai,Tamil Nadu,235.00,Paper,Office,5.00,"$28,671.00 ",1500.00%,"$121,851.75","$104,811.05","$17,040.70",Cash,November,11,2025,86.02%,,,,
14093,4/2/2025,1384.00,Customer 92,Pune,Maharashtra,243.00,Paper,Office,3.00,"$47,394.00 ",500.00%,"$135,072.90","$81,088.45","$53,984.45",Credit Card,April,4,2025,60.03%,,,,
14094,9/20/2026,1214.00,Customer 205,Bengaluru,Karnataka,280.00,Chair,Furniture,1.00,"$27,708.00 ",2000.00%,"$22,166.40","$18,216.95","$3,949.45",Debit Card,September,9,2026,82.18%,,,,
14095,12/31/2025,1133.00,Customer 134,Pune,Maharashtra,254.00,Paper,Office,3.00,"$33,643.00 ",1500.00%,"$85,789.65","$65,482.71","$20,306.94",Credit Card,December,12,2025,76.33%,,,,
14096,6/20/2026,1172.00,Customer 336,Delhi,Delhi,241.00,Notebook,Office,3.00,"$29,790.00 ",500.00%,"$84,901.50","$72,442.54","$12,458.96",Cash,June,6,2026,85.33%,,,,
14097,7/6/2026,1127.00,Customer 362,Delhi,Delhi,292.00,Table,Furniture,1.00,"$23,848.00 ",1500.00%,"$20,270.80","$17,172.43","$3,098.37",Cash,July,7,2026,84.72%,,,,
14098,4/12/2026,1337.00,Customer 363,Bengaluru,Karnataka,205.00,Pen,Office,3.00,"$25,105.00 ",0.00%,"$75,315.00","$59,646.89","$15,668.11",Debit Card,April,4,2026,79.20%,,,,
14099,6/6/2026,1449.00,Customer 405,Bengaluru,Karnataka,204.00,Keyboard,Electronics,4.00,"$14,204.00 ",0.00%,"$56,816.00","$37,787.45","$19,028.55",Credit Card,June,6,2026,66.51%,,,,
14100,9/24/2026,1332.00,Customer 478,Hyderabad,Telangana,229.00,Pen,Office,7.00,"$34,797.00 ",1000.00%,"$219,221.10","$157,984.36","$61,236.74",Credit Card,September,9,2026,72.07%,,,,
14101,6/24/2025,1493.00,Customer 356,Delhi,Delhi,247.00,Pen,Office,1.00,"$29,724.00 ",0.00%,"$29,724.00","$24,195.13","$5,528.87",Debit Card,June,6,2025,81.40%,,,,
14102,7/12/2025,1404.00,Customer 35,Bengaluru,Karnataka,269.00,Table,Furniture,1.00,"$22,233.00 ",0.00%,"$22,233.00","$17,462.66","$4,770.34",Credit Card,July,7,2025,78.54%,,,,
14103,10/30/2025,1019.00,Customer 35,Chennai,Tamil Nadu,296.00,Mouse,Electronics,8.00,"$29,325.00 ",1000.00%,"$211,140.00","$133,193.45","$77,946.55",UPI,October,10,2025,63.08%,,,,
14104,1/13/2025,1007.00,Customer 303,Mumbai,Maharashtra,260.00,Notebook,Office,5.00,"$13,922.00 ",1500.00%,"$59,168.50","$39,123.08","$20,045.42",Debit Card,January,1,2025,66.12%,,,,
14105,3/18/2025,1014.00,Customer 202,Bengaluru,Karnataka,274.00,Table,Furniture,1.00,"$48,288.00 ",2000.00%,"$38,630.40","$25,820.29","$12,810.11",Cash,March,3,2025,66.84%,,,,
14106,10/9/2026,1295.00,Customer 182,Pune,Maharashtra,281.00,Chair,Furniture,4.00,"$45,074.00 ",500.00%,"$171,281.20","$131,216.04","$40,065.16",UPI,October,10,2026,76.61%,,,,
14107,4/27/2025,1255.00,Customer 456,Bengaluru,Karnataka,239.00,Notebook,Office,5.00,"$40,518.00 ",0.00%,"$202,590.00","$148,904.47","$53,685.53",Debit Card,April,4,2025,73.50%,,,,
14108,10/23/2025,1481.00,Customer 16,Hyderabad,Telangana,252.00,Keyboard,Electronics,5.00,"$47,139.00 ",1000.00%,"$212,125.50","$148,211.88","$63,913.62",Cash,October,10,2025,69.87%,,,,
14109,9/21/2026,1438.00,Customer 95,Mumbai,Maharashtra,226.00,Notebook,Office,4.00,"$7,971.00 ",1500.00%,"$27,101.40","$19,453.77","$7,647.63",UPI,September,9,2026,71.78%,,,,
14110,11/14/2026,1247.00,Customer 324,Bengaluru,Karnataka,207.00,Desk,Furniture,3.00,"$8,178.00 ",1500.00%,"$20,853.90","$17,199.58","$3,654.32",Debit Card,November,11,2026,82.48%,,,,
14111,1/14/2026,1196.00,Customer 379,Mumbai,Maharashtra,205.00,Keyboard,Electronics,1.00,"$38,096.00 ",2000.00%,"$30,476.80","$23,551.15","$6,925.65",Credit Card,January,1,2026,77.28%,,,,
14112,11/16/2026,1454.00,Customer 269,Mumbai,Maharashtra,206.00,Pen,Office,8.00,"$48,472.00 ",1500.00%,"$329,609.60","$216,857.53","$112,752.07",Cash,November,11,2026,65.79%,,,,
14113,5/28/2025,1304.00,Customer 12,Mumbai,Maharashtra,242.00,Laptop,Electronics,2.00,"$25,431.00 ",500.00%,"$48,318.90","$33,259.17","$15,059.73",Cash,May,5,2025,68.83%,,,,
14114,10/19/2025,1363.00,Customer 435,Chennai,Tamil Nadu,264.00,Keyboard,Electronics,2.00,"$17,743.00 ",2000.00%,"$28,388.80","$19,944.04","$8,444.76",Cash,October,10,2025,70.25%,,,,
14115,9/7/2025,1453.00,Customer 101,Pune,Maharashtra,232.00,Table,Furniture,6.00,"$13,902.00 ",1000.00%,"$75,070.80","$50,040.48","$25,030.32",Debit Card,September,9,2025,66.66%,,,,
14116,10/4/2026,1166.00,Customer 162,Delhi,Delhi,220.00,Pen,Office,2.00,"$40,037.00 ",0.00%,"$80,074.00","$61,142.85","$18,931.15",Debit Card,October,10,2026,76.36%,,,,
14117,4/21/2026,1056.00,Customer 69,Chennai,Tamil Nadu,202.00,Mouse,Electronics,5.00,"$26,390.00 ",2000.00%,"$105,560.00","$73,636.22","$31,923.78",UPI,April,4,2026,69.76%,,,,
14118,3/24/2025,1091.00,Customer 60,Chennai,Tamil Nadu,240.00,Mouse,Electronics,1.00,"$15,720.00 ",500.00%,"$14,934.00","$12,173.11","$2,760.89",UPI,March,3,2025,81.51%,,,,
14119,8/27/2025,1242.00,Customer 144,Delhi,Delhi,263.00,Laptop,Electronics,2.00,"$49,577.00 ",500.00%,"$94,196.30","$59,035.17","$35,161.13",UPI,August,8,2025,62.67%,,,,
14120,10/2/2026,1297.00,Customer 75,Pune,Maharashtra,222.00,Laptop,Electronics,8.00,"$31,472.00 ",2000.00%,"$201,420.80","$180,355.88","$21,064.92",Debit Card,October,10,2026,89.54%,,,,
14121,11/29/2025,1023.00,Customer 471,Hyderabad,Telangana,208.00,Laptop,Electronics,7.00,"$20,600.00 ",0.00%,"$144,200.00","$119,074.90","$25,125.10",UPI,November,11,2025,82.58%,,,,
14122,2/5/2026,1481.00,Customer 46,Chennai,Tamil Nadu,202.00,Desk,Furniture,4.00,"$5,621.00 ",1500.00%,"$19,111.40","$12,299.96","$6,811.44",Credit Card,February,2,2026,64.36%,,,,
14123,3/17/2026,1355.00,Customer 276,Chennai,Tamil Nadu,286.00,Keyboard,Electronics,6.00,"$6,226.00 ",0.00%,"$37,356.00","$28,666.32","$8,689.68",Cash,March,3,2026,76.74%,,,,
14124,9/28/2025,1123.00,Customer 285,Hyderabad,Telangana,270.00,Paper,Office,5.00,"$6,794.00 ",1500.00%,"$28,874.50","$18,908.65","$9,965.85",UPI,September,9,2025,65.49%,,,,
14125,5/17/2026,1125.00,Customer 344,Bengaluru,Karnataka,286.00,Paper,Office,5.00,"$40,241.00 ",0.00%,"$201,205.00","$139,880.72","$61,324.28",UPI,May,5,2026,69.52%,,,,
14126,11/12/2025,1244.00,Customer 289,Bengaluru,Karnataka,264.00,Mouse,Electronics,4.00,"$46,638.00 ",1500.00%,"$158,569.20","$137,960.30","$20,608.90",Credit Card,November,11,2025,87.00%,,,,
14127,8/3/2025,1147.00,Customer 166,Bengaluru,Karnataka,272.00,Paper,Office,4.00,"$21,346.00 ",500.00%,"$81,114.80","$67,114.53","$14,000.27",Credit Card,August,8,2025,82.74%,,,,
14128,4/16/2026,1106.00,Customer 158,Pune,Maharashtra,292.00,Desk,Furniture,4.00,"$10,341.00 ",0.00%,"$41,364.00","$24,907.14","$16,456.86",Credit Card,April,4,2026,60.21%,,,,
14129,6/30/2026,1088.00,Customer 275,Pune,Maharashtra,214.00,Desk,Furniture,8.00,"$23,357.00 ",500.00%,"$177,513.20","$134,030.89","$43,482.31",Debit Card,June,6,2026,75.50%,,,,
14130,12/20/2026,1089.00,Customer 180,Delhi,Delhi,300.00,Desk,Furniture,6.00,"$9,950.00 ",2000.00%,"$47,760.00","$33,611.28","$14,148.72",UPI,December,12,2026,70.38%,,,,
14131,9/3/2025,1122.00,Customer 121,Mumbai,Maharashtra,268.00,Laptop,Electronics,7.00,"$12,129.00 ",2000.00%,"$67,922.40","$47,213.83","$20,708.57",Cash,September,9,2025,69.51%,,,,
14132,1/16/2025,1038.00,Customer 391,Bengaluru,Karnataka,257.00,Desk,Furniture,5.00,"$32,582.00 ",2000.00%,"$130,328.00","$115,673.48","$14,654.52",Debit Card,January,1,2025,88.76%,,,,
14133,12/8/2026,1095.00,Customer 163,Bengaluru,Karnataka,235.00,Table,Furniture,4.00,"$17,763.00 ",1500.00%,"$60,394.20","$45,068.67","$15,325.53",Debit Card,December,12,2026,74.62%,,,,
14134,3/23/2025,1480.00,Customer 20,Mumbai,Maharashtra,267.00,Table,Furniture,4.00,"$47,591.00 ",2000.00%,"$152,291.20","$127,044.05","$25,247.15",Credit Card,March,3,2025,83.42%,,,,
14135,1/20/2026,1341.00,Customer 14,Hyderabad,Telangana,299.00,Chair,Furniture,3.00,"$4,238.00 ",0.00%,"$12,714.00","$11,023.46","$1,690.54",Cash,January,1,2026,86.70%,,,,
14136,8/30/2025,1176.00,Customer 309,Pune,Maharashtra,279.00,Keyboard,Electronics,1.00,"$27,117.00 ",0.00%,"$27,117.00","$19,821.76","$7,295.24",UPI,August,8,2025,73.10%,,,,
14137,3/9/2026,1414.00,Customer 265,Bengaluru,Karnataka,210.00,Laptop,Electronics,6.00,"$8,749.00 ",1000.00%,"$47,244.60","$31,192.61","$16,051.99",Cash,March,3,2026,66.02%,,,,
14138,6/17/2026,1349.00,Customer 419,Delhi,Delhi,299.00,Laptop,Electronics,7.00,"$10,831.00 ",1000.00%,"$68,235.30","$46,995.88","$21,239.42",Credit Card,June,6,2026,68.87%,,,,
14139,9/29/2025,1013.00,Customer 288,Bengaluru,Karnataka,206.00,Monitor,Electronics,1.00,"$2,563.00 ",1500.00%,"$2,178.55","$1,908.08",$270.47,UPI,September,9,2025,87.58%,,,,
14140,11/4/2025,1024.00,Customer 384,Mumbai,Maharashtra,240.00,Monitor,Electronics,7.00,"$2,750.00 ",0.00%,"$19,250.00","$13,923.79","$5,326.21",Cash,November,11,2025,72.33%,,,,
14141,7/23/2025,1316.00,Customer 250,Bengaluru,Karnataka,256.00,Pen,Office,5.00,"$5,108.00 ",2000.00%,"$20,432.00","$16,459.60","$3,972.40",Debit Card,July,7,2025,80.56%,,,,
14142,6/26/2026,1342.00,Customer 199,Mumbai,Maharashtra,278.00,Pen,Office,8.00,$905.00 ,0.00%,"$7,240.00","$6,200.85","$1,039.15",Cash,June,6,2026,85.65%,,,,
14143,7/27/2025,1167.00,Customer 333,Delhi,Delhi,277.00,Notebook,Office,7.00,"$6,470.00 ",2000.00%,"$36,232.00","$31,817.27","$4,414.73",Credit Card,July,7,2025,87.82%,,,,
14144,9/30/2025,1212.00,Customer 51,Hyderabad,Telangana,218.00,Monitor,Electronics,1.00,"$17,349.00 ",2000.00%,"$13,879.20","$11,017.00","$2,862.20",Credit Card,September,9,2025,79.38%,,,,
14145,4/24/2025,1228.00,Customer 12,Bengaluru,Karnataka,283.00,Desk,Furniture,4.00,"$2,490.00 ",1000.00%,"$8,964.00","$5,643.50","$3,320.50",Credit Card,April,4,2025,62.96%,,,,
14146,10/3/2026,1439.00,Customer 38,Pune,Maharashtra,242.00,Pen,Office,2.00,"$8,068.00 ",2000.00%,"$12,908.80","$10,184.40","$2,724.40",Cash,October,10,2026,78.90%,,,,
14147,12/3/2025,1051.00,Customer 36,Hyderabad,Telangana,209.00,Notebook,Office,6.00,"$21,537.00 ",1500.00%,"$109,838.70","$82,048.45","$27,790.25",Debit Card,December,12,2025,74.70%,,,,
14148,8/28/2025,1198.00,Customer 196,Mumbai,Maharashtra,231.00,Pen,Office,7.00,"$37,187.00 ",1000.00%,"$234,278.10","$149,298.48","$84,979.62",Debit Card,August,8,2025,63.73%,,,,
14149,7/10/2026,1017.00,Customer 493,Chennai,Tamil Nadu,248.00,Laptop,Electronics,7.00,"$10,000.00 ",1500.00%,"$59,500.00","$37,452.24","$22,047.76",Cash,July,7,2026,62.94%,,,,
14150,9/9/2025,1193.00,Customer 229,Pune,Maharashtra,300.00,Chair,Furniture,4.00,"$40,137.00 ",1000.00%,"$144,493.20","$113,500.08","$30,993.12",Credit Card,September,9,2025,78.55%,,,,
14151,2/25/2026,1494.00,Customer 51,Hyderabad,Telangana,287.00,Mouse,Electronics,8.00,"$38,050.00 ",500.00%,"$289,180.00","$201,228.55","$87,951.45",Credit Card,February,2,2026,69.59%,,,,
14152,3/2/2025,1325.00,Customer 213,Delhi,Delhi,209.00,Desk,Furniture,2.00,"$2,130.00 ",2000.00%,"$3,408.00","$2,637.33",$770.67,Credit Card,March,3,2025,77.39%,,,,
14153,10/11/2026,1277.00,Customer 338,Delhi,Delhi,204.00,Monitor,Electronics,7.00,"$19,233.00 ",2000.00%,"$107,704.80","$68,806.71","$38,898.09",Cash,October,10,2026,63.88%,,,,
14154,11/27/2025,1174.00,Customer 96,Chennai,Tamil Nadu,294.00,Chair,Furniture,7.00,"$27,775.00 ",1000.00%,"$174,982.50","$151,203.98","$23,778.52",Credit Card,November,11,2025,86.41%,,,,
14155,6/9/2025,1399.00,Customer 365,Chennai,Tamil Nadu,243.00,Notebook,Office,5.00,"$43,062.00 ",2000.00%,"$172,248.00","$147,118.84","$25,129.16",Cash,June,6,2025,85.41%,,,,
14156,10/21/2026,1115.00,Customer 400,Chennai,Tamil Nadu,226.00,Paper,Office,5.00,"$26,327.00 ",1000.00%,"$118,471.50","$86,312.63","$32,158.87",Credit Card,October,10,2026,72.86%,,,,
14157,2/22/2025,1214.00,Customer 42,Delhi,Delhi,223.00,Chair,Furniture,3.00,"$19,231.00 ",1500.00%,"$49,039.05","$38,558.10","$10,480.95",UPI,February,2,2025,78.63%,,,,
14158,8/24/2026,1309.00,Customer 278,Bengaluru,Karnataka,206.00,Chair,Furniture,4.00,"$8,897.00 ",2000.00%,"$28,470.40","$20,782.16","$7,688.24",Debit Card,August,8,2026,73.00%,,,,
14159,1/22/2026,1438.00,Customer 115,Pune,Maharashtra,253.00,Pen,Office,2.00,"$22,911.00 ",2000.00%,"$36,657.60","$30,086.40","$6,571.20",UPI,January,1,2026,82.07%,,,,
14160,6/6/2025,1396.00,Customer 298,Chennai,Tamil Nadu,221.00,Desk,Furniture,8.00,"$3,296.00 ",2000.00%,"$21,094.40","$18,037.36","$3,057.04",Credit Card,June,6,2025,85.51%,,,,
14161,10/23/2025,1066.00,Customer 304,Delhi,Delhi,269.00,Desk,Furniture,7.00,"$2,743.00 ",500.00%,"$18,240.95","$15,991.83","$2,249.12",Cash,October,10,2025,87.67%,,,,
14162,3/11/2026,1131.00,Customer 186,Hyderabad,Telangana,299.00,Notebook,Office,8.00,"$23,466.00 ",500.00%,"$178,341.60","$152,761.44","$25,580.16",Credit Card,March,3,2026,85.66%,,,,
14163,6/17/2026,1362.00,Customer 301,Hyderabad,Telangana,245.00,Chair,Furniture,8.00,"$22,205.00 ",500.00%,"$168,758.00","$148,496.79","$20,261.21",UPI,June,6,2026,87.99%,,,,
14164,9/8/2025,1020.00,Customer 327,Delhi,Delhi,201.00,Monitor,Electronics,5.00,"$8,649.00 ",1000.00%,"$38,920.50","$25,914.79","$13,005.71",Cash,September,9,2025,66.58%,,,,
14165,12/27/2026,1157.00,Customer 364,Delhi,Delhi,276.00,Notebook,Office,3.00,"$29,769.00 ",0.00%,"$89,307.00","$59,525.99","$29,781.01",Debit Card,December,12,2026,66.65%,,,,
14166,11/5/2025,1275.00,Customer 395,Chennai,Tamil Nadu,292.00,Paper,Office,6.00,"$5,299.00 ",500.00%,"$30,204.30","$22,675.19","$7,529.11",UPI,November,11,2025,75.07%,,,,
14167,8/24/2026,1149.00,Customer 83,Hyderabad,Telangana,242.00,Pen,Office,7.00,"$47,948.00 ",500.00%,"$318,854.20","$209,669.90","$109,184.30",Cash,August,8,2026,65.76%,,,,
14168,1/20/2026,1344.00,Customer 461,Hyderabad,Telangana,229.00,Paper,Office,4.00,"$10,037.00 ",0.00%,"$40,148.00","$31,612.65","$8,535.35",Cash,January,1,2026,78.74%,,,,
14169,9/2/2025,1035.00,Customer 37,Chennai,Tamil Nadu,219.00,Desk,Furniture,7.00,"$30,703.00 ",1500.00%,"$182,682.85","$116,955.72","$65,727.13",UPI,September,9,2025,64.02%,,,,
14170,6/17/2026,1095.00,Customer 321,Chennai,Tamil Nadu,218.00,Paper,Office,8.00,"$2,963.00 ",1500.00%,"$20,148.40","$13,938.10","$6,210.30",Credit Card,June,6,2026,69.18%,,,,
14171,1/6/2026,1068.00,Customer 255,Mumbai,Maharashtra,249.00,Monitor,Electronics,2.00,"$14,127.00 ",0.00%,"$28,254.00","$22,604.06","$5,649.94",Cash,January,1,2026,80.00%,,,,
14172,7/21/2025,1273.00,Customer 82,Delhi,Delhi,247.00,Pen,Office,3.00,"$13,921.00 ",0.00%,"$41,763.00","$35,506.53","$6,256.47",Cash,July,7,2025,85.02%,,,,
14173,9/5/2025,1440.00,Customer 307,Chennai,Tamil Nadu,300.00,Keyboard,Electronics,4.00,"$19,843.00 ",2000.00%,"$63,497.60","$39,998.77","$23,498.83",Cash,September,9,2025,62.99%,,,,
14174,3/27/2026,1042.00,Customer 27,Mumbai,Maharashtra,277.00,Keyboard,Electronics,6.00,"$39,636.00 ",1000.00%,"$214,034.40","$157,949.17","$56,085.23",Credit Card,March,3,2026,73.80%,,,,
14175,5/5/2025,1220.00,Customer 462,Hyderabad,Telangana,259.00,Notebook,Office,3.00,"$11,958.00 ",1500.00%,"$30,492.90","$23,985.12","$6,507.78",UPI,May,5,2025,78.66%,,,,
14176,9/15/2025,1425.00,Customer 145,Pune,Maharashtra,244.00,Desk,Furniture,5.00,"$15,964.00 ",1500.00%,"$67,847.00","$53,810.38","$14,036.62",Debit Card,September,9,2025,79.31%,,,,
14177,9/2/2026,1427.00,Customer 421,Chennai,Tamil Nadu,207.00,Notebook,Office,8.00,"$38,056.00 ",0.00%,"$304,448.00","$253,439.94","$51,008.06",UPI,September,9,2026,83.25%,,,,
14178,3/22/2025,1101.00,Customer 178,Hyderabad,Telangana,291.00,Mouse,Electronics,6.00,"$45,139.00 ",1500.00%,"$230,208.90","$176,957.10","$53,251.80",Debit Card,March,3,2025,76.87%,,,,
14179,4/13/2025,1369.00,Customer 12,Delhi,Delhi,211.00,Laptop,Electronics,5.00,"$25,362.00 ",0.00%,"$126,810.00","$86,451.34","$40,358.66",UPI,April,4,2025,68.17%,,,,
14180,1/2/2025,1423.00,Customer 488,Mumbai,Maharashtra,216.00,Table,Furniture,4.00,"$20,051.00 ",1500.00%,"$68,173.40","$57,731.79","$10,441.61",UPI,January,1,2025,84.68%,,,,
14181,11/6/2026,1162.00,Customer 26,Delhi,Delhi,250.00,Desk,Furniture,5.00,"$10,005.00 ",2000.00%,"$40,020.00","$29,984.24","$10,035.76",Credit Card,November,11,2026,74.92%,,,,
14182,2/23/2026,1408.00,Customer 11,Bengaluru,Karnataka,204.00,Monitor,Electronics,8.00,"$24,023.00 ",1500.00%,"$163,356.40","$104,777.58","$58,578.82",Debit Card,February,2,2026,64.14%,,,,
14183,2/28/2025,1464.00,Customer 118,Pune,Maharashtra,248.00,Chair,Furniture,6.00,"$17,946.00 ",500.00%,"$102,292.20","$86,932.87","$15,359.33",Cash,February,2,2025,84.98%,,,,
14184,4/26/2025,1058.00,Customer 462,Pune,Maharashtra,204.00,Notebook,Office,3.00,"$28,682.00 ",2000.00%,"$68,836.80","$48,634.86","$20,201.94",Debit Card,April,4,2025,70.65%,,,,
14185,1/17/2026,1020.00,Customer 398,Pune,Maharashtra,205.00,Table,Furniture,7.00,"$36,244.00 ",1500.00%,"$215,651.80","$182,131.29","$33,520.51",Cash,January,1,2026,84.46%,,,,
14186,6/19/2025,1477.00,Customer 169,Delhi,Delhi,206.00,Mouse,Electronics,8.00,"$6,384.00 ",1500.00%,"$43,411.20","$34,481.76","$8,929.44",UPI,June,6,2025,79.43%,,,,
14187,3/16/2026,1095.00,Customer 491,Bengaluru,Karnataka,237.00,Laptop,Electronics,1.00,"$20,693.00 ",2000.00%,"$16,554.40","$12,826.24","$3,728.16",Cash,March,3,2026,77.48%,,,,
14188,9/7/2025,1212.00,Customer 313,Mumbai,Maharashtra,220.00,Desk,Furniture,5.00,"$40,636.00 ",0.00%,"$203,180.00","$151,395.81","$51,784.19",Credit Card,September,9,2025,74.51%,,,,
14189,9/29/2025,1216.00,Customer 281,Bengaluru,Karnataka,293.00,Desk,Furniture,8.00,"$27,314.00 ",2000.00%,"$174,809.60","$141,808.83","$33,000.77",Debit Card,September,9,2025,81.12%,,,,
14190,10/27/2026,1390.00,Customer 258,Pune,Maharashtra,279.00,Laptop,Electronics,6.00,"$32,901.00 ",1000.00%,"$177,665.40","$114,260.26","$63,405.14",Cash,October,10,2026,64.31%,,,,
14191,1/9/2026,1133.00,Customer 168,Pune,Maharashtra,204.00,Table,Furniture,6.00,"$35,994.00 ",1500.00%,"$183,569.40","$155,786.77","$27,782.63",UPI,January,1,2026,84.87%,,,,
14192,6/2/2025,1249.00,Customer 482,Chennai,Tamil Nadu,229.00,Laptop,Electronics,1.00,"$29,432.00 ",2000.00%,"$23,545.60","$14,948.81","$8,596.79",Credit Card,June,6,2025,63.49%,,,,
14193,9/14/2025,1473.00,Customer 350,Bengaluru,Karnataka,257.00,Pen,Office,2.00,"$34,393.00 ",2000.00%,"$55,028.80","$33,664.05","$21,364.75",Cash,September,9,2025,61.18%,,,,
14194,5/27/2026,1140.00,Customer 61,Pune,Maharashtra,252.00,Chair,Furniture,5.00,"$41,190.00 ",500.00%,"$195,652.50","$149,844.72","$45,807.78",UPI,May,5,2026,76.59%,,,,
14195,12/13/2025,1157.00,Customer 168,Bengaluru,Karnataka,289.00,Notebook,Office,4.00,"$43,242.00 ",2000.00%,"$138,374.40","$89,826.05","$48,548.35",UPI,December,12,2025,64.92%,,,,
14196,2/28/2026,1478.00,Customer 237,Hyderabad,Telangana,224.00,Keyboard,Electronics,4.00,"$48,335.00 ",1000.00%,"$174,006.00","$134,179.09","$39,826.91",Debit Card,February,2,2026,77.11%,,,,
14197,2/8/2025,1466.00,Customer 307,Delhi,Delhi,258.00,Chair,Furniture,4.00,"$2,295.00 ",1000.00%,"$8,262.00","$7,178.85","$1,083.15",Credit Card,February,2,2025,86.89%,,,,
14198,8/30/2025,1403.00,Customer 307,Delhi,Delhi,282.00,Table,Furniture,8.00,"$17,210.00 ",1500.00%,"$117,028.00","$85,200.25","$31,827.75",Credit Card,August,8,2025,72.80%,,,,
14199,5/6/2026,1306.00,Customer 192,Chennai,Tamil Nadu,284.00,Keyboard,Electronics,5.00,"$15,678.00 ",500.00%,"$74,470.50","$66,820.74","$7,649.76",Cash,May,5,2026,89.73%,,,,
14200,2/12/2026,1073.00,Customer 246,Chennai,Tamil Nadu,253.00,Notebook,Office,4.00,"$24,881.00 ",1500.00%,"$84,595.40","$64,842.88","$19,752.52",Cash,February,2,2026,76.65%,,,,
14201,8/22/2026,1001.00,Customer 280,Bengaluru,Karnataka,245.00,Chair,Furniture,6.00,"$48,753.00 ",0.00%,"$292,518.00","$195,376.05","$97,141.95",Cash,August,8,2026,66.79%,,,,
14202,3/10/2026,1166.00,Customer 101,Bengaluru,Karnataka,212.00,Mouse,Electronics,7.00,"$8,535.00 ",0.00%,"$59,745.00","$53,700.37","$6,044.63",Credit Card,March,3,2026,89.88%,,,,
14203,9/10/2026,1469.00,Customer 497,Delhi,Delhi,259.00,Pen,Office,8.00,"$43,121.00 ",2000.00%,"$275,974.40","$203,240.89","$72,733.51",Debit Card,September,9,2026,73.64%,,,,
14204,10/22/2026,1045.00,Customer 114,Hyderabad,Telangana,244.00,Pen,Office,5.00,"$16,085.00 ",1500.00%,"$68,361.25","$58,327.75","$10,033.50",Debit Card,October,10,2026,85.32%,,,,
14205,3/11/2026,1072.00,Customer 479,Hyderabad,Telangana,293.00,Notebook,Office,6.00,"$8,903.00 ",1000.00%,"$48,076.20","$34,840.04","$13,236.16",Cash,March,3,2026,72.47%,,,,
14206,11/16/2025,1167.00,Customer 115,Bengaluru,Karnataka,254.00,Pen,Office,2.00,"$33,396.00 ",0.00%,"$66,792.00","$47,469.39","$19,322.61",Cash,November,11,2025,71.07%,,,,
14207,11/12/2025,1032.00,Customer 270,Chennai,Tamil Nadu,276.00,Table,Furniture,8.00,"$6,533.00 ",1000.00%,"$47,037.60","$38,056.97","$8,980.63",Credit Card,November,11,2025,80.91%,,,,
14208,11/23/2025,1431.00,Customer 277,Chennai,Tamil Nadu,296.00,Laptop,Electronics,2.00,"$22,457.00 ",1500.00%,"$38,176.90","$29,870.99","$8,305.91",Credit Card,November,11,2025,78.24%,,,,
14209,6/11/2026,1056.00,Customer 144,Delhi,Delhi,257.00,Monitor,Electronics,4.00,"$23,340.00 ",1000.00%,"$84,024.00","$65,971.94","$18,052.06",Debit Card,June,6,2026,78.52%,,,,
14210,5/20/2025,1184.00,Customer 69,Mumbai,Maharashtra,214.00,Paper,Office,7.00,"$48,112.00 ",500.00%,"$319,944.80","$264,000.02","$55,944.78",Credit Card,May,5,2025,82.51%,,,,
14211,8/26/2026,1249.00,Customer 500,Pune,Maharashtra,258.00,Keyboard,Electronics,2.00,"$25,090.00 ",1500.00%,"$42,653.00","$30,785.30","$11,867.70",Debit Card,August,8,2026,72.18%,,,,
14212,2/21/2026,1046.00,Customer 102,Pune,Maharashtra,243.00,Keyboard,Electronics,8.00,"$26,059.00 ",500.00%,"$198,048.40","$166,054.95","$31,993.45",Debit Card,February,2,2026,83.85%,,,,
14213,1/10/2026,1148.00,Customer 299,Pune,Maharashtra,281.00,Monitor,Electronics,4.00,"$30,269.00 ",1500.00%,"$102,914.60","$84,998.38","$17,916.22",UPI,January,1,2026,82.59%,,,,
14214,9/1/2025,1317.00,Customer 384,Hyderabad,Telangana,248.00,Mouse,Electronics,1.00,"$18,344.00 ",2000.00%,"$14,675.20","$12,361.91","$2,313.29",Cash,September,9,2025,84.24%,,,,
14215,4/3/2025,1335.00,Customer 423,Bengaluru,Karnataka,257.00,Chair,Furniture,3.00,"$23,043.00 ",2000.00%,"$55,303.20","$34,284.14","$21,019.06",Credit Card,April,4,2025,61.99%,,,,
14216,4/14/2026,1209.00,Customer 139,Bengaluru,Karnataka,251.00,Monitor,Electronics,8.00,"$47,088.00 ",500.00%,"$357,868.80","$301,084.84","$56,783.96",UPI,April,4,2026,84.13%,,,,
14217,1/29/2026,1425.00,Customer 305,Pune,Maharashtra,201.00,Chair,Furniture,5.00,"$34,405.00 ",2000.00%,"$137,620.00","$111,135.56","$26,484.44",Cash,January,1,2026,80.76%,,,,
14218,1/20/2026,1342.00,Customer 154,Chennai,Tamil Nadu,229.00,Monitor,Electronics,2.00,"$22,830.00 ",1000.00%,"$41,094.00","$28,430.47","$12,663.53",Cash,January,1,2026,69.18%,,,,
14219,7/27/2026,1159.00,Customer 103,Hyderabad,Telangana,277.00,Notebook,Office,5.00,"$40,769.00 ",2000.00%,"$163,076.00","$133,530.34","$29,545.66",Credit Card,July,7,2026,81.88%,,,,
14220,12/12/2025,1498.00,Customer 202,Delhi,Delhi,277.00,Paper,Office,7.00,"$27,000.00 ",0.00%,"$189,000.00","$126,193.62","$62,806.38",Cash,December,12,2025,66.77%,,,,
14221,10/14/2025,1427.00,Customer 197,Bengaluru,Karnataka,289.00,Laptop,Electronics,1.00,"$35,818.00 ",500.00%,"$34,027.10","$26,955.58","$7,071.52",Debit Card,October,10,2025,79.22%,,,,
14222,1/30/2026,1132.00,Customer 151,Delhi,Delhi,217.00,Paper,Office,5.00,"$14,248.00 ",500.00%,"$67,678.00","$50,393.39","$17,284.61",Debit Card,January,1,2026,74.46%,,,,
14223,2/2/2025,1034.00,Customer 163,Pune,Maharashtra,256.00,Laptop,Electronics,5.00,"$33,409.00 ",1500.00%,"$141,988.25","$114,098.75","$27,889.50",Debit Card,February,2,2025,80.36%,,,,
14224,10/4/2026,1190.00,Customer 336,Bengaluru,Karnataka,203.00,Laptop,Electronics,5.00,"$3,083.00 ",0.00%,"$15,415.00","$11,030.17","$4,384.83",UPI,October,10,2026,71.55%,,,,
14225,1/23/2025,1271.00,Customer 380,Hyderabad,Telangana,289.00,Laptop,Electronics,2.00,"$15,748.00 ",1500.00%,"$26,771.60","$20,526.56","$6,245.04",UPI,January,1,2025,76.67%,,,,
14226,12/18/2025,1025.00,Customer 498,Pune,Maharashtra,279.00,Laptop,Electronics,7.00,"$43,066.00 ",2000.00%,"$241,169.60","$176,910.50","$64,259.10",UPI,December,12,2025,73.36%,,,,
14227,6/11/2025,1341.00,Customer 475,Chennai,Tamil Nadu,222.00,Notebook,Office,6.00,"$35,616.00 ",1000.00%,"$192,326.40","$132,650.51","$59,675.89",Credit Card,June,6,2025,68.97%,,,,
14228,1/8/2025,1490.00,Customer 366,Pune,Maharashtra,260.00,Mouse,Electronics,6.00,"$14,411.00 ",1500.00%,"$73,496.10","$58,981.72","$14,514.38",Debit Card,January,1,2025,80.25%,,,,
14229,11/9/2025,1015.00,Customer 399,Mumbai,Maharashtra,241.00,Paper,Office,7.00,"$28,745.00 ",0.00%,"$201,215.00","$123,570.34","$77,644.66",Cash,November,11,2025,61.41%,,,,
14230,5/1/2025,1328.00,Customer 472,Mumbai,Maharashtra,228.00,Desk,Furniture,5.00,"$36,653.00 ",500.00%,"$174,101.75","$121,595.46","$52,506.29",Cash,May,5,2025,69.84%,,,,
14231,9/25/2026,1023.00,Customer 48,Delhi,Delhi,220.00,Desk,Furniture,3.00,"$35,797.00 ",2000.00%,"$85,912.80","$69,164.42","$16,748.38",Credit Card,September,9,2026,80.51%,,,,
14232,12/12/2025,1466.00,Customer 432,Hyderabad,Telangana,286.00,Notebook,Office,6.00,"$14,575.00 ",0.00%,"$87,450.00","$78,665.23","$8,784.77",Credit Card,December,12,2025,89.95%,,,,
14233,8/18/2025,1077.00,Customer 291,Bengaluru,Karnataka,287.00,Paper,Office,6.00,"$14,716.00 ",0.00%,"$88,296.00","$57,152.10","$31,143.90",Debit Card,August,8,2025,64.73%,,,,
14234,6/2/2025,1051.00,Customer 257,Pune,Maharashtra,235.00,Pen,Office,2.00,"$7,841.00 ",500.00%,"$14,897.90","$11,231.37","$3,666.53",Cash,June,6,2025,75.39%,,,,
14235,4/16/2025,1150.00,Customer 377,Mumbai,Maharashtra,281.00,Chair,Furniture,1.00,"$6,452.00 ",1500.00%,"$5,484.20","$4,855.73",$628.47,Cash,April,4,2025,88.54%,,,,
14236,5/20/2026,1394.00,Customer 341,Chennai,Tamil Nadu,260.00,Keyboard,Electronics,8.00,"$27,516.00 ",0.00%,"$220,128.00","$173,285.75","$46,842.25",Cash,May,5,2026,78.72%,,,,
14237,9/2/2026,1468.00,Customer 365,Delhi,Delhi,254.00,Desk,Furniture,4.00,"$29,345.00 ",0.00%,"$117,380.00","$73,085.52","$44,294.48",Credit Card,September,9,2026,62.26%,,,,
14238,2/7/2025,1005.00,Customer 463,Chennai,Tamil Nadu,205.00,Pen,Office,5.00,"$10,887.00 ",2000.00%,"$43,548.00","$32,928.34","$10,619.66",Cash,February,2,2025,75.61%,,,,
14239,1/17/2025,1454.00,Customer 497,Delhi,Delhi,256.00,Paper,Office,8.00,"$22,056.00 ",1500.00%,"$149,980.80","$96,540.09","$53,440.71",UPI,January,1,2025,64.37%,,,,
14240,9/1/2026,1030.00,Customer 495,Delhi,Delhi,225.00,Desk,Furniture,7.00,"$13,466.00 ",2000.00%,"$75,409.60","$52,967.97","$22,441.63",Cash,September,9,2026,70.24%,,,,
14241,8/7/2026,1317.00,Customer 161,Hyderabad,Telangana,274.00,Monitor,Electronics,3.00,"$43,889.00 ",500.00%,"$125,083.65","$88,923.60","$36,160.05",Credit Card,August,8,2026,71.09%,,,,
14242,5/4/2025,1371.00,Customer 123,Mumbai,Maharashtra,218.00,Mouse,Electronics,3.00,"$28,305.00 ",1500.00%,"$72,177.75","$44,035.49","$28,142.26",Credit Card,May,5,2025,61.01%,,,,
14243,10/14/2026,1143.00,Customer 204,Bengaluru,Karnataka,255.00,Chair,Furniture,6.00,"$47,701.00 ",500.00%,"$271,895.70","$189,120.94","$82,774.76",Cash,October,10,2026,69.56%,,,,
14244,5/27/2025,1361.00,Customer 159,Delhi,Delhi,212.00,Desk,Furniture,5.00,"$14,387.00 ",1000.00%,"$64,741.50","$50,486.69","$14,254.81",Credit Card,May,5,2025,77.98%,,,,
14245,7/16/2025,1432.00,Customer 62,Mumbai,Maharashtra,231.00,Mouse,Electronics,3.00,"$6,183.00 ",1500.00%,"$15,766.65","$12,597.49","$3,169.16",Debit Card,July,7,2025,79.90%,,,,
14246,12/3/2025,1495.00,Customer 414,Delhi,Delhi,272.00,Paper,Office,8.00,"$23,581.00 ",500.00%,"$179,215.60","$152,304.81","$26,910.79",Cash,December,12,2025,84.98%,,,,
14247,5/16/2025,1263.00,Customer 253,Pune,Maharashtra,229.00,Paper,Office,1.00,"$24,097.00 ",500.00%,"$22,892.15","$15,241.91","$7,650.24",Credit Card,May,5,2025,66.58%,,,,
14248,4/20/2026,1162.00,Customer 34,Mumbai,Maharashtra,212.00,Notebook,Office,4.00,"$26,012.00 ",1500.00%,"$88,440.80","$58,411.64","$30,029.16",Credit Card,April,4,2026,66.05%,,,,
14249,12/5/2025,1165.00,Customer 432,Bengaluru,Karnataka,232.00,Monitor,Electronics,5.00,"$41,952.00 ",2000.00%,"$167,808.00","$126,321.96","$41,486.04",Cash,December,12,2025,75.28%,,,,
14250,9/21/2025,1212.00,Customer 270,Hyderabad,Telangana,246.00,Keyboard,Electronics,2.00,"$45,632.00 ",2000.00%,"$73,011.20","$60,415.36","$12,595.84",Credit Card,September,9,2025,82.75%,,,,
14251,6/16/2026,1155.00,Customer 216,Pune,Maharashtra,288.00,Chair,Furniture,4.00,"$30,663.00 ",2000.00%,"$98,121.60","$69,060.10","$29,061.50",Debit Card,June,6,2026,70.38%,,,,
14252,12/30/2025,1429.00,Customer 70,Hyderabad,Telangana,211.00,Keyboard,Electronics,1.00,"$36,627.00 ",1500.00%,"$31,132.95","$22,172.88","$8,960.07",Cash,December,12,2025,71.22%,,,,
14253,11/28/2026,1067.00,Customer 387,Delhi,Delhi,225.00,Notebook,Office,1.00,"$1,479.00 ",1000.00%,"$1,331.10",$955.20,$375.90,Credit Card,November,11,2026,71.76%,,,,
14254,4/23/2026,1151.00,Customer 482,Bengaluru,Karnataka,264.00,Mouse,Electronics,8.00,"$4,571.00 ",0.00%,"$36,568.00","$25,678.87","$10,889.13",Credit Card,April,4,2026,70.22%,,,,
14255,11/4/2026,1258.00,Customer 184,Chennai,Tamil Nadu,298.00,Notebook,Office,4.00,"$37,915.00 ",1500.00%,"$128,911.00","$109,715.62","$19,195.38",UPI,November,11,2026,85.11%,,,,
14256,7/31/2026,1105.00,Customer 39,Delhi,Delhi,243.00,Table,Furniture,4.00,"$28,906.00 ",500.00%,"$109,842.80","$82,877.61","$26,965.19",Credit Card,July,7,2026,75.45%,,,,
14257,12/10/2025,1212.00,Customer 38,Mumbai,Maharashtra,284.00,Notebook,Office,4.00,"$35,752.00 ",0.00%,"$143,008.00","$99,702.76","$43,305.24",Debit Card,December,12,2025,69.72%,,,,
14258,9/13/2025,1270.00,Customer 60,Hyderabad,Telangana,266.00,Monitor,Electronics,5.00,"$2,125.00 ",0.00%,"$10,625.00","$8,811.60","$1,813.40",Debit Card,September,9,2025,82.93%,,,,
14259,2/9/2026,1425.00,Customer 40,Chennai,Tamil Nadu,255.00,Monitor,Electronics,3.00,"$13,639.00 ",1500.00%,"$34,779.45","$28,172.93","$6,606.52",Cash,February,2,2026,81.00%,,,,
14260,12/6/2025,1272.00,Customer 320,Mumbai,Maharashtra,275.00,Table,Furniture,7.00,"$36,562.00 ",1000.00%,"$230,340.60","$199,375.26","$30,965.34",UPI,December,12,2025,86.56%,,,,
14261,12/11/2026,1081.00,Customer 45,Hyderabad,Telangana,264.00,Mouse,Electronics,7.00,"$16,065.00 ",1000.00%,"$101,209.50","$77,152.42","$24,057.08",UPI,December,12,2026,76.23%,,,,
14262,6/19/2025,1499.00,Customer 373,Delhi,Delhi,266.00,Mouse,Electronics,3.00,"$23,593.00 ",1000.00%,"$63,701.10","$39,988.60","$23,712.50",UPI,June,6,2025,62.78%,,,,
14263,3/17/2026,1220.00,Customer 278,Hyderabad,Telangana,298.00,Chair,Furniture,8.00,"$4,430.00 ",1000.00%,"$31,896.00","$27,173.04","$4,722.96",Cash,March,3,2026,85.19%,,,,
14264,5/28/2026,1098.00,Customer 482,Hyderabad,Telangana,234.00,Keyboard,Electronics,5.00,"$25,208.00 ",500.00%,"$119,738.00","$93,032.08","$26,705.92",Credit Card,May,5,2026,77.70%,,,,
14265,9/15/2026,1066.00,Customer 496,Chennai,Tamil Nadu,238.00,Keyboard,Electronics,4.00,"$45,626.00 ",500.00%,"$173,378.80","$105,474.18","$67,904.62",UPI,September,9,2026,60.83%,,,,
14266,2/19/2025,1458.00,Customer 290,Hyderabad,Telangana,202.00,Desk,Furniture,3.00,"$43,127.00 ",2000.00%,"$103,504.80","$90,024.27","$13,480.53",UPI,February,2,2025,86.98%,,,,
14267,3/28/2026,1153.00,Customer 224,Mumbai,Maharashtra,205.00,Paper,Office,6.00,"$33,600.00 ",500.00%,"$191,520.00","$128,870.23","$62,649.77",UPI,March,3,2026,67.29%,,,,
14268,9/22/2026,1224.00,Customer 321,Delhi,Delhi,209.00,Chair,Furniture,5.00,"$35,758.00 ",0.00%,"$178,790.00","$130,803.68","$47,986.32",Credit Card,September,9,2026,73.16%,,,,
14269,8/6/2025,1019.00,Customer 54,Delhi,Delhi,211.00,Desk,Furniture,2.00,"$23,366.00 ",1500.00%,"$39,722.20","$27,131.33","$12,590.87",Debit Card,August,8,2025,68.30%,,,,
14270,12/1/2026,1370.00,Customer 103,Bengaluru,Karnataka,249.00,Keyboard,Electronics,1.00,"$20,965.00 ",1500.00%,"$17,820.25","$10,877.09","$6,943.16",UPI,December,12,2026,61.04%,,,,
14271,4/29/2025,1129.00,Customer 85,Chennai,Tamil Nadu,223.00,Chair,Furniture,4.00,"$33,794.00 ",2000.00%,"$108,140.80","$96,579.02","$11,561.78",Credit Card,April,4,2025,89.31%,,,,
14272,5/11/2025,1081.00,Customer 5,Delhi,Delhi,240.00,Table,Furniture,3.00,"$42,547.00 ",1500.00%,"$108,494.85","$88,919.87","$19,574.98",Credit Card,May,5,2025,81.96%,,,,
14273,4/27/2026,1406.00,Customer 276,Chennai,Tamil Nadu,248.00,Paper,Office,1.00,"$5,027.00 ",2000.00%,"$4,021.60","$2,667.84","$1,353.76",Debit Card,April,4,2026,66.34%,,,,
14274,9/24/2026,1107.00,Customer 339,Pune,Maharashtra,287.00,Laptop,Electronics,3.00,"$28,720.00 ",1500.00%,"$73,236.00","$48,533.97","$24,702.03",Debit Card,September,9,2026,66.27%,,,,
14275,1/1/2026,1059.00,Customer 145,Chennai,Tamil Nadu,298.00,Desk,Furniture,5.00,$647.00 ,2000.00%,"$2,588.00","$1,735.25",$852.75,Cash,January,1,2026,67.05%,,,,
14276,3/8/2025,1465.00,Customer 352,Pune,Maharashtra,230.00,Keyboard,Electronics,6.00,"$7,017.00 ",500.00%,"$39,996.90","$24,154.35","$15,842.55",UPI,March,3,2025,60.39%,,,,
14277,12/18/2026,1036.00,Customer 197,Mumbai,Maharashtra,289.00,Notebook,Office,6.00,"$30,771.00 ",2000.00%,"$147,700.80","$103,249.25","$44,451.55",Credit Card,December,12,2026,69.90%,,,,
14278,5/19/2025,1268.00,Customer 85,Hyderabad,Telangana,237.00,Table,Furniture,6.00,$295.00 ,1500.00%,"$1,504.50","$1,252.97",$251.53,Debit Card,May,5,2025,83.28%,,,,
14279,5/3/2026,1342.00,Customer 202,Hyderabad,Telangana,231.00,Chair,Furniture,1.00,"$36,695.00 ",500.00%,"$34,860.25","$30,074.83","$4,785.42",Cash,May,5,2026,86.27%,,,,
14280,11/1/2026,1293.00,Customer 270,Pune,Maharashtra,248.00,Laptop,Electronics,2.00,"$33,895.00 ",2000.00%,"$54,232.00","$36,848.70","$17,383.30",UPI,November,11,2026,67.95%,,,,
14281,8/14/2025,1042.00,Customer 179,Pune,Maharashtra,208.00,Chair,Furniture,7.00,"$8,547.00 ",2000.00%,"$47,863.20","$32,742.94","$15,120.26",Credit Card,August,8,2025,68.41%,,,,
14282,6/2/2026,1339.00,Customer 491,Delhi,Delhi,216.00,Laptop,Electronics,2.00,"$15,486.00 ",1500.00%,"$26,326.20","$18,783.51","$7,542.69",UPI,June,6,2026,71.35%,,,,
14283,12/20/2026,1131.00,Customer 350,Hyderabad,Telangana,275.00,Monitor,Electronics,6.00,"$13,263.00 ",2000.00%,"$63,662.40","$51,834.32","$11,828.08",Credit Card,December,12,2026,81.42%,,,,
14284,6/9/2026,1094.00,Customer 175,Hyderabad,Telangana,299.00,Pen,Office,1.00,"$40,605.00 ",500.00%,"$38,574.75","$30,757.48","$7,817.27",Credit Card,June,6,2026,79.73%,,,,
14285,11/11/2025,1487.00,Customer 374,Mumbai,Maharashtra,222.00,Paper,Office,3.00,"$7,794.00 ",0.00%,"$23,382.00","$17,059.29","$6,322.71",UPI,November,11,2025,72.96%,,,,
14286,9/18/2026,1343.00,Customer 455,Pune,Maharashtra,225.00,Monitor,Electronics,5.00,"$35,501.00 ",2000.00%,"$142,004.00","$126,372.83","$15,631.17",Debit Card,September,9,2026,88.99%,,,,
14287,12/9/2025,1099.00,Customer 33,Hyderabad,Telangana,249.00,Paper,Office,8.00,"$39,402.00 ",1000.00%,"$283,694.40","$248,297.23","$35,397.17",Debit Card,December,12,2025,87.52%,,,,
14288,7/16/2025,1189.00,Customer 443,Pune,Maharashtra,255.00,Laptop,Electronics,4.00,"$7,703.00 ",1000.00%,"$27,730.80","$18,064.19","$9,666.61",UPI,July,7,2025,65.14%,,,,
14289,6/3/2025,1059.00,Customer 386,Chennai,Tamil Nadu,274.00,Chair,Furniture,5.00,"$23,250.00 ",500.00%,"$110,437.50","$96,329.17","$14,108.33",Cash,June,6,2025,87.23%,,,,
14290,12/16/2025,1242.00,Customer 439,Pune,Maharashtra,233.00,Monitor,Electronics,7.00,"$28,021.00 ",500.00%,"$186,339.65","$121,491.60","$64,848.05",Credit Card,December,12,2025,65.20%,,,,
14291,9/12/2025,1221.00,Customer 213,Bengaluru,Karnataka,236.00,Notebook,Office,2.00,"$9,296.00 ",500.00%,"$17,662.40","$11,175.02","$6,487.38",Debit Card,September,9,2025,63.27%,,,,
14292,2/10/2026,1186.00,Customer 359,Bengaluru,Karnataka,249.00,Pen,Office,6.00,"$19,587.00 ",2000.00%,"$94,017.60","$68,387.38","$25,630.22",Debit Card,February,2,2026,72.74%,,,,
14293,2/10/2026,1026.00,Customer 225,Delhi,Delhi,300.00,Paper,Office,2.00,"$17,291.00 ",1000.00%,"$31,123.80","$18,821.28","$12,302.52",UPI,February,2,2026,60.47%,,,,
14294,10/9/2026,1272.00,Customer 426,Chennai,Tamil Nadu,298.00,Monitor,Electronics,5.00,"$31,216.00 ",1500.00%,"$132,668.00","$105,905.19","$26,762.81",Credit Card,October,10,2026,79.83%,,,,
14295,7/13/2026,1459.00,Customer 235,Mumbai,Maharashtra,250.00,Mouse,Electronics,7.00,"$16,555.00 ",1500.00%,"$98,502.25","$72,793.22","$25,709.03",Cash,July,7,2026,73.90%,,,,
14296,1/23/2026,1437.00,Customer 214,Mumbai,Maharashtra,269.00,Chair,Furniture,5.00,"$26,204.00 ",2000.00%,"$104,816.00","$80,051.68","$24,764.32",Debit Card,January,1,2026,76.37%,,,,
14297,1/18/2025,1130.00,Customer 397,Chennai,Tamil Nadu,215.00,Chair,Furniture,6.00,"$43,000.00 ",2000.00%,"$206,400.00","$180,502.57","$25,897.43",Cash,January,1,2025,87.45%,,,,
14298,7/28/2025,1425.00,Customer 156,Pune,Maharashtra,293.00,Chair,Furniture,4.00,"$4,932.00 ",0.00%,"$19,728.00","$17,344.47","$2,383.53",Debit Card,July,7,2025,87.92%,,,,
14299,2/10/2026,1016.00,Customer 85,Hyderabad,Telangana,286.00,Table,Furniture,1.00,"$20,709.00 ",1000.00%,"$18,638.10","$11,310.24","$7,327.86",UPI,February,2,2026,60.68%,,,,
14300,11/12/2025,1277.00,Customer 254,Delhi,Delhi,245.00,Chair,Furniture,7.00,"$19,967.00 ",0.00%,"$139,769.00","$108,990.57","$30,778.43",Debit Card,November,11,2025,77.98%,,,,
14301,8/27/2025,1112.00,Customer 363,Mumbai,Maharashtra,206.00,Notebook,Office,7.00,"$26,303.00 ",2000.00%,"$147,296.80","$105,303.69","$41,993.11",Debit Card,August,8,2025,71.49%,,,,
14302,10/9/2026,1178.00,Customer 461,Chennai,Tamil Nadu,208.00,Table,Furniture,2.00,"$35,463.00 ",1000.00%,"$63,833.40","$38,810.38","$25,023.02",Cash,October,10,2026,60.80%,,,,
14303,1/16/2026,1309.00,Customer 14,Mumbai,Maharashtra,288.00,Desk,Furniture,6.00,"$36,107.00 ",0.00%,"$216,642.00","$144,079.02","$72,562.98",Debit Card,January,1,2026,66.51%,,,,
14304,10/12/2026,1415.00,Customer 294,Chennai,Tamil Nadu,222.00,Table,Furniture,2.00,"$6,258.00 ",2000.00%,"$10,012.80","$6,107.88","$3,904.92",Cash,October,10,2026,61.00%,,,,
14305,10/11/2025,1395.00,Customer 270,Hyderabad,Telangana,218.00,Table,Furniture,2.00,"$35,556.00 ",1500.00%,"$60,445.20","$53,066.38","$7,378.82",Debit Card,October,10,2025,87.79%,,,,
14306,12/13/2026,1281.00,Customer 385,Chennai,Tamil Nadu,227.00,Notebook,Office,7.00,"$15,839.00 ",0.00%,"$110,873.00","$77,724.60","$33,148.40",Credit Card,December,12,2026,70.10%,,,,
14307,11/5/2026,1125.00,Customer 227,Mumbai,Maharashtra,278.00,Table,Furniture,8.00,"$10,673.00 ",2000.00%,"$68,307.20","$57,406.48","$10,900.72",UPI,November,11,2026,84.04%,,,,
14308,10/1/2026,1412.00,Customer 93,Chennai,Tamil Nadu,245.00,Notebook,Office,1.00,"$36,097.00 ",1000.00%,"$32,487.30","$26,759.94","$5,727.36",UPI,October,10,2026,82.37%,,,,
14309,6/3/2025,1135.00,Customer 369,Hyderabad,Telangana,274.00,Paper,Office,7.00,"$28,514.00 ",1000.00%,"$179,638.20","$143,416.00","$36,222.20",Cash,June,6,2025,79.84%,,,,
14310,4/23/2025,1190.00,Customer 121,Bengaluru,Karnataka,276.00,Keyboard,Electronics,3.00,"$26,217.00 ",1000.00%,"$70,785.90","$52,911.08","$17,874.82",Cash,April,4,2025,74.75%,,,,
14311,6/30/2026,1286.00,Customer 164,Hyderabad,Telangana,285.00,Pen,Office,5.00,"$1,653.00 ",2000.00%,"$6,612.00","$4,696.32","$1,915.68",UPI,June,6,2026,71.03%,,,,
14312,1/9/2026,1262.00,Customer 10,Hyderabad,Telangana,288.00,Notebook,Office,2.00,"$17,816.00 ",2000.00%,"$28,505.60","$19,708.15","$8,797.45",UPI,January,1,2026,69.14%,,,,
14313,10/20/2025,1136.00,Customer 166,Mumbai,Maharashtra,204.00,Chair,Furniture,7.00,"$34,144.00 ",2000.00%,"$191,206.40","$116,363.69","$74,842.71",Debit Card,October,10,2025,60.86%,,,,
14314,8/7/2026,1495.00,Customer 366,Hyderabad,Telangana,284.00,Chair,Furniture,6.00,"$10,190.00 ",2000.00%,"$48,912.00","$32,989.68","$15,922.32",UPI,August,8,2026,67.45%,,,,
14315,1/19/2025,1397.00,Customer 181,Chennai,Tamil Nadu,234.00,Desk,Furniture,2.00,"$47,637.00 ",1000.00%,"$85,746.60","$70,179.02","$15,567.58",Credit Card,January,1,2025,81.84%,,,,
14316,4/15/2025,1127.00,Customer 455,Mumbai,Maharashtra,248.00,Table,Furniture,2.00,"$16,443.00 ",1000.00%,"$29,597.40","$23,215.25","$6,382.15",Credit Card,April,4,2025,78.44%,,,,
14317,10/9/2026,1302.00,Customer 132,Mumbai,Maharashtra,283.00,Chair,Furniture,4.00,"$15,594.00 ",1500.00%,"$53,019.60","$33,493.16","$19,526.44",Debit Card,October,10,2026,63.17%,,,,
14318,3/20/2026,1076.00,Customer 398,Delhi,Delhi,218.00,Chair,Furniture,4.00,"$14,532.00 ",1500.00%,"$49,408.80","$39,456.48","$9,952.32",Debit Card,March,3,2026,79.86%,,,,
14319,9/14/2025,1200.00,Customer 12,Bengaluru,Karnataka,287.00,Laptop,Electronics,1.00,"$23,246.00 ",0.00%,"$23,246.00","$19,870.29","$3,375.71",Credit Card,September,9,2025,85.48%,,,,
14320,5/26/2025,1314.00,Customer 31,Chennai,Tamil Nadu,277.00,Desk,Furniture,1.00,"$14,642.00 ",1500.00%,"$12,445.70","$8,620.92","$3,824.78",UPI,May,5,2025,69.27%,,,,
14321,11/27/2025,1096.00,Customer 167,Pune,Maharashtra,264.00,Pen,Office,1.00,"$31,920.00 ",2000.00%,"$25,536.00","$17,273.30","$8,262.70",Debit Card,November,11,2025,67.64%,,,,
14322,5/13/2026,1096.00,Customer 366,Pune,Maharashtra,231.00,Table,Furniture,1.00,"$32,218.00 ",1500.00%,"$27,385.30","$19,704.00","$7,681.30",Debit Card,May,5,2026,71.95%,,,,
14323,4/3/2025,1247.00,Customer 66,Mumbai,Maharashtra,222.00,Desk,Furniture,5.00,"$8,750.00 ",0.00%,"$43,750.00","$34,785.69","$8,964.31",UPI,April,4,2025,79.51%,,,,
14324,4/13/2026,1011.00,Customer 369,Mumbai,Maharashtra,277.00,Laptop,Electronics,1.00,"$21,082.00 ",1000.00%,"$18,973.80","$11,758.17","$7,215.63",Cash,April,4,2026,61.97%,,,,
14325,7/29/2026,1311.00,Customer 217,Chennai,Tamil Nadu,213.00,Monitor,Electronics,5.00,"$33,263.00 ",1500.00%,"$141,367.75","$99,741.88","$41,625.87",Credit Card,July,7,2026,70.55%,,,,
14326,3/18/2026,1041.00,Customer 490,Bengaluru,Karnataka,249.00,Desk,Furniture,2.00,"$6,772.00 ",0.00%,"$13,544.00","$12,104.23","$1,439.77",Debit Card,March,3,2026,89.37%,,,,
14327,9/21/2025,1260.00,Customer 126,Mumbai,Maharashtra,220.00,Notebook,Office,6.00,"$30,387.00 ",0.00%,"$182,322.00","$152,180.34","$30,141.66",Cash,September,9,2025,83.47%,,,,
14328,9/17/2026,1063.00,Customer 364,Bengaluru,Karnataka,263.00,Table,Furniture,6.00,"$1,191.00 ",500.00%,"$6,788.70","$4,674.11","$2,114.59",Credit Card,September,9,2026,68.85%,,,,
14329,5/27/2025,1154.00,Customer 101,Bengaluru,Karnataka,223.00,Paper,Office,8.00,"$8,439.00 ",500.00%,"$64,136.40","$42,240.63","$21,895.77",UPI,May,5,2025,65.86%,,,,
14330,3/15/2025,1118.00,Customer 192,Chennai,Tamil Nadu,273.00,Pen,Office,3.00,"$1,906.00 ",1000.00%,"$5,146.20","$3,857.35","$1,288.85",Cash,March,3,2025,74.96%,,,,
14331,5/6/2025,1084.00,Customer 303,Pune,Maharashtra,218.00,Monitor,Electronics,8.00,"$11,407.00 ",2000.00%,"$73,004.80","$50,459.62","$22,545.18",UPI,May,5,2025,69.12%,,,,
14332,9/20/2025,1282.00,Customer 156,Delhi,Delhi,222.00,Monitor,Electronics,4.00,"$42,683.00 ",1000.00%,"$153,658.80","$117,492.95","$36,165.85",Debit Card,September,9,2025,76.46%,,,,
14333,6/14/2026,1482.00,Customer 345,Bengaluru,Karnataka,227.00,Monitor,Electronics,5.00,"$10,587.00 ",1000.00%,"$47,641.50","$31,234.30","$16,407.20",UPI,June,6,2026,65.56%,,,,
14334,5/5/2026,1304.00,Customer 242,Mumbai,Maharashtra,220.00,Desk,Furniture,8.00,"$25,713.00 ",0.00%,"$205,704.00","$145,707.03","$59,996.97",UPI,May,5,2026,70.83%,,,,
14335,7/22/2026,1496.00,Customer 164,Mumbai,Maharashtra,201.00,Desk,Furniture,6.00,"$11,825.00 ",0.00%,"$70,950.00","$60,958.00","$9,992.00",UPI,July,7,2026,85.92%,,,,
14336,5/21/2026,1243.00,Customer 76,Chennai,Tamil Nadu,251.00,Notebook,Office,3.00,"$12,600.00 ",0.00%,"$37,800.00","$26,328.07","$11,471.93",Debit Card,May,5,2026,69.65%,,,,
14337,11/24/2026,1382.00,Customer 463,Chennai,Tamil Nadu,210.00,Pen,Office,2.00,"$9,401.00 ",0.00%,"$18,802.00","$15,972.46","$2,829.54",Debit Card,November,11,2026,84.95%,,,,
14338,7/30/2025,1214.00,Customer 417,Chennai,Tamil Nadu,227.00,Table,Furniture,4.00,"$43,079.00 ",500.00%,"$163,700.20","$130,093.59","$33,606.61",Debit Card,July,7,2025,79.47%,,,,
14339,10/31/2025,1195.00,Customer 486,Hyderabad,Telangana,246.00,Chair,Furniture,8.00,"$16,061.00 ",500.00%,"$122,063.60","$108,758.20","$13,305.40",Credit Card,October,10,2025,89.10%,,,,
14340,1/24/2026,1310.00,Customer 263,Chennai,Tamil Nadu,260.00,Monitor,Electronics,8.00,"$20,493.00 ",500.00%,"$155,746.80","$116,815.81","$38,930.99",Cash,January,1,2026,75.00%,,,,
14341,6/6/2026,1035.00,Customer 269,Chennai,Tamil Nadu,276.00,Desk,Furniture,2.00,"$12,797.00 ",1500.00%,"$21,754.90","$14,267.88","$7,487.02",Credit Card,June,6,2026,65.58%,,,,
14342,2/17/2025,1022.00,Customer 85,Chennai,Tamil Nadu,276.00,Desk,Furniture,8.00,"$7,073.00 ",1500.00%,"$48,096.40","$41,551.59","$6,544.81",Credit Card,February,2,2025,86.39%,,,,
14343,7/24/2026,1459.00,Customer 68,Bengaluru,Karnataka,212.00,Laptop,Electronics,4.00,"$10,118.00 ",0.00%,"$40,472.00","$25,854.63","$14,617.37",Debit Card,July,7,2026,63.88%,,,,
14344,5/10/2025,1285.00,Customer 309,Pune,Maharashtra,212.00,Monitor,Electronics,1.00,$953.00 ,1500.00%,$810.05,$486.85,$323.20,UPI,May,5,2025,60.10%,,,,
14345,9/16/2026,1082.00,Customer 496,Pune,Maharashtra,247.00,Chair,Furniture,3.00,"$10,394.00 ",0.00%,"$31,182.00","$19,013.58","$12,168.42",Cash,September,9,2026,60.98%,,,,
14346,6/5/2026,1432.00,Customer 212,Chennai,Tamil Nadu,237.00,Table,Furniture,3.00,$624.00 ,500.00%,"$1,778.40","$1,287.96",$490.44,Credit Card,June,6,2026,72.42%,,,,
14347,3/19/2025,1499.00,Customer 279,Bengaluru,Karnataka,217.00,Paper,Office,4.00,$198.00 ,0.00%,$792.00,$558.04,$233.96,UPI,March,3,2025,70.46%,,,,
14348,9/7/2025,1225.00,Customer 211,Pune,Maharashtra,224.00,Desk,Furniture,6.00,"$19,565.00 ",0.00%,"$117,390.00","$86,122.66","$31,267.34",Debit Card,September,9,2025,73.36%,,,,
14349,5/7/2025,1395.00,Customer 309,Mumbai,Maharashtra,297.00,Monitor,Electronics,5.00,"$27,441.00 ",1000.00%,"$123,484.50","$79,991.75","$43,492.75",UPI,May,5,2025,64.78%,,,,
14350,11/7/2026,1106.00,Customer 61,Hyderabad,Telangana,251.00,Keyboard,Electronics,2.00,"$3,316.00 ",500.00%,"$6,300.40","$5,640.07",$660.33,Credit Card,November,11,2026,89.52%,,,,
14351,1/18/2026,1031.00,Customer 57,Chennai,Tamil Nadu,274.00,Mouse,Electronics,5.00,"$24,526.00 ",500.00%,"$116,498.50","$88,124.08","$28,374.42",Cash,January,1,2026,75.64%,,,,
14352,3/31/2026,1064.00,Customer 23,Hyderabad,Telangana,244.00,Monitor,Electronics,1.00,"$29,935.00 ",2000.00%,"$23,948.00","$18,963.75","$4,984.25",UPI,March,3,2026,79.19%,,,,
14353,8/29/2026,1481.00,Customer 266,Hyderabad,Telangana,227.00,Table,Furniture,6.00,"$32,741.00 ",1000.00%,"$176,801.40","$152,507.46","$24,293.94",Credit Card,August,8,2026,86.26%,,,,
14354,9/15/2026,1451.00,Customer 158,Hyderabad,Telangana,247.00,Pen,Office,2.00,"$39,836.00 ",1000.00%,"$71,704.80","$50,074.94","$21,629.86",UPI,September,9,2026,69.83%,,,,
14355,2/23/2025,1333.00,Customer 93,Bengaluru,Karnataka,244.00,Mouse,Electronics,4.00,"$22,223.00 ",1500.00%,"$75,558.20","$53,438.10","$22,120.10",Debit Card,February,2,2025,70.72%,,,,
14356,3/6/2025,1316.00,Customer 123,Chennai,Tamil Nadu,296.00,Monitor,Electronics,1.00,"$20,034.00 ",0.00%,"$20,034.00","$13,201.20","$6,832.80",Cash,March,3,2025,65.89%,,,,
14357,11/12/2026,1495.00,Customer 393,Pune,Maharashtra,218.00,Notebook,Office,4.00,"$25,244.00 ",1000.00%,"$90,878.40","$73,728.17","$17,150.23",Credit Card,November,11,2026,81.13%,,,,
14358,4/26/2026,1256.00,Customer 321,Chennai,Tamil Nadu,216.00,Paper,Office,2.00,"$45,918.00 ",1500.00%,"$78,060.60","$62,495.19","$15,565.41",Cash,April,4,2026,80.06%,,,,
14359,6/12/2026,1214.00,Customer 273,Chennai,Tamil Nadu,223.00,Table,Furniture,6.00,"$25,714.00 ",500.00%,"$146,569.80","$107,115.83","$39,453.97",Cash,June,6,2026,73.08%,,,,
14360,6/18/2025,1460.00,Customer 356,Bengaluru,Karnataka,209.00,Notebook,Office,1.00,"$39,545.00 ",0.00%,"$39,545.00","$35,066.75","$4,478.25",UPI,June,6,2025,88.68%,,,,
14361,6/1/2026,1348.00,Customer 363,Hyderabad,Telangana,245.00,Keyboard,Electronics,8.00,"$12,406.00 ",0.00%,"$99,248.00","$78,274.14","$20,973.86",Cash,June,6,2026,78.87%,,,,
14362,9/2/2026,1445.00,Customer 418,Bengaluru,Karnataka,292.00,Desk,Furniture,4.00,"$46,236.00 ",2000.00%,"$147,955.20","$130,013.56","$17,941.64",UPI,September,9,2026,87.87%,,,,
14363,7/31/2026,1062.00,Customer 400,Bengaluru,Karnataka,228.00,Paper,Office,7.00,"$15,335.00 ",500.00%,"$101,977.75","$72,737.02","$29,240.73",Cash,July,7,2026,71.33%,,,,
14364,1/30/2026,1215.00,Customer 58,Pune,Maharashtra,283.00,Laptop,Electronics,6.00,"$36,173.00 ",500.00%,"$206,186.10","$170,578.77","$35,607.33",Credit Card,January,1,2026,82.73%,,,,
14365,7/14/2025,1480.00,Customer 89,Mumbai,Maharashtra,229.00,Table,Furniture,2.00,"$23,044.00 ",1000.00%,"$41,479.20","$32,109.09","$9,370.11",UPI,July,7,2025,77.41%,,,,
14366,11/22/2026,1090.00,Customer 226,Mumbai,Maharashtra,295.00,Keyboard,Electronics,3.00,"$31,178.00 ",2000.00%,"$74,827.20","$51,040.73","$23,786.47",Cash,November,11,2026,68.21%,,,,
14367,4/5/2025,1210.00,Customer 137,Chennai,Tamil Nadu,265.00,Pen,Office,5.00,"$14,860.00 ",500.00%,"$70,585.00","$54,361.45","$16,223.55",Cash,April,4,2025,77.02%,,,,
14368,3/15/2025,1492.00,Customer 10,Bengaluru,Karnataka,279.00,Laptop,Electronics,1.00,"$18,262.00 ",2000.00%,"$14,609.60","$9,864.56","$4,745.04",Debit Card,March,3,2025,67.52%,,,,
14369,8/14/2025,1213.00,Customer 270,Delhi,Delhi,204.00,Pen,Office,3.00,"$38,573.00 ",0.00%,"$115,719.00","$93,941.21","$21,777.79",Cash,August,8,2025,81.18%,,,,
14370,12/12/2025,1130.00,Customer 239,Delhi,Delhi,296.00,Table,Furniture,2.00,"$7,961.00 ",500.00%,"$15,125.90","$11,940.53","$3,185.37",Debit Card,December,12,2025,78.94%,,,,
14371,5/14/2026,1192.00,Customer 219,Mumbai,Maharashtra,255.00,Pen,Office,1.00,"$5,638.00 ",500.00%,"$5,356.10","$3,533.85","$1,822.25",Cash,May,5,2026,65.98%,,,,
14372,7/10/2025,1199.00,Customer 197,Delhi,Delhi,244.00,Monitor,Electronics,7.00,"$43,701.00 ",2000.00%,"$244,725.60","$206,850.93","$37,874.67",Credit Card,July,7,2025,84.52%,,,,
14373,8/3/2026,1429.00,Customer 441,Bengaluru,Karnataka,262.00,Paper,Office,3.00,"$24,588.00 ",1000.00%,"$66,387.60","$50,357.78","$16,029.82",Debit Card,August,8,2026,75.85%,,,,
14374,6/10/2025,1080.00,Customer 181,Hyderabad,Telangana,270.00,Notebook,Office,1.00,"$48,048.00 ",2000.00%,"$38,438.40","$26,579.89","$11,858.51",Cash,June,6,2025,69.15%,,,,
14375,8/4/2025,1006.00,Customer 268,Chennai,Tamil Nadu,234.00,Desk,Furniture,7.00,"$25,105.00 ",1500.00%,"$149,374.75","$119,132.94","$30,241.81",Debit Card,August,8,2025,79.75%,,,,
14376,7/3/2025,1100.00,Customer 465,Bengaluru,Karnataka,281.00,Laptop,Electronics,5.00,"$14,684.00 ",1500.00%,"$62,407.00","$41,050.49","$21,356.51",UPI,July,7,2025,65.78%,,,,
14377,1/6/2025,1422.00,Customer 158,Delhi,Delhi,258.00,Pen,Office,3.00,"$27,410.00 ",2000.00%,"$65,784.00","$50,215.89","$15,568.11",UPI,January,1,2025,76.33%,,,,
14378,12/20/2025,1033.00,Customer 4,Bengaluru,Karnataka,240.00,Mouse,Electronics,1.00,"$18,319.00 ",0.00%,"$18,319.00","$13,905.59","$4,413.41",Cash,December,12,2025,75.91%,,,,
14379,9/2/2025,1154.00,Customer 376,Delhi,Delhi,296.00,Laptop,Electronics,2.00,"$4,997.00 ",1000.00%,"$8,994.60","$5,848.66","$3,145.94",Cash,September,9,2025,65.02%,,,,
14380,2/3/2026,1298.00,Customer 248,Hyderabad,Telangana,300.00,Keyboard,Electronics,3.00,"$23,114.00 ",2000.00%,"$55,473.60","$39,797.69","$15,675.91",Debit Card,February,2,2026,71.74%,,,,
14381,8/19/2026,1144.00,Customer 432,Hyderabad,Telangana,216.00,Monitor,Electronics,5.00,"$15,145.00 ",1500.00%,"$64,366.25","$51,301.06","$13,065.19",Cash,August,8,2026,79.70%,,,,
14382,7/21/2026,1413.00,Customer 485,Chennai,Tamil Nadu,261.00,Mouse,Electronics,7.00,"$25,242.00 ",500.00%,"$167,859.30","$114,784.87","$53,074.43",Cash,July,7,2026,68.38%,,,,
14383,5/5/2025,1390.00,Customer 286,Delhi,Delhi,296.00,Chair,Furniture,6.00,"$21,191.00 ",500.00%,"$120,788.70","$96,267.44","$24,521.26",Debit Card,May,5,2025,79.70%,,,,
14384,11/20/2026,1414.00,Customer 340,Bengaluru,Karnataka,256.00,Pen,Office,4.00,"$21,273.00 ",2000.00%,"$68,073.60","$52,647.65","$15,425.95",Cash,November,11,2026,77.34%,,,,
14385,10/19/2026,1170.00,Customer 303,Mumbai,Maharashtra,231.00,Mouse,Electronics,4.00,"$40,777.00 ",1000.00%,"$146,797.20","$118,140.93","$28,656.27",Debit Card,October,10,2026,80.48%,,,,
14386,10/11/2026,1292.00,Customer 461,Mumbai,Maharashtra,216.00,Desk,Furniture,6.00,"$14,800.00 ",1000.00%,"$79,920.00","$57,290.31","$22,629.69",UPI,October,10,2026,71.68%,,,,
14387,6/9/2026,1140.00,Customer 273,Bengaluru,Karnataka,224.00,Notebook,Office,6.00,"$23,759.00 ",1000.00%,"$128,298.60","$78,144.25","$50,154.35",UPI,June,6,2026,60.91%,,,,
14388,12/1/2026,1202.00,Customer 186,Pune,Maharashtra,267.00,Chair,Furniture,5.00,"$42,682.00 ",1000.00%,"$192,069.00","$162,364.01","$29,704.99",Debit Card,December,12,2026,84.53%,,,,
14389,7/2/2026,1303.00,Customer 245,Hyderabad,Telangana,281.00,Chair,Furniture,4.00,"$10,760.00 ",0.00%,"$43,040.00","$31,130.72","$11,909.28",UPI,July,7,2026,72.33%,,,,
14390,12/16/2025,1271.00,Customer 17,Delhi,Delhi,244.00,Laptop,Electronics,4.00,"$30,386.00 ",2000.00%,"$97,235.20","$72,692.94","$24,542.26",Cash,December,12,2025,74.76%,,,,
14391,10/4/2026,1239.00,Customer 497,Delhi,Delhi,259.00,Chair,Furniture,8.00,"$37,291.00 ",1500.00%,"$253,578.80","$187,915.13","$65,663.67",Cash,October,10,2026,74.11%,,,,
14392,9/5/2025,1143.00,Customer 396,Delhi,Delhi,277.00,Keyboard,Electronics,6.00,"$47,208.00 ",2000.00%,"$226,598.40","$188,691.58","$37,906.82",Cash,September,9,2025,83.27%,,,,
14393,6/24/2025,1453.00,Customer 486,Bengaluru,Karnataka,235.00,Monitor,Electronics,1.00,"$22,646.00 ",0.00%,"$22,646.00","$16,503.99","$6,142.01",Cash,June,6,2025,72.88%,,,,
14394,6/18/2026,1117.00,Customer 326,Hyderabad,Telangana,299.00,Chair,Furniture,7.00,"$40,173.00 ",1500.00%,"$239,029.35","$161,748.89","$77,280.46",Debit Card,June,6,2026,67.67%,,,,
14395,10/22/2025,1196.00,Customer 404,Hyderabad,Telangana,203.00,Mouse,Electronics,2.00,"$34,739.00 ",2000.00%,"$55,582.40","$46,334.83","$9,247.57",UPI,October,10,2025,83.36%,,,,
14396,10/14/2025,1184.00,Customer 85,Hyderabad,Telangana,286.00,Paper,Office,7.00,"$47,801.00 ",1000.00%,"$301,146.30","$181,373.69","$119,772.61",Debit Card,October,10,2025,60.23%,,,,
14397,6/20/2026,1170.00,Customer 387,Mumbai,Maharashtra,203.00,Desk,Furniture,8.00,"$28,588.00 ",0.00%,"$228,704.00","$155,695.50","$73,008.50",UPI,June,6,2026,68.08%,,,,
14398,2/16/2025,1461.00,Customer 357,Chennai,Tamil Nadu,292.00,Pen,Office,5.00,"$40,369.00 ",1500.00%,"$171,568.25","$139,968.41","$31,599.84",Cash,February,2,2025,81.58%,,,,
14399,3/31/2025,1048.00,Customer 24,Mumbai,Maharashtra,247.00,Paper,Office,3.00,"$40,702.00 ",500.00%,"$116,000.70","$94,748.80","$21,251.90",Cash,March,3,2025,81.68%,,,,
14400,3/2/2025,1144.00,Customer 259,Delhi,Delhi,270.00,Desk,Furniture,6.00,"$37,126.00 ",1500.00%,"$189,342.60","$122,402.70","$66,939.90",Debit Card,March,3,2025,64.65%,,,,
14401,6/9/2026,1105.00,Customer 316,Bengaluru,Karnataka,279.00,Keyboard,Electronics,2.00,"$37,509.00 ",2000.00%,"$60,014.40","$40,155.05","$19,859.35",UPI,June,6,2026,66.91%,,,,
14402,12/24/2026,1360.00,Customer 361,Bengaluru,Karnataka,227.00,Notebook,Office,7.00,"$30,332.00 ",1000.00%,"$191,091.60","$142,551.11","$48,540.49",Credit Card,December,12,2026,74.60%,,,,
14403,9/8/2025,1043.00,Customer 254,Pune,Maharashtra,281.00,Table,Furniture,3.00,"$20,464.00 ",2000.00%,"$49,113.60","$29,475.69","$19,637.91",Debit Card,September,9,2025,60.02%,,,,
14404,10/22/2026,1384.00,Customer 103,Delhi,Delhi,250.00,Pen,Office,1.00,"$42,761.00 ",500.00%,"$40,622.95","$24,952.36","$15,670.59",Cash,October,10,2026,61.42%,,,,
14405,5/29/2026,1374.00,Customer 287,Delhi,Delhi,221.00,Table,Furniture,6.00,"$12,025.00 ",0.00%,"$72,150.00","$59,654.42","$12,495.58",UPI,May,5,2026,82.68%,,,,
14406,7/3/2026,1166.00,Customer 179,Pune,Maharashtra,285.00,Mouse,Electronics,3.00,"$24,944.00 ",1500.00%,"$63,607.20","$48,043.52","$15,563.68",Cash,July,7,2026,75.53%,,,,
14407,1/8/2025,1331.00,Customer 8,Delhi,Delhi,237.00,Pen,Office,5.00,"$41,173.00 ",1000.00%,"$185,278.50","$157,731.14","$27,547.36",UPI,January,1,2025,85.13%,,,,
14408,11/3/2025,1273.00,Customer 333,Mumbai,Maharashtra,202.00,Paper,Office,5.00,"$3,193.00 ",2000.00%,"$12,772.00","$7,756.59","$5,015.41",Credit Card,November,11,2025,60.73%,,,,
14409,3/18/2026,1122.00,Customer 218,Bengaluru,Karnataka,297.00,Laptop,Electronics,5.00,"$14,619.00 ",2000.00%,"$58,476.00","$49,310.68","$9,165.32",UPI,March,3,2026,84.33%,,,,
14410,5/19/2026,1279.00,Customer 77,Hyderabad,Telangana,266.00,Desk,Furniture,3.00,$542.00 ,1500.00%,"$1,382.10","$1,143.24",$238.86,Credit Card,May,5,2026,82.72%,,,,
14411,7/17/2025,1370.00,Customer 211,Hyderabad,Telangana,259.00,Mouse,Electronics,7.00,"$12,698.00 ",0.00%,"$88,886.00","$65,499.13","$23,386.87",Debit Card,July,7,2025,73.69%,,,,
14412,6/9/2026,1083.00,Customer 198,Chennai,Tamil Nadu,219.00,Chair,Furniture,7.00,"$39,779.00 ",500.00%,"$264,530.35","$210,360.83","$54,169.52",Cash,June,6,2026,79.52%,,,,
14413,11/19/2026,1005.00,Customer 41,Hyderabad,Telangana,208.00,Mouse,Electronics,5.00,"$8,558.00 ",1000.00%,"$38,511.00","$26,021.68","$12,489.32",Credit Card,November,11,2026,67.57%,,,,
14414,10/25/2025,1030.00,Customer 491,Mumbai,Maharashtra,255.00,Chair,Furniture,6.00,"$38,086.00 ",1000.00%,"$205,664.40","$129,490.16","$76,174.24",Cash,October,10,2025,62.96%,,,,
14415,11/16/2025,1104.00,Customer 184,Delhi,Delhi,234.00,Chair,Furniture,8.00,"$19,796.00 ",1500.00%,"$134,612.80","$116,045.41","$18,567.39",Credit Card,November,11,2025,86.21%,,,,
14416,6/9/2026,1414.00,Customer 214,Delhi,Delhi,262.00,Keyboard,Electronics,1.00,"$10,661.00 ",500.00%,"$10,127.95","$7,646.46","$2,481.49",Cash,June,6,2026,75.50%,,,,
14417,12/2/2025,1041.00,Customer 41,Delhi,Delhi,261.00,Chair,Furniture,6.00,"$37,101.00 ",1000.00%,"$200,345.40","$135,347.10","$64,998.30",Debit Card,December,12,2025,67.56%,,,,
14418,2/6/2025,1475.00,Customer 230,Hyderabad,Telangana,236.00,Keyboard,Electronics,8.00,"$24,958.00 ",1500.00%,"$169,714.40","$125,863.54","$43,850.86",Debit Card,February,2,2025,74.16%,,,,
14419,1/10/2025,1257.00,Customer 481,Pune,Maharashtra,222.00,Keyboard,Electronics,3.00,"$43,940.00 ",1500.00%,"$112,047.00","$83,364.82","$28,682.18",Credit Card,January,1,2025,74.40%,,,,
14420,9/16/2026,1395.00,Customer 279,Pune,Maharashtra,203.00,Table,Furniture,1.00,"$5,973.00 ",0.00%,"$5,973.00","$3,780.00","$2,193.00",UPI,September,9,2026,63.28%,,,,
14421,1/24/2026,1427.00,Customer 382,Mumbai,Maharashtra,231.00,Notebook,Office,8.00,"$16,489.00 ",2000.00%,"$105,529.60","$71,178.76","$34,350.84",Credit Card,January,1,2026,67.45%,,,,
14422,6/14/2026,1417.00,Customer 369,Mumbai,Maharashtra,209.00,Paper,Office,5.00,"$24,907.00 ",2000.00%,"$99,628.00","$61,219.61","$38,408.39",Debit Card,June,6,2026,61.45%,,,,
14423,3/23/2026,1198.00,Customer 359,Bengaluru,Karnataka,218.00,Chair,Furniture,5.00,"$22,669.00 ",1000.00%,"$102,010.50","$79,831.89","$22,178.61",Debit Card,March,3,2026,78.26%,,,,
14424,1/29/2025,1319.00,Customer 283,Pune,Maharashtra,248.00,Mouse,Electronics,1.00,"$10,015.00 ",500.00%,"$9,514.25","$6,576.13","$2,938.12",Debit Card,January,1,2025,69.12%,,,,
14425,6/11/2026,1468.00,Customer 421,Delhi,Delhi,273.00,Table,Furniture,2.00,"$49,345.00 ",500.00%,"$93,755.50","$61,230.15","$32,525.35",Cash,June,6,2026,65.31%,,,,
14426,6/22/2025,1071.00,Customer 212,Delhi,Delhi,269.00,Paper,Office,3.00,"$35,287.00 ",0.00%,"$105,861.00","$72,795.70","$33,065.30",Debit Card,June,6,2025,68.77%,,,,
14427,12/11/2026,1148.00,Customer 244,Pune,Maharashtra,229.00,Pen,Office,5.00,"$27,010.00 ",0.00%,"$135,050.00","$94,882.69","$40,167.31",Cash,December,12,2026,70.26%,,,,
14428,9/5/2026,1375.00,Customer 218,Chennai,Tamil Nadu,212.00,Mouse,Electronics,8.00,"$19,457.00 ",1500.00%,"$132,307.60","$103,667.00","$28,640.60",Debit Card,September,9,2026,78.35%,,,,
14429,7/19/2025,1150.00,Customer 147,Mumbai,Maharashtra,201.00,Notebook,Office,6.00,"$24,000.00 ",1000.00%,"$129,600.00","$96,137.08","$33,462.92",Debit Card,July,7,2025,74.18%,,,,
14430,2/16/2026,1051.00,Customer 240,Hyderabad,Telangana,276.00,Chair,Furniture,7.00,"$5,420.00 ",1500.00%,"$32,249.00","$24,726.09","$7,522.91",Credit Card,February,2,2026,76.67%,,,,
14431,3/3/2025,1345.00,Customer 466,Chennai,Tamil Nadu,300.00,Laptop,Electronics,6.00,"$14,601.00 ",0.00%,"$87,606.00","$77,573.90","$10,032.10",Cash,March,3,2025,88.55%,,,,
14432,4/6/2025,1172.00,Customer 60,Mumbai,Maharashtra,206.00,Notebook,Office,7.00,"$7,154.00 ",500.00%,"$47,574.10","$34,706.39","$12,867.71",Credit Card,April,4,2025,72.95%,,,,
14433,5/27/2026,1038.00,Customer 20,Delhi,Delhi,296.00,Pen,Office,4.00,"$8,999.00 ",2000.00%,"$28,796.80","$19,841.79","$8,955.01",Debit Card,May,5,2026,68.90%,,,,
14434,7/18/2025,1439.00,Customer 413,Pune,Maharashtra,222.00,Mouse,Electronics,5.00,"$35,337.00 ",1000.00%,"$159,016.50","$104,048.76","$54,967.74",Cash,July,7,2025,65.43%,,,,
14435,11/26/2026,1211.00,Customer 186,Bengaluru,Karnataka,282.00,Keyboard,Electronics,3.00,"$23,758.00 ",1000.00%,"$64,146.60","$46,456.96","$17,689.64",UPI,November,11,2026,72.42%,,,,
14436,2/12/2025,1448.00,Customer 255,Pune,Maharashtra,226.00,Desk,Furniture,8.00,"$23,629.00 ",1500.00%,"$160,677.20","$106,716.69","$53,960.51",Cash,February,2,2025,66.42%,,,,
14437,2/13/2026,1116.00,Customer 227,Chennai,Tamil Nadu,261.00,Table,Furniture,2.00,"$11,160.00 ",2000.00%,"$17,856.00","$12,155.31","$5,700.69",UPI,February,2,2026,68.07%,,,,
14438,9/5/2025,1213.00,Customer 45,Hyderabad,Telangana,220.00,Notebook,Office,8.00,"$12,674.00 ",2000.00%,"$81,113.60","$66,972.53","$14,141.07",Credit Card,September,9,2025,82.57%,,,,
14439,8/29/2025,1168.00,Customer 331,Mumbai,Maharashtra,208.00,Desk,Furniture,7.00,"$25,367.00 ",2000.00%,"$142,055.20","$94,609.75","$47,445.45",Cash,August,8,2025,66.60%,,,,
14440,12/20/2025,1480.00,Customer 218,Hyderabad,Telangana,271.00,Keyboard,Electronics,5.00,"$34,966.00 ",0.00%,"$174,830.00","$141,837.36","$32,992.64",Cash,December,12,2025,81.13%,,,,
14441,2/12/2026,1299.00,Customer 115,Hyderabad,Telangana,204.00,Chair,Furniture,7.00,"$14,370.00 ",1500.00%,"$85,501.50","$64,010.00","$21,491.50",Credit Card,February,2,2026,74.86%,,,,
14442,1/30/2025,1163.00,Customer 282,Pune,Maharashtra,259.00,Chair,Furniture,8.00,"$21,166.00 ",500.00%,"$160,861.60","$99,747.93","$61,113.67",Credit Card,January,1,2025,62.01%,,,,
14443,10/18/2025,1211.00,Customer 16,Mumbai,Maharashtra,298.00,Paper,Office,3.00,"$40,337.00 ",1500.00%,"$102,859.35","$66,387.94","$36,471.41",Credit Card,October,10,2025,64.54%,,,,
14444,9/15/2025,1149.00,Customer 270,Delhi,Delhi,296.00,Pen,Office,3.00,"$17,844.00 ",0.00%,"$53,532.00","$34,185.47","$19,346.53",Cash,September,9,2025,63.86%,,,,
14445,8/20/2026,1054.00,Customer 160,Chennai,Tamil Nadu,260.00,Chair,Furniture,7.00,"$19,979.00 ",1000.00%,"$125,867.70","$104,789.94","$21,077.76",Cash,August,8,2026,83.25%,,,,
14446,12/6/2026,1293.00,Customer 241,Pune,Maharashtra,237.00,Mouse,Electronics,2.00,"$7,471.00 ",2000.00%,"$11,953.60","$8,650.28","$3,303.32",UPI,December,12,2026,72.37%,,,,
14447,10/23/2026,1296.00,Customer 6,Pune,Maharashtra,240.00,Chair,Furniture,6.00,"$9,352.00 ",1000.00%,"$50,500.80","$44,115.68","$6,385.12",Credit Card,October,10,2026,87.36%,,,,
14448,9/7/2026,1096.00,Customer 410,Chennai,Tamil Nadu,235.00,Keyboard,Electronics,8.00,"$20,079.00 ",2000.00%,"$128,505.60","$114,941.02","$13,564.58",UPI,September,9,2026,89.44%,,,,
14449,4/4/2025,1420.00,Customer 84,Mumbai,Maharashtra,297.00,Mouse,Electronics,5.00,"$20,872.00 ",1000.00%,"$93,924.00","$84,391.56","$9,532.44",Debit Card,April,4,2025,89.85%,,,,
14450,9/23/2025,1009.00,Customer 314,Pune,Maharashtra,237.00,Chair,Furniture,2.00,"$5,209.00 ",500.00%,"$9,897.10","$7,360.97","$2,536.13",Debit Card,September,9,2025,74.38%,,,,
14451,10/5/2025,1024.00,Customer 168,Delhi,Delhi,232.00,Keyboard,Electronics,8.00,"$10,393.00 ",500.00%,"$78,986.80","$53,376.23","$25,610.57",Credit Card,October,10,2025,67.58%,,,,
14452,3/24/2026,1321.00,Customer 194,Hyderabad,Telangana,276.00,Desk,Furniture,7.00,"$34,064.00 ",2000.00%,"$190,758.40","$145,919.40","$44,839.00",UPI,March,3,2026,76.49%,,,,
14453,12/13/2026,1086.00,Customer 315,Chennai,Tamil Nadu,294.00,Pen,Office,8.00,"$7,291.00 ",1000.00%,"$52,495.20","$34,078.55","$18,416.65",UPI,December,12,2026,64.92%,,,,
14454,6/19/2025,1147.00,Customer 270,Mumbai,Maharashtra,224.00,Desk,Furniture,3.00,"$40,777.00 ",0.00%,"$122,331.00","$96,689.73","$25,641.27",UPI,June,6,2025,79.04%,,,,
14455,1/8/2026,1118.00,Customer 270,Chennai,Tamil Nadu,204.00,Keyboard,Electronics,4.00,"$15,777.00 ",0.00%,"$63,108.00","$43,851.41","$19,256.59",Cash,January,1,2026,69.49%,,,,
14456,8/31/2026,1247.00,Customer 476,Bengaluru,Karnataka,278.00,Keyboard,Electronics,8.00,"$28,218.00 ",1000.00%,"$203,169.60","$138,664.43","$64,505.17",Credit Card,August,8,2026,68.25%,,,,
14457,11/26/2025,1072.00,Customer 494,Hyderabad,Telangana,220.00,Monitor,Electronics,8.00,"$40,129.00 ",1500.00%,"$272,877.20","$174,458.47","$98,418.73",Debit Card,November,11,2025,63.93%,,,,
14458,6/1/2025,1357.00,Customer 238,Pune,Maharashtra,256.00,Paper,Office,3.00,"$41,805.00 ",2000.00%,"$100,332.00","$62,192.18","$38,139.82",Cash,June,6,2025,61.99%,,,,
14459,7/24/2025,1059.00,Customer 178,Chennai,Tamil Nadu,296.00,Paper,Office,3.00,"$4,067.00 ",500.00%,"$11,590.95","$7,053.15","$4,537.80",Debit Card,July,7,2025,60.85%,,,,
14460,5/9/2026,1084.00,Customer 91,Chennai,Tamil Nadu,215.00,Keyboard,Electronics,3.00,"$28,960.00 ",500.00%,"$82,536.00","$69,441.65","$13,094.35",Debit Card,May,5,2026,84.13%,,,,
14461,8/26/2026,1209.00,Customer 148,Bengaluru,Karnataka,227.00,Laptop,Electronics,7.00,"$41,140.00 ",500.00%,"$273,581.00","$227,091.76","$46,489.24",Cash,August,8,2026,83.01%,,,,
14462,10/4/2025,1164.00,Customer 301,Bengaluru,Karnataka,264.00,Pen,Office,4.00,"$47,258.00 ",2000.00%,"$151,225.60","$109,332.71","$41,892.89",Cash,October,10,2025,72.30%,,,,
14463,12/22/2025,1220.00,Customer 321,Hyderabad,Telangana,281.00,Chair,Furniture,3.00,"$35,044.00 ",2000.00%,"$84,105.60","$63,429.21","$20,676.39",Debit Card,December,12,2025,75.42%,,,,
14464,8/12/2025,1077.00,Customer 257,Mumbai,Maharashtra,270.00,Paper,Office,8.00,"$43,880.00 ",1500.00%,"$298,384.00","$215,278.71","$83,105.29",Cash,August,8,2025,72.15%,,,,
14465,12/29/2025,1006.00,Customer 399,Hyderabad,Telangana,259.00,Pen,Office,3.00,"$10,070.00 ",1000.00%,"$27,189.00","$16,456.97","$10,732.03",Cash,December,12,2025,60.53%,,,,
14466,6/17/2026,1348.00,Customer 248,Bengaluru,Karnataka,288.00,Pen,Office,8.00,"$23,934.00 ",500.00%,"$181,898.40","$127,345.12","$54,553.28",Cash,June,6,2026,70.01%,,,,
14467,11/7/2025,1310.00,Customer 490,Delhi,Delhi,266.00,Pen,Office,4.00,"$10,727.00 ",1000.00%,"$38,617.20","$26,659.70","$11,957.50",Cash,November,11,2025,69.04%,,,,
14468,2/10/2025,1488.00,Customer 464,Pune,Maharashtra,247.00,Laptop,Electronics,1.00,"$1,834.00 ",1000.00%,"$1,650.60","$1,320.36",$330.24,Cash,February,2,2025,79.99%,,,,
14469,12/22/2026,1490.00,Customer 277,Chennai,Tamil Nadu,238.00,Table,Furniture,6.00,"$24,607.00 ",1000.00%,"$132,877.80","$115,848.48","$17,029.32",Debit Card,December,12,2026,87.18%,,,,
14470,9/14/2025,1422.00,Customer 355,Hyderabad,Telangana,243.00,Desk,Furniture,5.00,"$34,241.00 ",2000.00%,"$136,964.00","$106,610.32","$30,353.68",Cash,September,9,2025,77.84%,,,,
14471,12/22/2026,1075.00,Customer 118,Mumbai,Maharashtra,206.00,Desk,Furniture,3.00,"$26,141.00 ",500.00%,"$74,501.85","$59,985.72","$14,516.13",Cash,December,12,2026,80.52%,,,,
14472,11/16/2025,1208.00,Customer 423,Pune,Maharashtra,223.00,Chair,Furniture,4.00,"$42,910.00 ",2000.00%,"$137,312.00","$123,200.85","$14,111.15",Credit Card,November,11,2025,89.72%,,,,
14473,1/3/2025,1216.00,Customer 83,Pune,Maharashtra,291.00,Paper,Office,4.00,"$37,950.00 ",500.00%,"$144,210.00","$93,851.54","$50,358.46",Cash,January,1,2025,65.08%,,,,
14474,3/22/2025,1500.00,Customer 191,Hyderabad,Telangana,221.00,Pen,Office,7.00,"$37,765.00 ",0.00%,"$264,355.00","$210,084.33","$54,270.67",UPI,March,3,2025,79.47%,,,,
14475,11/17/2026,1447.00,Customer 325,Pune,Maharashtra,259.00,Paper,Office,1.00,"$38,864.00 ",500.00%,"$36,920.80","$25,674.09","$11,246.71",UPI,November,11,2026,69.54%,,,,
14476,6/3/2026,1155.00,Customer 33,Delhi,Delhi,202.00,Paper,Office,2.00,"$40,431.00 ",1500.00%,"$68,732.70","$56,699.61","$12,033.09",Debit Card,June,6,2026,82.49%,,,,
14477,3/4/2025,1169.00,Customer 436,Chennai,Tamil Nadu,232.00,Laptop,Electronics,6.00,"$38,720.00 ",1500.00%,"$197,472.00","$163,947.67","$33,524.33",Cash,March,3,2025,83.02%,,,,
14478,12/18/2026,1123.00,Customer 445,Pune,Maharashtra,205.00,Keyboard,Electronics,6.00,"$8,203.00 ",2000.00%,"$39,374.40","$35,196.37","$4,178.03",UPI,December,12,2026,89.39%,,,,
14479,11/10/2025,1271.00,Customer 38,Mumbai,Maharashtra,268.00,Pen,Office,8.00,"$6,424.00 ",500.00%,"$48,822.40","$32,175.49","$16,646.91",Debit Card,November,11,2025,65.90%,,,,
14480,1/27/2025,1141.00,Customer 494,Mumbai,Maharashtra,257.00,Pen,Office,5.00,"$21,171.00 ",500.00%,"$100,562.25","$67,792.44","$32,769.81",Credit Card,January,1,2025,67.41%,,,,
14481,3/10/2025,1429.00,Customer 134,Pune,Maharashtra,300.00,Mouse,Electronics,3.00,"$44,702.00 ",0.00%,"$134,106.00","$86,353.03","$47,752.97",Debit Card,March,3,2025,64.39%,,,,
14482,6/6/2025,1200.00,Customer 179,Chennai,Tamil Nadu,261.00,Notebook,Office,2.00,"$36,687.00 ",0.00%,"$73,374.00","$65,605.69","$7,768.31",Debit Card,June,6,2025,89.41%,,,,
14483,9/21/2026,1094.00,Customer 426,Mumbai,Maharashtra,266.00,Keyboard,Electronics,6.00,"$14,008.00 ",2000.00%,"$67,238.40","$46,717.63","$20,520.77",Cash,September,9,2026,69.48%,,,,
14484,12/5/2026,1394.00,Customer 74,Hyderabad,Telangana,275.00,Desk,Furniture,2.00,"$10,266.00 ",2000.00%,"$16,425.60","$12,511.94","$3,913.66",Credit Card,December,12,2026,76.17%,,,,
14485,2/28/2026,1126.00,Customer 468,Bengaluru,Karnataka,231.00,Mouse,Electronics,4.00,"$33,749.00 ",0.00%,"$134,996.00","$89,074.05","$45,921.95",Debit Card,February,2,2026,65.98%,,,,
14486,11/12/2025,1399.00,Customer 44,Pune,Maharashtra,222.00,Keyboard,Electronics,4.00,"$33,032.00 ",1500.00%,"$112,308.80","$87,613.88","$24,694.92",Debit Card,November,11,2025,78.01%,,,,
14487,3/13/2026,1016.00,Customer 107,Mumbai,Maharashtra,223.00,Chair,Furniture,6.00,"$3,005.00 ",500.00%,"$17,128.50","$13,675.96","$3,452.54",UPI,March,3,2026,79.84%,,,,
14488,3/23/2025,1072.00,Customer 363,Bengaluru,Karnataka,290.00,Pen,Office,8.00,"$27,388.00 ",0.00%,"$219,104.00","$196,788.78","$22,315.22",Cash,March,3,2025,89.82%,,,,
14489,10/19/2026,1009.00,Customer 77,Delhi,Delhi,213.00,Pen,Office,1.00,"$39,621.00 ",2000.00%,"$31,696.80","$26,672.69","$5,024.11",Debit Card,October,10,2026,84.15%,,,,
14490,8/20/2026,1299.00,Customer 40,Pune,Maharashtra,243.00,Laptop,Electronics,8.00,"$30,962.00 ",500.00%,"$235,311.20","$163,407.11","$71,904.09",Cash,August,8,2026,69.44%,,,,
14491,11/19/2026,1379.00,Customer 475,Mumbai,Maharashtra,274.00,Pen,Office,7.00,"$28,846.00 ",500.00%,"$191,825.90","$172,620.77","$19,205.13",Credit Card,November,11,2026,89.99%,,,,
14492,4/22/2025,1387.00,Customer 187,Delhi,Delhi,212.00,Notebook,Office,2.00,"$45,914.00 ",1500.00%,"$78,053.80","$50,382.61","$27,671.19",Cash,April,4,2025,64.55%,,,,
14493,2/6/2025,1034.00,Customer 482,Chennai,Tamil Nadu,299.00,Table,Furniture,8.00,"$29,088.00 ",1500.00%,"$197,798.40","$140,165.39","$57,633.01",UPI,February,2,2025,70.86%,,,,
14494,4/7/2026,1231.00,Customer 362,Bengaluru,Karnataka,241.00,Laptop,Electronics,6.00,"$25,805.00 ",1500.00%,"$131,605.50","$101,471.52","$30,133.98",UPI,April,4,2026,77.10%,,,,
14495,12/29/2025,1194.00,Customer 249,Mumbai,Maharashtra,208.00,Keyboard,Electronics,7.00,"$1,372.00 ",1500.00%,"$8,163.40","$6,488.70","$1,674.70",Credit Card,December,12,2025,79.49%,,,,
14496,9/23/2025,1112.00,Customer 274,Chennai,Tamil Nadu,260.00,Paper,Office,5.00,"$27,718.00 ",2000.00%,"$110,872.00","$73,813.04","$37,058.96",Cash,September,9,2025,66.58%,,,,
14497,11/18/2025,1031.00,Customer 301,Hyderabad,Telangana,261.00,Pen,Office,4.00,"$4,661.00 ",0.00%,"$18,644.00","$11,658.34","$6,985.66",UPI,November,11,2025,62.53%,,,,
14498,4/7/2026,1263.00,Customer 40,Mumbai,Maharashtra,244.00,Pen,Office,5.00,"$44,185.00 ",1500.00%,"$187,786.25","$130,811.68","$56,974.57",UPI,April,4,2026,69.66%,,,,
14499,7/27/2026,1337.00,Customer 306,Bengaluru,Karnataka,259.00,Mouse,Electronics,6.00,"$29,664.00 ",0.00%,"$177,984.00","$159,496.30","$18,487.70",UPI,July,7,2026,89.61%,,,,
14500,6/5/2026,1169.00,Customer 353,Pune,Maharashtra,201.00,Mouse,Electronics,7.00,"$39,706.00 ",500.00%,"$264,044.90","$223,370.10","$40,674.80",UPI,June,6,2026,84.60%,,,,
14501,10/6/2026,1013.00,Customer 87,Chennai,Tamil Nadu,262.00,Paper,Office,6.00,$226.00 ,0.00%,"$1,356.00","$1,045.04",$310.96,Cash,October,10,2026,77.07%,,,,
14502,10/2/2026,1077.00,Customer 192,Pune,Maharashtra,229.00,Mouse,Electronics,7.00,"$8,021.00 ",1000.00%,"$50,532.30","$36,637.67","$13,894.63",Cash,October,10,2026,72.50%,,,,
14503,4/25/2025,1254.00,Customer 168,Delhi,Delhi,227.00,Table,Furniture,7.00,"$21,966.00 ",1500.00%,"$130,697.70","$93,992.52","$36,705.18",UPI,April,4,2025,71.92%,,,,
14504,9/24/2025,1272.00,Customer 41,Delhi,Delhi,268.00,Desk,Furniture,4.00,"$43,197.00 ",1000.00%,"$155,509.20","$135,742.79","$19,766.41",Debit Card,September,9,2025,87.29%,,,,
14505,1/9/2025,1485.00,Customer 474,Pune,Maharashtra,268.00,Desk,Furniture,2.00,"$43,707.00 ",0.00%,"$87,414.00","$61,927.35","$25,486.65",Debit Card,January,1,2025,70.84%,,,,
14506,8/8/2026,1306.00,Customer 471,Mumbai,Maharashtra,215.00,Mouse,Electronics,7.00,"$12,172.00 ",1000.00%,"$76,683.60","$50,979.78","$25,703.82",UPI,August,8,2026,66.48%,,,,
14507,5/16/2026,1326.00,Customer 430,Mumbai,Maharashtra,232.00,Laptop,Electronics,2.00,"$48,242.00 ",1500.00%,"$82,011.40","$73,796.45","$8,214.95",Credit Card,May,5,2026,89.98%,,,,
14508,5/31/2026,1146.00,Customer 118,Bengaluru,Karnataka,225.00,Laptop,Electronics,7.00,"$37,083.00 ",1500.00%,"$220,643.85","$194,815.85","$25,828.00",Debit Card,May,5,2026,88.29%,,,,
14509,9/5/2025,1347.00,Customer 459,Bengaluru,Karnataka,263.00,Pen,Office,8.00,"$23,332.00 ",500.00%,"$177,323.20","$119,729.05","$57,594.15",Cash,September,9,2025,67.52%,,,,
14510,1/3/2026,1451.00,Customer 310,Chennai,Tamil Nadu,257.00,Table,Furniture,8.00,$362.00 ,500.00%,"$2,751.20","$1,673.69","$1,077.51",UPI,January,1,2026,60.83%,,,,
14511,4/3/2026,1398.00,Customer 390,Delhi,Delhi,246.00,Paper,Office,7.00,"$39,429.00 ",1500.00%,"$234,602.55","$145,056.20","$89,546.35",Debit Card,April,4,2026,61.83%,,,,
14512,12/30/2026,1340.00,Customer 119,Bengaluru,Karnataka,201.00,Pen,Office,4.00,"$9,701.00 ",1500.00%,"$32,983.40","$22,519.87","$10,463.53",Credit Card,December,12,2026,68.28%,,,,
14513,12/29/2025,1351.00,Customer 355,Pune,Maharashtra,300.00,Table,Furniture,5.00,"$8,685.00 ",2000.00%,"$34,740.00","$30,368.27","$4,371.73",Cash,December,12,2025,87.42%,,,,
14514,6/19/2025,1202.00,Customer 142,Chennai,Tamil Nadu,281.00,Notebook,Office,1.00,"$40,195.00 ",1000.00%,"$36,175.50","$29,751.38","$6,424.12",Debit Card,June,6,2025,82.24%,,,,
14515,10/22/2026,1048.00,Customer 194,Delhi,Delhi,201.00,Desk,Furniture,2.00,"$39,955.00 ",1500.00%,"$67,923.50","$49,472.41","$18,451.09",Credit Card,October,10,2026,72.84%,,,,
14516,1/6/2026,1366.00,Customer 216,Pune,Maharashtra,269.00,Table,Furniture,6.00,"$13,885.00 ",2000.00%,"$66,648.00","$46,465.51","$20,182.49",Cash,January,1,2026,69.72%,,,,
14517,4/20/2025,1463.00,Customer 243,Mumbai,Maharashtra,221.00,Laptop,Electronics,1.00,"$20,436.00 ",0.00%,"$20,436.00","$12,402.12","$8,033.88",Cash,April,4,2025,60.69%,,,,
14518,5/15/2025,1486.00,Customer 21,Delhi,Delhi,221.00,Laptop,Electronics,3.00,"$1,139.00 ",500.00%,"$3,246.15","$2,444.03",$802.12,Debit Card,May,5,2025,75.29%,,,,
14519,12/7/2025,1161.00,Customer 130,Pune,Maharashtra,209.00,Desk,Furniture,5.00,"$45,673.00 ",1500.00%,"$194,110.25","$118,158.18","$75,952.07",UPI,December,12,2025,60.87%,,,,
14520,7/19/2026,1205.00,Customer 107,Mumbai,Maharashtra,279.00,Pen,Office,5.00,"$4,196.00 ",2000.00%,"$16,784.00","$11,427.85","$5,356.15",Credit Card,July,7,2026,68.09%,,,,
14521,9/7/2026,1492.00,Customer 474,Chennai,Tamil Nadu,210.00,Desk,Furniture,3.00,"$18,829.00 ",1500.00%,"$48,013.95","$30,266.01","$17,747.94",Cash,September,9,2026,63.04%,,,,
14522,8/2/2025,1408.00,Customer 174,Pune,Maharashtra,217.00,Laptop,Electronics,6.00,"$46,369.00 ",2000.00%,"$222,571.20","$137,776.68","$84,794.52",Cash,August,8,2025,61.90%,,,,
14523,4/7/2025,1118.00,Customer 124,Pune,Maharashtra,263.00,Pen,Office,2.00,"$15,776.00 ",0.00%,"$31,552.00","$20,999.86","$10,552.14",Debit Card,April,4,2025,66.56%,,,,
14524,4/26/2026,1216.00,Customer 470,Mumbai,Maharashtra,248.00,Desk,Furniture,2.00,"$33,539.00 ",1500.00%,"$57,016.30","$36,755.61","$20,260.69",UPI,April,4,2026,64.47%,,,,
14525,5/18/2025,1379.00,Customer 302,Hyderabad,Telangana,282.00,Table,Furniture,7.00,"$47,882.00 ",2000.00%,"$268,139.20","$184,607.74","$83,531.46",UPI,May,5,2025,68.85%,,,,
14526,12/31/2026,1238.00,Customer 174,Hyderabad,Telangana,251.00,Notebook,Office,4.00,"$42,308.00 ",2000.00%,"$135,385.60","$92,437.02","$42,948.58",Cash,December,12,2026,68.28%,,,,
14527,8/16/2026,1047.00,Customer 3,Mumbai,Maharashtra,220.00,Pen,Office,3.00,"$19,420.00 ",500.00%,"$55,347.00","$41,857.32","$13,489.68",Credit Card,August,8,2026,75.63%,,,,
14528,1/27/2026,1415.00,Customer 382,Hyderabad,Telangana,296.00,Table,Furniture,3.00,"$13,949.00 ",0.00%,"$41,847.00","$26,763.77","$15,083.23",Credit Card,January,1,2026,63.96%,,,,
14529,9/7/2026,1468.00,Customer 486,Mumbai,Maharashtra,298.00,Table,Furniture,2.00,"$39,335.00 ",1500.00%,"$66,869.50","$52,094.20","$14,775.30",Cash,September,9,2026,77.90%,,,,
14530,4/10/2026,1488.00,Customer 87,Delhi,Delhi,238.00,Paper,Office,2.00,"$14,846.00 ",1000.00%,"$26,722.80","$16,158.45","$10,564.35",Debit Card,April,4,2026,60.47%,,,,
14531,9/12/2025,1270.00,Customer 18,Bengaluru,Karnataka,232.00,Table,Furniture,6.00,"$49,614.00 ",500.00%,"$282,799.80","$173,564.80","$109,235.00",UPI,September,9,2025,61.37%,,,,
14532,6/27/2025,1468.00,Customer 225,Pune,Maharashtra,234.00,Chair,Furniture,2.00,"$28,683.00 ",1000.00%,"$51,629.40","$43,554.76","$8,074.64",Debit Card,June,6,2025,84.36%,,,,
14533,4/30/2026,1455.00,Customer 341,Pune,Maharashtra,213.00,Monitor,Electronics,8.00,"$3,577.00 ",0.00%,"$28,616.00","$25,636.39","$2,979.61",Credit Card,April,4,2026,89.59%,,,,
14534,10/25/2026,1399.00,Customer 109,Mumbai,Maharashtra,256.00,Pen,Office,5.00,"$13,266.00 ",2000.00%,"$53,064.00","$42,862.13","$10,201.87",Cash,October,10,2026,80.77%,,,,
14535,7/11/2026,1241.00,Customer 54,Delhi,Delhi,256.00,Table,Furniture,8.00,"$26,974.00 ",2000.00%,"$172,633.60","$112,603.89","$60,029.71",UPI,July,7,2026,65.23%,,,,
14536,11/7/2025,1037.00,Customer 268,Hyderabad,Telangana,252.00,Notebook,Office,4.00,"$15,011.00 ",1000.00%,"$54,039.60","$48,414.74","$5,624.86",Debit Card,November,11,2025,89.59%,,,,
14537,10/7/2026,1357.00,Customer 497,Hyderabad,Telangana,299.00,Desk,Furniture,8.00,"$16,086.00 ",1500.00%,"$109,384.80","$98,049.20","$11,335.60",Cash,October,10,2026,89.64%,,,,
14538,4/16/2025,1422.00,Customer 311,Pune,Maharashtra,239.00,Keyboard,Electronics,5.00,"$6,946.00 ",1500.00%,"$29,520.50","$22,610.64","$6,909.86",Credit Card,April,4,2025,76.59%,,,,
14539,7/28/2025,1244.00,Customer 308,Chennai,Tamil Nadu,232.00,Pen,Office,4.00,"$30,067.00 ",1500.00%,"$102,227.80","$80,135.43","$22,092.37",Debit Card,July,7,2025,78.39%,,,,
14540,5/17/2025,1340.00,Customer 286,Mumbai,Maharashtra,222.00,Table,Furniture,1.00,"$3,496.00 ",2000.00%,"$2,796.80","$2,109.18",$687.62,UPI,May,5,2025,75.41%,,,,
14541,9/20/2026,1367.00,Customer 270,Mumbai,Maharashtra,286.00,Keyboard,Electronics,4.00,"$47,409.00 ",500.00%,"$180,154.20","$157,384.63","$22,769.57",Cash,September,9,2026,87.36%,,,,
14542,6/23/2025,1340.00,Customer 425,Pune,Maharashtra,279.00,Mouse,Electronics,8.00,"$10,807.00 ",1500.00%,"$73,487.60","$51,996.94","$21,490.66",Credit Card,June,6,2025,70.76%,,,,
14543,2/3/2026,1277.00,Customer 341,Hyderabad,Telangana,233.00,Pen,Office,1.00,"$27,143.00 ",2000.00%,"$21,714.40","$17,493.59","$4,220.81",UPI,February,2,2026,80.56%,,,,
14544,10/12/2025,1497.00,Customer 412,Pune,Maharashtra,265.00,Keyboard,Electronics,1.00,"$4,454.00 ",500.00%,"$4,231.30","$3,072.00","$1,159.30",Credit Card,October,10,2025,72.60%,,,,
14545,4/4/2025,1314.00,Customer 437,Mumbai,Maharashtra,204.00,Table,Furniture,5.00,"$9,768.00 ",1000.00%,"$43,956.00","$32,046.69","$11,909.31",UPI,April,4,2025,72.91%,,,,
14546,5/14/2026,1315.00,Customer 130,Delhi,Delhi,295.00,Keyboard,Electronics,6.00,"$18,854.00 ",1500.00%,"$96,155.40","$63,220.29","$32,935.11",Cash,May,5,2026,65.75%,,,,
14547,5/19/2025,1050.00,Customer 454,Mumbai,Maharashtra,227.00,Monitor,Electronics,1.00,"$33,584.00 ",500.00%,"$31,904.80","$28,319.62","$3,585.18",Debit Card,May,5,2025,88.76%,,,,
14548,1/1/2027,1111.00,Customer 331,Bengaluru,Karnataka,299.00,Monitor,Electronics,1.00,"$40,122.00 ",1000.00%,"$36,109.80","$32,171.21","$3,938.59",Credit Card,January,1,2027,89.09%,,,,
14549,7/5/2025,1122.00,Customer 396,Pune,Maharashtra,252.00,Laptop,Electronics,2.00,"$22,186.00 ",500.00%,"$42,153.40","$36,006.09","$6,147.31",Debit Card,July,7,2025,85.42%,,,,
14550,9/18/2025,1482.00,Customer 123,Chennai,Tamil Nadu,243.00,Table,Furniture,8.00,"$2,674.00 ",1000.00%,"$19,252.80","$11,855.29","$7,397.51",Credit Card,September,9,2025,61.58%,,,,
14551,2/2/2025,1343.00,Customer 13,Chennai,Tamil Nadu,249.00,Laptop,Electronics,5.00,"$16,375.00 ",1500.00%,"$69,593.75","$59,599.25","$9,994.50",Cash,February,2,2025,85.64%,,,,
14552,6/14/2025,1433.00,Customer 54,Bengaluru,Karnataka,206.00,Mouse,Electronics,5.00,"$27,087.00 ",1500.00%,"$115,119.75","$89,967.60","$25,152.15",Cash,June,6,2025,78.15%,,,,
14553,11/3/2026,1126.00,Customer 84,Bengaluru,Karnataka,297.00,Notebook,Office,5.00,"$1,435.00 ",2000.00%,"$5,740.00","$4,288.72","$1,451.28",UPI,November,11,2026,74.72%,,,,
14554,2/18/2025,1040.00,Customer 105,Pune,Maharashtra,224.00,Table,Furniture,8.00,"$19,321.00 ",2000.00%,"$123,654.40","$96,414.52","$27,239.88",Cash,February,2,2025,77.97%,,,,
14555,2/6/2026,1189.00,Customer 341,Delhi,Delhi,299.00,Chair,Furniture,1.00,"$5,801.00 ",0.00%,"$5,801.00","$4,806.56",$994.44,Debit Card,February,2,2026,82.86%,,,,
14556,8/24/2025,1147.00,Customer 69,Pune,Maharashtra,270.00,Keyboard,Electronics,4.00,"$9,169.00 ",1500.00%,"$31,174.60","$22,616.29","$8,558.31",UPI,August,8,2025,72.55%,,,,
14557,9/17/2025,1325.00,Customer 103,Hyderabad,Telangana,216.00,Laptop,Electronics,6.00,"$5,117.00 ",2000.00%,"$24,561.60","$20,041.67","$4,519.93",Credit Card,September,9,2025,81.60%,,,,
14558,10/9/2025,1304.00,Customer 392,Hyderabad,Telangana,222.00,Pen,Office,7.00,"$32,483.00 ",1500.00%,"$193,273.85","$141,019.21","$52,254.64",Debit Card,October,10,2025,72.96%,,,,
14559,3/2/2025,1430.00,Customer 30,Delhi,Delhi,243.00,Notebook,Office,4.00,"$28,778.00 ",500.00%,"$109,356.40","$77,788.76","$31,567.64",Credit Card,March,3,2025,71.13%,,,,
14560,8/21/2025,1203.00,Customer 112,Bengaluru,Karnataka,253.00,Keyboard,Electronics,1.00,"$30,168.00 ",1500.00%,"$25,642.80","$15,809.95","$9,832.85",UPI,August,8,2025,61.65%,,,,
14561,6/13/2026,1115.00,Customer 330,Delhi,Delhi,287.00,Pen,Office,1.00,"$1,401.00 ",500.00%,"$1,330.95",$893.12,$437.83,UPI,June,6,2026,67.10%,,,,
14562,7/23/2025,1411.00,Customer 384,Delhi,Delhi,289.00,Chair,Furniture,1.00,"$26,706.00 ",0.00%,"$26,706.00","$23,453.68","$3,252.32",UPI,July,7,2025,87.82%,,,,
14563,4/22/2025,1315.00,Customer 301,Bengaluru,Karnataka,255.00,Mouse,Electronics,1.00,"$33,359.00 ",2000.00%,"$26,687.20","$23,524.15","$3,163.05",UPI,April,4,2025,88.15%,,,,
14564,3/24/2025,1233.00,Customer 164,Chennai,Tamil Nadu,300.00,Table,Furniture,8.00,"$12,390.00 ",1500.00%,"$84,252.00","$71,256.34","$12,995.66",Debit Card,March,3,2025,84.58%,,,,
14565,7/4/2025,1073.00,Customer 170,Mumbai,Maharashtra,232.00,Keyboard,Electronics,6.00,"$46,009.00 ",1500.00%,"$234,645.90","$173,810.59","$60,835.31",Debit Card,July,7,2025,74.07%,,,,
14566,7/24/2025,1094.00,Customer 297,Mumbai,Maharashtra,209.00,Monitor,Electronics,1.00,"$47,190.00 ",1500.00%,"$40,111.50","$26,963.69","$13,147.81",Cash,July,7,2025,67.22%,,,,
14567,11/3/2025,1306.00,Customer 210,Pune,Maharashtra,217.00,Pen,Office,6.00,"$22,527.00 ",1000.00%,"$121,645.80","$92,776.81","$28,868.99",Credit Card,November,11,2025,76.27%,,,,
14568,4/2/2026,1429.00,Customer 465,Pune,Maharashtra,244.00,Chair,Furniture,4.00,"$38,962.00 ",500.00%,"$148,055.60","$124,501.41","$23,554.19",Debit Card,April,4,2026,84.09%,,,,
14569,9/6/2026,1042.00,Customer 260,Delhi,Delhi,299.00,Monitor,Electronics,4.00,"$15,216.00 ",1000.00%,"$54,777.60","$37,902.08","$16,875.52",Credit Card,September,9,2026,69.19%,,,,
14570,1/4/2026,1354.00,Customer 455,Hyderabad,Telangana,290.00,Paper,Office,5.00,"$26,122.00 ",2000.00%,"$104,488.00","$91,579.56","$12,908.44",Debit Card,January,1,2026,87.65%,,,,
14571,2/14/2025,1453.00,Customer 14,Delhi,Delhi,287.00,Desk,Furniture,6.00,"$24,640.00 ",1000.00%,"$133,056.00","$116,392.99","$16,663.01",Cash,February,2,2025,87.48%,,,,
14572,8/11/2025,1434.00,Customer 346,Pune,Maharashtra,249.00,Pen,Office,4.00,"$40,859.00 ",0.00%,"$163,436.00","$104,139.91","$59,296.09",UPI,August,8,2025,63.72%,,,,
14573,11/4/2026,1067.00,Customer 168,Chennai,Tamil Nadu,239.00,Paper,Office,5.00,"$33,524.00 ",1000.00%,"$150,858.00","$121,250.24","$29,607.76",Credit Card,November,11,2026,80.37%,,,,
14574,9/25/2026,1389.00,Customer 142,Chennai,Tamil Nadu,246.00,Table,Furniture,5.00,"$25,342.00 ",1500.00%,"$107,703.50","$69,211.14","$38,492.36",Credit Card,September,9,2026,64.26%,,,,
14575,10/28/2026,1374.00,Customer 314,Delhi,Delhi,266.00,Keyboard,Electronics,4.00,"$22,430.00 ",1000.00%,"$80,748.00","$58,179.73","$22,568.27",Credit Card,October,10,2026,72.05%,,,,
14576,4/7/2026,1025.00,Customer 111,Bengaluru,Karnataka,201.00,Chair,Furniture,6.00,"$26,012.00 ",2000.00%,"$124,857.60","$106,081.71","$18,775.89",Credit Card,April,4,2026,84.96%,,,,
14577,12/27/2026,1238.00,Customer 44,Hyderabad,Telangana,291.00,Chair,Furniture,2.00,"$39,574.00 ",1000.00%,"$71,233.20","$49,321.54","$21,911.66",Credit Card,December,12,2026,69.24%,,,,
14578,8/4/2026,1346.00,Customer 155,Bengaluru,Karnataka,216.00,Chair,Furniture,6.00,"$6,630.00 ",500.00%,"$37,791.00","$32,545.39","$5,245.61",UPI,August,8,2026,86.12%,,,,
14579,10/29/2026,1085.00,Customer 177,Mumbai,Maharashtra,253.00,Monitor,Electronics,5.00,"$28,500.00 ",1000.00%,"$128,250.00","$88,936.60","$39,313.40",Credit Card,October,10,2026,69.35%,,,,
14580,1/28/2026,1194.00,Customer 368,Pune,Maharashtra,279.00,Monitor,Electronics,4.00,"$49,585.00 ",2000.00%,"$158,672.00","$124,438.96","$34,233.04",UPI,January,1,2026,78.43%,,,,
14581,11/13/2026,1117.00,Customer 323,Delhi,Delhi,280.00,Pen,Office,4.00,"$45,816.00 ",1000.00%,"$164,937.60","$128,917.71","$36,019.89",Debit Card,November,11,2026,78.16%,,,,
14582,2/19/2025,1410.00,Customer 293,Mumbai,Maharashtra,230.00,Table,Furniture,2.00,"$23,518.00 ",1500.00%,"$39,980.60","$25,760.28","$14,220.32",UPI,February,2,2025,64.43%,,,,
14583,11/15/2025,1017.00,Customer 37,Delhi,Delhi,246.00,Paper,Office,6.00,"$24,125.00 ",500.00%,"$137,512.50","$99,794.33","$37,718.17",UPI,November,11,2025,72.57%,,,,
14584,12/15/2026,1125.00,Customer 396,Chennai,Tamil Nadu,297.00,Notebook,Office,1.00,"$45,572.00 ",1000.00%,"$41,014.80","$27,182.15","$13,832.65",Debit Card,December,12,2026,66.27%,,,,
14585,4/18/2025,1052.00,Customer 2,Hyderabad,Telangana,285.00,Notebook,Office,7.00,"$22,198.00 ",1500.00%,"$132,078.10","$118,808.03","$13,270.07",Credit Card,April,4,2025,89.95%,,,,
14586,7/28/2025,1027.00,Customer 296,Hyderabad,Telangana,300.00,Paper,Office,5.00,"$26,020.00 ",0.00%,"$130,100.00","$111,647.96","$18,452.04",Cash,July,7,2025,85.82%,,,,
14587,1/28/2025,1181.00,Customer 202,Pune,Maharashtra,278.00,Keyboard,Electronics,4.00,"$35,055.00 ",2000.00%,"$112,176.00","$95,325.37","$16,850.63",Credit Card,January,1,2025,84.98%,,,,
14588,5/9/2026,1418.00,Customer 152,Delhi,Delhi,207.00,Mouse,Electronics,1.00,"$44,558.00 ",500.00%,"$42,330.10","$34,779.35","$7,550.75",UPI,May,5,2026,82.16%,,,,
14589,11/13/2026,1216.00,Customer 374,Mumbai,Maharashtra,217.00,Keyboard,Electronics,2.00,"$24,100.00 ",1500.00%,"$40,970.00","$26,744.65","$14,225.35",UPI,November,11,2026,65.28%,,,,
14590,8/13/2026,1351.00,Customer 289,Mumbai,Maharashtra,287.00,Laptop,Electronics,7.00,"$44,395.00 ",1000.00%,"$279,688.50","$169,048.32","$110,640.18",UPI,August,8,2026,60.44%,,,,
14591,4/8/2025,1089.00,Customer 299,Pune,Maharashtra,266.00,Paper,Office,5.00,"$21,312.00 ",1000.00%,"$95,904.00","$61,896.32","$34,007.68",Debit Card,April,4,2025,64.54%,,,,
14592,6/3/2025,1214.00,Customer 187,Bengaluru,Karnataka,277.00,Monitor,Electronics,3.00,"$11,543.00 ",500.00%,"$32,897.55","$23,169.85","$9,727.70",Credit Card,June,6,2025,70.43%,,,,
14593,8/10/2025,1325.00,Customer 20,Chennai,Tamil Nadu,290.00,Table,Furniture,5.00,"$10,329.00 ",2000.00%,"$41,316.00","$33,623.05","$7,692.95",Debit Card,August,8,2025,81.38%,,,,
14594,4/15/2025,1254.00,Customer 147,Chennai,Tamil Nadu,300.00,Laptop,Electronics,6.00,"$38,554.00 ",2000.00%,"$185,059.20","$122,614.80","$62,444.40",Debit Card,April,4,2025,66.26%,,,,
14595,1/30/2026,1075.00,Customer 141,Hyderabad,Telangana,253.00,Desk,Furniture,2.00,"$31,353.00 ",2000.00%,"$50,164.80","$42,119.91","$8,044.89",Cash,January,1,2026,83.96%,,,,
14596,1/21/2026,1416.00,Customer 406,Mumbai,Maharashtra,202.00,Pen,Office,7.00,"$45,569.00 ",0.00%,"$318,983.00","$233,604.27","$85,378.73",Debit Card,January,1,2026,73.23%,,,,
14597,9/1/2026,1020.00,Customer 262,Bengaluru,Karnataka,246.00,Keyboard,Electronics,7.00,"$6,421.00 ",0.00%,"$44,947.00","$33,537.38","$11,409.62",Cash,September,9,2026,74.62%,,,,
14598,12/13/2025,1140.00,Customer 62,Hyderabad,Telangana,254.00,Table,Furniture,2.00,"$13,610.00 ",1500.00%,"$23,137.00","$16,027.08","$7,109.92",Credit Card,December,12,2025,69.27%,,,,
14599,8/26/2026,1258.00,Customer 181,Bengaluru,Karnataka,232.00,Keyboard,Electronics,6.00,"$19,749.00 ",1500.00%,"$100,719.90","$84,896.19","$15,823.71",Cash,August,8,2026,84.29%,,,,
14600,10/6/2026,1003.00,Customer 91,Pune,Maharashtra,296.00,Desk,Furniture,4.00,"$19,927.00 ",1500.00%,"$67,751.80","$59,253.70","$8,498.10",Debit Card,October,10,2026,87.46%,,,,
14601,11/28/2026,1139.00,Customer 65,Hyderabad,Telangana,300.00,Paper,Office,6.00,"$19,911.00 ",2000.00%,"$95,572.80","$73,205.36","$22,367.44",Debit Card,November,11,2026,76.60%,,,,
14602,9/9/2025,1214.00,Customer 457,Chennai,Tamil Nadu,241.00,Mouse,Electronics,4.00,"$40,554.00 ",1000.00%,"$145,994.40","$113,933.23","$32,061.17",UPI,September,9,2025,78.04%,,,,
14603,6/10/2026,1063.00,Customer 364,Hyderabad,Telangana,255.00,Chair,Furniture,1.00,"$14,373.00 ",1000.00%,"$12,935.70","$9,780.11","$3,155.59",Cash,June,6,2026,75.61%,,,,
14604,3/9/2025,1500.00,Customer 37,Bengaluru,Karnataka,245.00,Keyboard,Electronics,1.00,"$2,446.00 ",1500.00%,"$2,079.10","$1,253.11",$825.99,Debit Card,March,3,2025,60.27%,,,,
14605,2/9/2025,1462.00,Customer 315,Bengaluru,Karnataka,201.00,Pen,Office,4.00,"$2,098.00 ",2000.00%,"$6,713.60","$4,672.08","$2,041.52",Debit Card,February,2,2025,69.59%,,,,
14606,10/9/2026,1013.00,Customer 163,Chennai,Tamil Nadu,236.00,Table,Furniture,7.00,"$16,895.00 ",2000.00%,"$94,612.00","$74,786.43","$19,825.57",Credit Card,October,10,2026,79.05%,,,,
14607,9/3/2025,1244.00,Customer 464,Hyderabad,Telangana,225.00,Monitor,Electronics,2.00,"$46,432.00 ",500.00%,"$88,220.80","$53,086.49","$35,134.31",Cash,September,9,2025,60.17%,,,,
14608,3/17/2025,1374.00,Customer 439,Pune,Maharashtra,294.00,Notebook,Office,2.00,"$1,712.00 ",0.00%,"$3,424.00","$2,649.88",$774.12,Cash,March,3,2025,77.39%,,,,
14609,2/11/2025,1025.00,Customer 189,Mumbai,Maharashtra,254.00,Laptop,Electronics,1.00,"$37,820.00 ",1000.00%,"$34,038.00","$28,487.08","$5,550.92",UPI,February,2,2025,83.69%,,,,
14610,10/4/2025,1180.00,Customer 424,Delhi,Delhi,212.00,Laptop,Electronics,5.00,"$21,554.00 ",1000.00%,"$96,993.00","$70,738.22","$26,254.78",Debit Card,October,10,2025,72.93%,,,,
14611,6/15/2025,1439.00,Customer 392,Chennai,Tamil Nadu,262.00,Paper,Office,6.00,"$19,987.00 ",0.00%,"$119,922.00","$76,576.44","$43,345.56",UPI,June,6,2025,63.86%,,,,
14612,1/19/2025,1287.00,Customer 367,Pune,Maharashtra,208.00,Pen,Office,7.00,"$7,393.00 ",2000.00%,"$41,400.80","$28,182.69","$13,218.11",Debit Card,January,1,2025,68.07%,,,,
14613,12/5/2026,1024.00,Customer 316,Chennai,Tamil Nadu,231.00,Chair,Furniture,6.00,"$28,384.00 ",1500.00%,"$144,758.40","$93,771.68","$50,986.72",Credit Card,December,12,2026,64.78%,,,,
14614,6/13/2026,1008.00,Customer 331,Delhi,Delhi,238.00,Laptop,Electronics,4.00,"$7,247.00 ",500.00%,"$27,538.60","$21,778.09","$5,760.51",Debit Card,June,6,2026,79.08%,,,,
14615,9/24/2026,1497.00,Customer 192,Chennai,Tamil Nadu,210.00,Laptop,Electronics,6.00,"$4,899.00 ",1000.00%,"$26,454.60","$21,950.77","$4,503.83",UPI,September,9,2026,82.98%,,,,
14616,9/8/2025,1435.00,Customer 390,Delhi,Delhi,241.00,Laptop,Electronics,6.00,"$24,914.00 ",1500.00%,"$127,061.40","$90,152.68","$36,908.72",Credit Card,September,9,2025,70.95%,,,,
14617,12/29/2025,1088.00,Customer 122,Pune,Maharashtra,235.00,Desk,Furniture,2.00,"$3,666.00 ",2000.00%,"$5,865.60","$4,363.94","$1,501.66",Cash,December,12,2025,74.40%,,,,
14618,8/19/2026,1096.00,Customer 352,Bengaluru,Karnataka,285.00,Pen,Office,1.00,"$44,407.00 ",0.00%,"$44,407.00","$30,446.52","$13,960.48",Credit Card,August,8,2026,68.56%,,,,
14619,4/24/2025,1333.00,Customer 177,Hyderabad,Telangana,297.00,Paper,Office,5.00,"$15,407.00 ",0.00%,"$77,035.00","$59,607.38","$17,427.62",Credit Card,April,4,2025,77.38%,,,,
14620,8/17/2025,1272.00,Customer 215,Bengaluru,Karnataka,260.00,Monitor,Electronics,1.00,"$47,837.00 ",1500.00%,"$40,661.45","$24,721.32","$15,940.13",UPI,August,8,2025,60.80%,,,,
14621,7/1/2025,1324.00,Customer 91,Delhi,Delhi,214.00,Notebook,Office,2.00,"$49,291.00 ",1000.00%,"$88,723.80","$75,708.68","$13,015.12",Cash,July,7,2025,85.33%,,,,
14622,12/12/2026,1134.00,Customer 318,Mumbai,Maharashtra,222.00,Paper,Office,3.00,"$20,211.00 ",500.00%,"$57,601.35","$46,167.97","$11,433.38",Cash,December,12,2026,80.15%,,,,
14623,10/3/2026,1402.00,Customer 171,Pune,Maharashtra,249.00,Table,Furniture,1.00,"$13,617.00 ",2000.00%,"$10,893.60","$9,105.12","$1,788.48",Cash,October,10,2026,83.58%,,,,
14624,8/30/2025,1465.00,Customer 127,Bengaluru,Karnataka,276.00,Desk,Furniture,5.00,"$20,818.00 ",0.00%,"$104,090.00","$64,319.21","$39,770.79",Cash,August,8,2025,61.79%,,,,
14625,3/12/2026,1371.00,Customer 410,Chennai,Tamil Nadu,240.00,Notebook,Office,6.00,"$7,183.00 ",500.00%,"$40,943.10","$33,361.28","$7,581.82",Debit Card,March,3,2026,81.48%,,,,
14626,1/18/2026,1387.00,Customer 130,Hyderabad,Telangana,262.00,Keyboard,Electronics,5.00,"$22,511.00 ",1000.00%,"$101,299.50","$84,389.29","$16,910.21",Credit Card,January,1,2026,83.31%,,,,
14627,8/2/2025,1415.00,Customer 373,Mumbai,Maharashtra,243.00,Monitor,Electronics,1.00,"$28,183.00 ",2000.00%,"$22,546.40","$19,412.62","$3,133.78",UPI,August,8,2025,86.10%,,,,
14628,12/26/2026,1442.00,Customer 226,Delhi,Delhi,260.00,Laptop,Electronics,2.00,"$38,265.00 ",1000.00%,"$68,877.00","$51,702.19","$17,174.81",UPI,December,12,2026,75.06%,,,,
14629,4/8/2026,1395.00,Customer 463,Pune,Maharashtra,201.00,Keyboard,Electronics,4.00,"$6,830.00 ",500.00%,"$25,954.00","$16,211.55","$9,742.45",Cash,April,4,2026,62.46%,,,,
14630,8/19/2025,1395.00,Customer 37,Hyderabad,Telangana,265.00,Desk,Furniture,6.00,"$44,429.00 ",1500.00%,"$226,587.90","$141,771.92","$84,815.98",UPI,August,8,2025,62.57%,,,,
14631,9/21/2025,1194.00,Customer 310,Pune,Maharashtra,220.00,Notebook,Office,3.00,"$38,615.00 ",0.00%,"$115,845.00","$82,945.05","$32,899.95",Cash,September,9,2025,71.60%,,,,
14632,11/9/2026,1105.00,Customer 419,Pune,Maharashtra,225.00,Paper,Office,7.00,"$45,040.00 ",500.00%,"$299,516.00","$214,552.44","$84,963.56",Credit Card,November,11,2026,71.63%,,,,
14633,1/20/2026,1284.00,Customer 42,Bengaluru,Karnataka,266.00,Paper,Office,1.00,"$23,192.00 ",500.00%,"$22,032.40","$15,233.40","$6,799.00",Credit Card,January,1,2026,69.14%,,,,
14634,10/26/2025,1267.00,Customer 71,Mumbai,Maharashtra,218.00,Notebook,Office,7.00,"$30,306.00 ",1000.00%,"$190,927.80","$146,540.84","$44,386.96",UPI,October,10,2025,76.75%,,,,
14635,3/6/2025,1385.00,Customer 439,Pune,Maharashtra,203.00,Monitor,Electronics,2.00,"$45,589.00 ",1000.00%,"$82,060.20","$57,353.70","$24,706.50",UPI,March,3,2025,69.89%,,,,
14636,12/8/2025,1188.00,Customer 184,Pune,Maharashtra,227.00,Chair,Furniture,4.00,"$19,991.00 ",0.00%,"$79,964.00","$61,214.70","$18,749.30",UPI,December,12,2025,76.55%,,,,
14637,6/1/2025,1001.00,Customer 288,Hyderabad,Telangana,211.00,Chair,Furniture,2.00,"$44,097.00 ",1000.00%,"$79,374.60","$59,705.43","$19,669.17",Cash,June,6,2025,75.22%,,,,
14638,5/6/2026,1467.00,Customer 332,Pune,Maharashtra,207.00,Pen,Office,5.00,"$19,510.00 ",1500.00%,"$82,917.50","$61,553.69","$21,363.81",Cash,May,5,2026,74.23%,,,,
14639,1/3/2026,1184.00,Customer 35,Chennai,Tamil Nadu,278.00,Desk,Furniture,2.00,"$14,816.00 ",500.00%,"$28,150.40","$19,056.02","$9,094.38",Credit Card,January,1,2026,67.69%,,,,
14640,4/19/2026,1129.00,Customer 164,Delhi,Delhi,256.00,Chair,Furniture,3.00,"$27,131.00 ",1000.00%,"$73,253.70","$62,729.03","$10,524.67",Debit Card,April,4,2026,85.63%,,,,
14641,3/10/2026,1182.00,Customer 120,Mumbai,Maharashtra,299.00,Pen,Office,5.00,"$38,412.00 ",0.00%,"$192,060.00","$142,499.26","$49,560.74",Cash,March,3,2026,74.20%,,,,
14642,6/4/2025,1104.00,Customer 296,Mumbai,Maharashtra,252.00,Table,Furniture,1.00,"$37,223.00 ",1500.00%,"$31,639.55","$23,029.00","$8,610.55",Cash,June,6,2025,72.79%,,,,
14643,4/30/2026,1134.00,Customer 487,Bengaluru,Karnataka,219.00,Desk,Furniture,6.00,"$28,604.00 ",2000.00%,"$137,299.20","$92,600.78","$44,698.42",Debit Card,April,4,2026,67.44%,,,,
14644,3/21/2026,1205.00,Customer 270,Hyderabad,Telangana,212.00,Chair,Furniture,5.00,"$10,575.00 ",1500.00%,"$44,943.75","$30,459.01","$14,484.74",UPI,March,3,2026,67.77%,,,,
14645,7/18/2025,1302.00,Customer 252,Bengaluru,Karnataka,248.00,Chair,Furniture,6.00,"$40,264.00 ",500.00%,"$229,504.80","$183,434.28","$46,070.52",UPI,July,7,2025,79.93%,,,,
14646,6/16/2026,1138.00,Customer 203,Hyderabad,Telangana,266.00,Chair,Furniture,1.00,"$25,666.00 ",2000.00%,"$20,532.80","$18,149.79","$2,383.01",Credit Card,June,6,2026,88.39%,,,,
14647,10/28/2025,1127.00,Customer 482,Bengaluru,Karnataka,209.00,Chair,Furniture,3.00,"$9,031.00 ",2000.00%,"$21,674.40","$17,738.42","$3,935.98",Credit Card,October,10,2025,81.84%,,,,
14648,11/16/2026,1213.00,Customer 52,Delhi,Delhi,220.00,Chair,Furniture,6.00,"$18,203.00 ",1500.00%,"$92,835.30","$81,095.65","$11,739.65",UPI,November,11,2026,87.35%,,,,
14649,1/1/2026,1335.00,Customer 160,Chennai,Tamil Nadu,267.00,Keyboard,Electronics,1.00,"$8,516.00 ",0.00%,"$8,516.00","$7,250.62","$1,265.38",Cash,January,1,2026,85.14%,,,,
14650,2/13/2026,1147.00,Customer 164,Chennai,Tamil Nadu,269.00,Pen,Office,2.00,"$46,944.00 ",1500.00%,"$79,804.80","$66,796.00","$13,008.80",Cash,February,2,2026,83.70%,,,,
14651,9/20/2026,1174.00,Customer 439,Bengaluru,Karnataka,211.00,Keyboard,Electronics,6.00,"$34,668.00 ",500.00%,"$197,607.60","$170,518.25","$27,089.35",UPI,September,9,2026,86.29%,,,,
14652,8/14/2026,1176.00,Customer 355,Pune,Maharashtra,299.00,Chair,Furniture,5.00,"$36,065.00 ",1500.00%,"$153,276.25","$94,585.54","$58,690.71",Credit Card,August,8,2026,61.71%,,,,
14653,6/12/2026,1437.00,Customer 176,Bengaluru,Karnataka,210.00,Pen,Office,7.00,"$31,382.00 ",1500.00%,"$186,722.90","$146,777.25","$39,945.65",Cash,June,6,2026,78.61%,,,,
14654,1/20/2026,1131.00,Customer 330,Chennai,Tamil Nadu,266.00,Keyboard,Electronics,2.00,"$28,469.00 ",2000.00%,"$45,550.40","$28,402.84","$17,147.56",Debit Card,January,1,2026,62.35%,,,,
14655,9/17/2026,1458.00,Customer 374,Mumbai,Maharashtra,295.00,Desk,Furniture,4.00,"$20,609.00 ",500.00%,"$78,314.20","$54,603.39","$23,710.81",Cash,September,9,2026,69.72%,,,,
14656,9/28/2026,1004.00,Customer 19,Mumbai,Maharashtra,265.00,Chair,Furniture,6.00,"$34,338.00 ",1500.00%,"$175,123.80","$115,249.92","$59,873.88",Cash,September,9,2026,65.81%,,,,
14657,4/28/2025,1376.00,Customer 214,Bengaluru,Karnataka,237.00,Monitor,Electronics,5.00,"$35,243.00 ",2000.00%,"$140,972.00","$98,703.78","$42,268.22",Credit Card,April,4,2025,70.02%,,,,
14658,11/21/2026,1389.00,Customer 132,Mumbai,Maharashtra,233.00,Desk,Furniture,2.00,"$16,614.00 ",0.00%,"$33,228.00","$25,928.26","$7,299.74",Debit Card,November,11,2026,78.03%,,,,
14659,1/17/2025,1117.00,Customer 492,Hyderabad,Telangana,239.00,Monitor,Electronics,1.00,"$24,316.00 ",500.00%,"$23,100.20","$19,695.84","$3,404.36",Debit Card,January,1,2025,85.26%,,,,
14660,9/8/2026,1230.00,Customer 85,Delhi,Delhi,284.00,Table,Furniture,5.00,"$46,187.00 ",1000.00%,"$207,841.50","$143,841.77","$63,999.73",Cash,September,9,2026,69.21%,,,,
14661,10/13/2026,1236.00,Customer 9,Pune,Maharashtra,262.00,Table,Furniture,6.00,"$41,841.00 ",1500.00%,"$213,389.10","$133,950.74","$79,438.36",Debit Card,October,10,2026,62.77%,,,,
14662,3/17/2025,1445.00,Customer 447,Hyderabad,Telangana,206.00,Monitor,Electronics,1.00,"$22,265.00 ",500.00%,"$21,151.75","$18,228.18","$2,923.57",Cash,March,3,2025,86.18%,,,,
14663,3/17/2026,1095.00,Customer 195,Bengaluru,Karnataka,275.00,Table,Furniture,6.00,"$7,065.00 ",2000.00%,"$33,912.00","$29,096.47","$4,815.53",Debit Card,March,3,2026,85.80%,,,,
14664,1/3/2025,1095.00,Customer 371,Hyderabad,Telangana,256.00,Keyboard,Electronics,2.00,"$14,814.00 ",2000.00%,"$23,702.40","$19,756.49","$3,945.91",UPI,January,1,2025,83.35%,,,,
14665,11/11/2025,1296.00,Customer 253,Chennai,Tamil Nadu,252.00,Notebook,Office,8.00,"$26,074.00 ",0.00%,"$208,592.00","$134,390.19","$74,201.81",Credit Card,November,11,2025,64.43%,,,,
14666,4/26/2025,1192.00,Customer 174,Pune,Maharashtra,299.00,Monitor,Electronics,2.00,"$4,846.00 ",1500.00%,"$8,238.20","$6,541.80","$1,696.40",Cash,April,4,2025,79.41%,,,,
14667,8/4/2026,1492.00,Customer 483,Bengaluru,Karnataka,280.00,Keyboard,Electronics,6.00,"$28,312.00 ",2000.00%,"$135,897.60","$110,041.69","$25,855.91",Credit Card,August,8,2026,80.97%,,,,
14668,12/16/2025,1314.00,Customer 152,Mumbai,Maharashtra,210.00,Laptop,Electronics,6.00,"$42,266.00 ",1000.00%,"$228,236.40","$156,166.03","$72,070.37",UPI,December,12,2025,68.42%,,,,
14669,6/5/2025,1213.00,Customer 218,Delhi,Delhi,284.00,Desk,Furniture,6.00,"$15,566.00 ",2000.00%,"$74,716.80","$64,111.68","$10,605.12",Cash,June,6,2025,85.81%,,,,
14670,2/12/2025,1015.00,Customer 311,Hyderabad,Telangana,231.00,Monitor,Electronics,3.00,"$20,342.00 ",1500.00%,"$51,872.10","$38,230.11","$13,641.99",Debit Card,February,2,2025,73.70%,,,,
14671,5/2/2026,1347.00,Customer 97,Delhi,Delhi,229.00,Keyboard,Electronics,1.00,"$17,306.00 ",2000.00%,"$13,844.80","$8,839.60","$5,005.20",Debit Card,May,5,2026,63.85%,,,,
14672,8/30/2025,1183.00,Customer 391,Mumbai,Maharashtra,245.00,Paper,Office,1.00,"$42,598.00 ",500.00%,"$40,468.10","$30,658.75","$9,809.35",Debit Card,August,8,2025,75.76%,,,,
14673,10/14/2026,1099.00,Customer 259,Chennai,Tamil Nadu,218.00,Pen,Office,2.00,"$42,013.00 ",1500.00%,"$71,422.10","$58,812.93","$12,609.17",Debit Card,October,10,2026,82.35%,,,,
14674,8/18/2026,1169.00,Customer 37,Delhi,Delhi,231.00,Laptop,Electronics,4.00,"$7,733.00 ",1500.00%,"$26,292.20","$16,976.63","$9,315.57",Cash,August,8,2026,64.57%,,,,
14675,8/27/2025,1378.00,Customer 343,Hyderabad,Telangana,262.00,Pen,Office,8.00,"$9,059.00 ",1000.00%,"$65,224.80","$57,027.45","$8,197.35",Cash,August,8,2025,87.43%,,,,
14676,8/4/2025,1066.00,Customer 265,Mumbai,Maharashtra,212.00,Chair,Furniture,5.00,"$3,201.00 ",1000.00%,"$14,404.50","$10,777.05","$3,627.45",Credit Card,August,8,2025,74.82%,,,,
14677,12/5/2025,1418.00,Customer 241,Hyderabad,Telangana,262.00,Notebook,Office,2.00,"$30,769.00 ",1500.00%,"$52,307.30","$36,654.39","$15,652.91",Cash,December,12,2025,70.08%,,,,
14678,7/8/2025,1484.00,Customer 41,Delhi,Delhi,269.00,Keyboard,Electronics,6.00,"$46,126.00 ",500.00%,"$262,918.20","$184,437.04","$78,481.16",Debit Card,July,7,2025,70.15%,,,,
14679,4/19/2026,1366.00,Customer 303,Hyderabad,Telangana,237.00,Paper,Office,6.00,"$2,804.00 ",500.00%,"$15,982.80","$10,619.97","$5,362.83",Debit Card,April,4,2026,66.45%,,,,
14680,8/20/2025,1070.00,Customer 184,Mumbai,Maharashtra,283.00,Keyboard,Electronics,3.00,"$46,797.00 ",1000.00%,"$126,351.90","$112,985.97","$13,365.93",UPI,August,8,2025,89.42%,,,,
14681,9/7/2026,1277.00,Customer 284,Delhi,Delhi,286.00,Laptop,Electronics,6.00,"$7,763.00 ",1000.00%,"$41,920.20","$34,173.29","$7,746.91",Debit Card,September,9,2026,81.52%,,,,
14682,5/21/2025,1011.00,Customer 388,Chennai,Tamil Nadu,255.00,Paper,Office,8.00,"$19,966.00 ",2000.00%,"$127,782.40","$90,720.94","$37,061.46",Credit Card,May,5,2025,71.00%,,,,
14683,8/31/2025,1179.00,Customer 428,Bengaluru,Karnataka,251.00,Laptop,Electronics,1.00,"$49,343.00 ",500.00%,"$46,875.85","$34,968.53","$11,907.32",Cash,August,8,2025,74.60%,,,,
14684,10/21/2025,1480.00,Customer 497,Hyderabad,Telangana,226.00,Desk,Furniture,4.00,"$11,196.00 ",1500.00%,"$38,066.40","$26,249.54","$11,816.86",Cash,October,10,2025,68.96%,,,,
14685,5/13/2025,1370.00,Customer 39,Delhi,Delhi,285.00,Paper,Office,8.00,"$1,823.00 ",0.00%,"$14,584.00","$10,565.76","$4,018.24",Cash,May,5,2025,72.45%,,,,
14686,4/29/2025,1014.00,Customer 500,Bengaluru,Karnataka,203.00,Pen,Office,1.00,"$17,041.00 ",2000.00%,"$13,632.80","$10,133.31","$3,499.49",Debit Card,April,4,2025,74.33%,,,,
14687,6/22/2025,1465.00,Customer 257,Hyderabad,Telangana,251.00,Laptop,Electronics,8.00,"$49,747.00 ",0.00%,"$397,976.00","$247,213.95","$150,762.05",Debit Card,June,6,2025,62.12%,,,,
14688,10/9/2026,1207.00,Customer 3,Pune,Maharashtra,240.00,Pen,Office,8.00,"$40,977.00 ",500.00%,"$311,425.20","$220,329.00","$91,096.20",Cash,October,10,2026,70.75%,,,,
14689,4/22/2026,1027.00,Customer 130,Delhi,Delhi,287.00,Paper,Office,1.00,"$15,639.00 ",2000.00%,"$12,511.20","$11,091.21","$1,419.99",Credit Card,April,4,2026,88.65%,,,,
14690,6/5/2025,1416.00,Customer 102,Hyderabad,Telangana,250.00,Monitor,Electronics,5.00,"$15,772.00 ",1000.00%,"$70,974.00","$62,808.60","$8,165.40",UPI,June,6,2025,88.50%,,,,
14691,9/7/2025,1367.00,Customer 309,Pune,Maharashtra,245.00,Chair,Furniture,1.00,"$16,115.00 ",2000.00%,"$12,892.00","$9,356.49","$3,535.51",Credit Card,September,9,2025,72.58%,,,,
14692,10/6/2025,1227.00,Customer 1,Chennai,Tamil Nadu,297.00,Mouse,Electronics,8.00,"$23,771.00 ",1500.00%,"$161,642.80","$132,637.08","$29,005.72",UPI,October,10,2025,82.06%,,,,
14693,1/15/2026,1205.00,Customer 157,Delhi,Delhi,219.00,Keyboard,Electronics,5.00,"$39,364.00 ",500.00%,"$186,979.00","$122,703.93","$64,275.07",UPI,January,1,2026,65.62%,,,,
14694,8/13/2025,1027.00,Customer 371,Hyderabad,Telangana,240.00,Laptop,Electronics,1.00,"$47,508.00 ",0.00%,"$47,508.00","$32,375.34","$15,132.66",UPI,August,8,2025,68.15%,,,,
14695,6/30/2025,1242.00,Customer 13,Delhi,Delhi,240.00,Keyboard,Electronics,4.00,"$14,879.00 ",2000.00%,"$47,612.80","$33,833.60","$13,779.20",Cash,June,6,2025,71.06%,,,,
14696,2/20/2025,1042.00,Customer 261,Chennai,Tamil Nadu,250.00,Notebook,Office,3.00,"$12,018.00 ",1000.00%,"$32,448.60","$28,394.98","$4,053.62",Cash,February,2,2025,87.51%,,,,
14697,3/20/2025,1468.00,Customer 275,Chennai,Tamil Nadu,236.00,Laptop,Electronics,3.00,"$26,608.00 ",500.00%,"$75,832.80","$55,083.95","$20,748.85",Cash,March,3,2025,72.64%,,,,
14698,9/3/2025,1248.00,Customer 260,Delhi,Delhi,258.00,Mouse,Electronics,1.00,"$8,897.00 ",500.00%,"$8,452.15","$5,652.90","$2,799.25",UPI,September,9,2025,66.88%,,,,
14699,9/16/2026,1394.00,Customer 152,Chennai,Tamil Nadu,234.00,Notebook,Office,7.00,"$47,285.00 ",500.00%,"$314,445.25","$263,450.52","$50,994.73",Cash,September,9,2026,83.78%,,,,
14700,7/12/2025,1182.00,Customer 208,Chennai,Tamil Nadu,244.00,Pen,Office,4.00,"$49,953.00 ",0.00%,"$199,812.00","$123,314.63","$76,497.37",Debit Card,July,7,2025,61.72%,,,,
14701,9/5/2026,1178.00,Customer 273,Bengaluru,Karnataka,214.00,Monitor,Electronics,3.00,"$19,700.00 ",1000.00%,"$53,190.00","$39,719.42","$13,470.58",UPI,September,9,2026,74.67%,,,,
14702,5/22/2026,1127.00,Customer 460,Chennai,Tamil Nadu,247.00,Desk,Furniture,5.00,"$5,397.00 ",0.00%,"$26,985.00","$21,595.43","$5,389.57",Debit Card,May,5,2026,80.03%,,,,
14703,5/19/2025,1049.00,Customer 205,Hyderabad,Telangana,258.00,Table,Furniture,8.00,"$43,678.00 ",1000.00%,"$314,481.60","$277,355.98","$37,125.62",Debit Card,May,5,2025,88.19%,,,,
14704,9/10/2026,1306.00,Customer 446,Chennai,Tamil Nadu,264.00,Mouse,Electronics,6.00,"$15,581.00 ",2000.00%,"$74,788.80","$47,296.13","$27,492.67",Debit Card,September,9,2026,63.24%,,,,
14705,4/23/2025,1203.00,Customer 376,Pune,Maharashtra,226.00,Monitor,Electronics,4.00,"$25,498.00 ",2000.00%,"$81,593.60","$69,385.68","$12,207.92",Cash,April,4,2025,85.04%,,,,
14706,3/16/2026,1372.00,Customer 477,Pune,Maharashtra,299.00,Paper,Office,6.00,"$4,766.00 ",1000.00%,"$25,736.40","$15,784.56","$9,951.84",Cash,March,3,2026,61.33%,,,,
14707,11/20/2025,1410.00,Customer 360,Mumbai,Maharashtra,286.00,Paper,Office,1.00,"$1,353.00 ",1000.00%,"$1,217.70",$905.50,$312.20,Cash,November,11,2025,74.36%,,,,
14708,3/10/2025,1271.00,Customer 49,Chennai,Tamil Nadu,249.00,Chair,Furniture,8.00,"$8,101.00 ",0.00%,"$64,808.00","$42,690.06","$22,117.94",Debit Card,March,3,2025,65.87%,,,,
14709,1/31/2025,1342.00,Customer 399,Pune,Maharashtra,242.00,Mouse,Electronics,8.00,"$25,451.00 ",1000.00%,"$183,247.20","$113,277.98","$69,969.22",Credit Card,January,1,2025,61.82%,,,,
14710,8/1/2025,1475.00,Customer 448,Bengaluru,Karnataka,221.00,Table,Furniture,3.00,"$11,986.00 ",0.00%,"$35,958.00","$26,934.77","$9,023.23",Credit Card,August,8,2025,74.91%,,,,
14711,11/27/2025,1343.00,Customer 21,Delhi,Delhi,269.00,Keyboard,Electronics,7.00,"$25,023.00 ",0.00%,"$175,161.00","$128,229.39","$46,931.61",UPI,November,11,2025,73.21%,,,,
14712,1/1/2027,1337.00,Customer 273,Pune,Maharashtra,300.00,Table,Furniture,4.00,"$37,658.00 ",0.00%,"$150,632.00","$99,144.42","$51,487.58",Debit Card,January,1,2027,65.82%,,,,
14713,5/23/2026,1426.00,Customer 250,Pune,Maharashtra,286.00,Notebook,Office,3.00,"$34,229.00 ",2000.00%,"$82,149.60","$54,137.49","$28,012.11",Cash,May,5,2026,65.90%,,,,
14714,4/6/2026,1039.00,Customer 336,Pune,Maharashtra,237.00,Pen,Office,5.00,"$24,911.00 ",2000.00%,"$99,644.00","$86,316.09","$13,327.91",Credit Card,April,4,2026,86.62%,,,,
14715,3/10/2026,1171.00,Customer 150,Pune,Maharashtra,268.00,Pen,Office,3.00,"$31,283.00 ",1000.00%,"$84,464.10","$53,249.19","$31,214.91",Cash,March,3,2026,63.04%,,,,
14716,2/4/2025,1373.00,Customer 500,Bengaluru,Karnataka,235.00,Paper,Office,2.00,"$17,688.00 ",500.00%,"$33,607.20","$21,722.09","$11,885.11",Credit Card,February,2,2025,64.64%,,,,
14717,9/19/2025,1008.00,Customer 207,Chennai,Tamil Nadu,224.00,Mouse,Electronics,8.00,"$24,948.00 ",500.00%,"$189,604.80","$170,180.28","$19,424.52",Credit Card,September,9,2025,89.76%,,,,
14718,12/23/2026,1257.00,Customer 133,Pune,Maharashtra,290.00,Desk,Furniture,1.00,"$4,844.00 ",0.00%,"$4,844.00","$3,704.89","$1,139.11",Debit Card,December,12,2026,76.48%,,,,
14719,2/14/2026,1439.00,Customer 306,Mumbai,Maharashtra,253.00,Paper,Office,2.00,"$37,613.00 ",2000.00%,"$60,180.80","$43,459.41","$16,721.39",Credit Card,February,2,2026,72.21%,,,,
14720,9/12/2026,1176.00,Customer 263,Delhi,Delhi,246.00,Paper,Office,7.00,"$39,857.00 ",2000.00%,"$223,199.20","$134,118.52","$89,080.68",Debit Card,September,9,2026,60.09%,,,,
14721,1/23/2026,1051.00,Customer 296,Bengaluru,Karnataka,220.00,Pen,Office,7.00,"$9,968.00 ",0.00%,"$69,776.00","$52,152.99","$17,623.01",Cash,January,1,2026,74.74%,,,,
14722,9/30/2026,1451.00,Customer 318,Bengaluru,Karnataka,254.00,Keyboard,Electronics,7.00,"$8,374.00 ",500.00%,"$55,687.10","$34,212.39","$21,474.71",Debit Card,September,9,2026,61.44%,,,,
14723,6/4/2025,1008.00,Customer 471,Bengaluru,Karnataka,213.00,Keyboard,Electronics,3.00,"$37,343.00 ",1000.00%,"$100,826.10","$86,541.03","$14,285.07",Credit Card,June,6,2025,85.83%,,,,
14724,8/3/2025,1112.00,Customer 400,Pune,Maharashtra,291.00,Desk,Furniture,5.00,"$21,300.00 ",0.00%,"$106,500.00","$91,342.53","$15,157.47",Cash,August,8,2025,85.77%,,,,
14725,9/2/2026,1267.00,Customer 437,Hyderabad,Telangana,257.00,Laptop,Electronics,8.00,"$43,989.00 ",1000.00%,"$316,720.80","$241,408.95","$75,311.85",Debit Card,September,9,2026,76.22%,,,,
14726,10/12/2026,1399.00,Customer 321,Pune,Maharashtra,285.00,Desk,Furniture,2.00,"$27,270.00 ",1500.00%,"$46,359.00","$39,778.51","$6,580.49",Debit Card,October,10,2026,85.81%,,,,
14727,8/24/2025,1235.00,Customer 330,Bengaluru,Karnataka,232.00,Notebook,Office,5.00,"$10,899.00 ",500.00%,"$51,770.25","$34,411.33","$17,358.92",Cash,August,8,2025,66.47%,,,,
14728,8/19/2026,1444.00,Customer 307,Hyderabad,Telangana,290.00,Pen,Office,1.00,"$3,413.00 ",500.00%,"$3,242.35","$2,903.35",$339.00,Debit Card,August,8,2026,89.54%,,,,
14729,12/6/2025,1392.00,Customer 35,Delhi,Delhi,244.00,Mouse,Electronics,3.00,"$21,258.00 ",2000.00%,"$51,019.20","$38,012.48","$13,006.72",Credit Card,December,12,2025,74.51%,,,,
14730,3/14/2026,1461.00,Customer 472,Pune,Maharashtra,227.00,Chair,Furniture,5.00,"$44,274.00 ",500.00%,"$210,301.50","$171,820.48","$38,481.02",Debit Card,March,3,2026,81.70%,,,,
14731,5/26/2026,1430.00,Customer 380,Hyderabad,Telangana,281.00,Keyboard,Electronics,5.00,"$3,738.00 ",2000.00%,"$14,952.00","$11,899.43","$3,052.57",Credit Card,May,5,2026,79.58%,,,,
14732,6/12/2026,1472.00,Customer 53,Chennai,Tamil Nadu,287.00,Paper,Office,2.00,"$41,105.00 ",2000.00%,"$65,768.00","$41,460.82","$24,307.18",Debit Card,June,6,2026,63.04%,,,,
14733,10/18/2025,1176.00,Customer 392,Pune,Maharashtra,298.00,Chair,Furniture,2.00,"$17,234.00 ",1000.00%,"$31,021.20","$21,324.12","$9,697.08",Debit Card,October,10,2025,68.74%,,,,
14734,7/22/2026,1470.00,Customer 191,Pune,Maharashtra,206.00,Table,Furniture,3.00,"$48,620.00 ",1500.00%,"$123,981.00","$80,754.10","$43,226.90",Debit Card,July,7,2026,65.13%,,,,
14735,5/1/2026,1392.00,Customer 283,Chennai,Tamil Nadu,246.00,Chair,Furniture,3.00,"$47,370.00 ",2000.00%,"$113,688.00","$75,536.69","$38,151.31",Debit Card,May,5,2026,66.44%,,,,
14736,3/20/2025,1226.00,Customer 16,Pune,Maharashtra,220.00,Chair,Furniture,2.00,"$26,944.00 ",1000.00%,"$48,499.20","$39,059.97","$9,439.23",Credit Card,March,3,2025,80.54%,,,,
14737,1/2/2025,1103.00,Customer 85,Chennai,Tamil Nadu,284.00,Chair,Furniture,4.00,"$29,223.00 ",0.00%,"$116,892.00","$95,700.32","$21,191.68",Credit Card,January,1,2025,81.87%,,,,
14738,10/13/2025,1430.00,Customer 117,Chennai,Tamil Nadu,254.00,Chair,Furniture,4.00,"$17,102.00 ",2000.00%,"$54,726.40","$33,812.18","$20,914.22",Credit Card,October,10,2025,61.78%,,,,
14739,12/13/2026,1282.00,Customer 404,Delhi,Delhi,293.00,Paper,Office,8.00,"$31,919.00 ",500.00%,"$242,584.40","$191,902.39","$50,682.01",Debit Card,December,12,2026,79.11%,,,,
14740,3/16/2026,1293.00,Customer 70,Delhi,Delhi,201.00,Desk,Furniture,2.00,"$4,102.00 ",1000.00%,"$7,383.60","$5,368.37","$2,015.23",Credit Card,March,3,2026,72.71%,,,,
14741,2/27/2025,1140.00,Customer 153,Mumbai,Maharashtra,287.00,Mouse,Electronics,1.00,"$18,518.00 ",1500.00%,"$15,740.30","$10,776.83","$4,963.47",Debit Card,February,2,2025,68.47%,,,,
14742,4/20/2025,1120.00,Customer 460,Mumbai,Maharashtra,265.00,Laptop,Electronics,4.00,"$16,598.00 ",1000.00%,"$59,752.80","$48,639.40","$11,113.40",UPI,April,4,2025,81.40%,,,,
14743,10/27/2026,1289.00,Customer 160,Hyderabad,Telangana,280.00,Table,Furniture,5.00,"$7,370.00 ",1000.00%,"$33,165.00","$24,449.18","$8,715.82",Credit Card,October,10,2026,73.72%,,,,
14744,4/23/2026,1267.00,Customer 254,Chennai,Tamil Nadu,227.00,Desk,Furniture,4.00,"$22,859.00 ",1500.00%,"$77,720.60","$62,356.96","$15,363.64",Cash,April,4,2026,80.23%,,,,
14745,10/21/2025,1314.00,Customer 167,Pune,Maharashtra,293.00,Laptop,Electronics,2.00,"$46,734.00 ",1000.00%,"$84,121.20","$56,662.73","$27,458.47",Cash,October,10,2025,67.36%,,,,
14746,10/4/2026,1381.00,Customer 291,Mumbai,Maharashtra,281.00,Chair,Furniture,2.00,"$32,981.00 ",1000.00%,"$59,365.80","$50,169.00","$9,196.80",UPI,October,10,2026,84.51%,,,,
14747,12/18/2026,1093.00,Customer 183,Bengaluru,Karnataka,271.00,Pen,Office,4.00,"$1,567.00 ",1500.00%,"$5,327.80","$3,972.12","$1,355.68",Debit Card,December,12,2026,74.55%,,,,
14748,3/12/2025,1488.00,Customer 174,Bengaluru,Karnataka,223.00,Mouse,Electronics,1.00,"$13,885.00 ",1500.00%,"$11,802.25","$7,712.82","$4,089.43",Cash,March,3,2025,65.35%,,,,
14749,7/17/2025,1343.00,Customer 430,Hyderabad,Telangana,291.00,Chair,Furniture,8.00,"$17,952.00 ",0.00%,"$143,616.00","$92,397.26","$51,218.74",UPI,July,7,2025,64.34%,,,,
14750,9/7/2026,1384.00,Customer 45,Delhi,Delhi,293.00,Chair,Furniture,7.00,"$11,302.00 ",2000.00%,"$63,291.20","$51,085.92","$12,205.28",Credit Card,September,9,2026,80.72%,,,,
14751,6/22/2025,1020.00,Customer 361,Bengaluru,Karnataka,256.00,Paper,Office,4.00,"$13,255.00 ",1000.00%,"$47,718.00","$31,474.24","$16,243.76",UPI,June,6,2025,65.96%,,,,
14752,5/30/2025,1073.00,Customer 1,Chennai,Tamil Nadu,209.00,Paper,Office,7.00,"$12,548.00 ",1000.00%,"$79,052.40","$64,628.71","$14,423.69",Cash,May,5,2025,81.75%,,,,
14753,2/1/2026,1082.00,Customer 361,Hyderabad,Telangana,267.00,Mouse,Electronics,8.00,"$40,502.00 ",500.00%,"$307,815.20","$244,008.54","$63,806.66",Debit Card,February,2,2026,79.27%,,,,
14754,2/23/2026,1354.00,Customer 214,Bengaluru,Karnataka,239.00,Paper,Office,5.00,"$34,863.00 ",0.00%,"$174,315.00","$105,971.71","$68,343.29",Cash,February,2,2026,60.79%,,,,
14755,2/4/2026,1115.00,Customer 285,Hyderabad,Telangana,271.00,Paper,Office,7.00,"$8,781.00 ",0.00%,"$61,467.00","$37,360.06","$24,106.94",Cash,February,2,2026,60.78%,,,,
14756,2/6/2026,1393.00,Customer 476,Bengaluru,Karnataka,207.00,Notebook,Office,7.00,"$19,497.00 ",500.00%,"$129,655.05","$115,729.35","$13,925.70",Debit Card,February,2,2026,89.26%,,,,
14757,12/13/2025,1295.00,Customer 368,Chennai,Tamil Nadu,254.00,Notebook,Office,4.00,"$11,494.00 ",2000.00%,"$36,780.80","$32,097.75","$4,683.05",Cash,December,12,2025,87.27%,,,,
14758,1/24/2025,1486.00,Customer 258,Delhi,Delhi,203.00,Laptop,Electronics,1.00,"$46,401.00 ",0.00%,"$46,401.00","$41,539.10","$4,861.90",Cash,January,1,2025,89.52%,,,,
14759,1/27/2026,1453.00,Customer 471,Hyderabad,Telangana,251.00,Mouse,Electronics,7.00,$424.00 ,1500.00%,"$2,522.80","$1,977.23",$545.57,Cash,January,1,2026,78.37%,,,,
14760,4/16/2025,1440.00,Customer 226,Pune,Maharashtra,210.00,Pen,Office,3.00,"$27,802.00 ",2000.00%,"$66,724.80","$52,015.18","$14,709.62",Credit Card,April,4,2025,77.95%,,,,
14761,12/7/2026,1217.00,Customer 330,Hyderabad,Telangana,251.00,Paper,Office,1.00,"$16,135.00 ",0.00%,"$16,135.00","$13,088.76","$3,046.24",Credit Card,December,12,2026,81.12%,,,,
14762,3/26/2025,1130.00,Customer 244,Mumbai,Maharashtra,298.00,Monitor,Electronics,6.00,"$13,803.00 ",0.00%,"$82,818.00","$51,578.35","$31,239.65",Debit Card,March,3,2025,62.28%,,,,
14763,2/13/2025,1237.00,Customer 426,Bengaluru,Karnataka,218.00,Desk,Furniture,8.00,"$11,102.00 ",1500.00%,"$75,493.60","$47,881.52","$27,612.08",Credit Card,February,2,2025,63.42%,,,,
14764,2/26/2026,1140.00,Customer 482,Pune,Maharashtra,225.00,Mouse,Electronics,3.00,"$48,124.00 ",2000.00%,"$115,497.60","$72,739.76","$42,757.84",Cash,February,2,2026,62.98%,,,,
14765,7/27/2026,1184.00,Customer 173,Mumbai,Maharashtra,289.00,Paper,Office,2.00,"$6,453.00 ",0.00%,"$12,906.00","$11,275.44","$1,630.56",Debit Card,July,7,2026,87.37%,,,,
14766,4/19/2026,1449.00,Customer 443,Bengaluru,Karnataka,237.00,Paper,Office,3.00,"$38,473.00 ",0.00%,"$115,419.00","$70,107.53","$45,311.47",Cash,April,4,2026,60.74%,,,,
14767,8/16/2026,1346.00,Customer 372,Bengaluru,Karnataka,299.00,Notebook,Office,5.00,"$22,461.00 ",0.00%,"$112,305.00","$79,655.99","$32,649.01",Cash,August,8,2026,70.93%,,,,
14768,3/29/2025,1230.00,Customer 418,Mumbai,Maharashtra,283.00,Notebook,Office,3.00,"$3,125.00 ",1000.00%,"$8,437.50","$6,092.12","$2,345.38",Credit Card,March,3,2025,72.20%,,,,
14769,11/16/2026,1287.00,Customer 237,Chennai,Tamil Nadu,278.00,Table,Furniture,7.00,"$17,424.00 ",1500.00%,"$103,672.80","$62,475.57","$41,197.23",UPI,November,11,2026,60.26%,,,,
14770,4/26/2026,1392.00,Customer 69,Mumbai,Maharashtra,280.00,Monitor,Electronics,5.00,"$30,661.00 ",1000.00%,"$137,974.50","$118,108.58","$19,865.92",Credit Card,April,4,2026,85.60%,,,,
14771,1/8/2026,1469.00,Customer 206,Mumbai,Maharashtra,209.00,Pen,Office,8.00,"$32,757.00 ",1000.00%,"$235,850.40","$204,065.47","$31,784.93",Credit Card,January,1,2026,86.52%,,,,
14772,3/13/2025,1283.00,Customer 175,Pune,Maharashtra,215.00,Mouse,Electronics,7.00,"$38,300.00 ",0.00%,"$268,100.00","$164,622.86","$103,477.14",UPI,March,3,2025,61.40%,,,,
14773,4/15/2025,1472.00,Customer 46,Bengaluru,Karnataka,265.00,Desk,Furniture,3.00,"$2,123.00 ",0.00%,"$6,369.00","$5,432.37",$936.63,Cash,April,4,2025,85.29%,,,,
14774,5/1/2025,1158.00,Customer 110,Pune,Maharashtra,260.00,Chair,Furniture,7.00,"$49,879.00 ",1500.00%,"$296,780.05","$245,779.51","$51,000.54",Debit Card,May,5,2025,82.82%,,,,
14775,7/11/2025,1143.00,Customer 185,Bengaluru,Karnataka,275.00,Table,Furniture,8.00,"$1,421.00 ",1000.00%,"$10,231.20","$6,525.91","$3,705.29",UPI,July,7,2025,63.78%,,,,
14776,2/16/2025,1469.00,Customer 40,Chennai,Tamil Nadu,222.00,Chair,Furniture,6.00,"$23,885.00 ",500.00%,"$136,144.50","$104,011.17","$32,133.33",Credit Card,February,2,2025,76.40%,,,,
14777,6/21/2026,1464.00,Customer 174,Chennai,Tamil Nadu,255.00,Notebook,Office,3.00,"$8,215.00 ",500.00%,"$23,412.75","$15,989.08","$7,423.67",Cash,June,6,2026,68.29%,,,,
14778,4/28/2025,1220.00,Customer 439,Mumbai,Maharashtra,275.00,Monitor,Electronics,3.00,"$16,865.00 ",500.00%,"$48,065.25","$33,828.79","$14,236.46",Cash,April,4,2025,70.38%,,,,
14779,9/16/2025,1481.00,Customer 32,Hyderabad,Telangana,230.00,Laptop,Electronics,5.00,"$5,472.00 ",1000.00%,"$24,624.00","$19,082.49","$5,541.51",Credit Card,September,9,2025,77.50%,,,,
14780,6/10/2026,1058.00,Customer 97,Hyderabad,Telangana,212.00,Desk,Furniture,5.00,"$4,856.00 ",1500.00%,"$20,638.00","$13,077.87","$7,560.13",UPI,June,6,2026,63.37%,,,,
14781,7/4/2025,1491.00,Customer 338,Mumbai,Maharashtra,204.00,Mouse,Electronics,3.00,"$37,473.00 ",1500.00%,"$95,556.15","$74,749.29","$20,806.86",UPI,July,7,2025,78.23%,,,,
14782,11/7/2026,1411.00,Customer 324,Pune,Maharashtra,209.00,Desk,Furniture,5.00,"$40,989.00 ",500.00%,"$194,697.75","$128,227.32","$66,470.43",Debit Card,November,11,2026,65.86%,,,,
14783,9/27/2025,1028.00,Customer 64,Chennai,Tamil Nadu,265.00,Table,Furniture,6.00,"$47,551.00 ",0.00%,"$285,306.00","$205,346.84","$79,959.16",UPI,September,9,2025,71.97%,,,,
14784,8/11/2026,1059.00,Customer 389,Mumbai,Maharashtra,275.00,Chair,Furniture,5.00,"$16,595.00 ",1000.00%,"$74,677.50","$55,714.66","$18,962.84",Debit Card,August,8,2026,74.61%,,,,
14785,3/17/2026,1389.00,Customer 39,Chennai,Tamil Nadu,262.00,Pen,Office,7.00,"$16,438.00 ",2000.00%,"$92,052.80","$60,207.89","$31,844.91",UPI,March,3,2026,65.41%,,,,
14786,9/22/2026,1010.00,Customer 244,Bengaluru,Karnataka,213.00,Table,Furniture,1.00,"$25,518.00 ",2000.00%,"$20,414.40","$16,415.12","$3,999.28",Credit Card,September,9,2026,80.41%,,,,
14787,2/25/2025,1410.00,Customer 384,Hyderabad,Telangana,258.00,Keyboard,Electronics,7.00,"$16,230.00 ",1500.00%,"$96,568.50","$81,877.63","$14,690.87",Credit Card,February,2,2025,84.79%,,,,
14788,12/21/2026,1024.00,Customer 28,Bengaluru,Karnataka,248.00,Monitor,Electronics,5.00,"$43,794.00 ",2000.00%,"$175,176.00","$136,709.24","$38,466.76",Debit Card,December,12,2026,78.04%,,,,
14789,7/15/2025,1331.00,Customer 199,Mumbai,Maharashtra,207.00,Table,Furniture,5.00,"$19,389.00 ",500.00%,"$92,097.75","$63,287.24","$28,810.51",Credit Card,July,7,2025,68.72%,,,,
14790,5/6/2025,1155.00,Customer 72,Hyderabad,Telangana,271.00,Monitor,Electronics,3.00,"$13,232.00 ",0.00%,"$39,696.00","$30,393.42","$9,302.58",UPI,May,5,2025,76.57%,,,,
14791,5/28/2025,1103.00,Customer 343,Bengaluru,Karnataka,299.00,Pen,Office,1.00,"$43,572.00 ",1500.00%,"$37,036.20","$24,640.85","$12,395.35",UPI,May,5,2025,66.53%,,,,
14792,8/30/2025,1165.00,Customer 485,Mumbai,Maharashtra,270.00,Pen,Office,1.00,"$16,761.00 ",1500.00%,"$14,246.85","$12,495.32","$1,751.53",Cash,August,8,2025,87.71%,,,,
14793,7/12/2025,1351.00,Customer 262,Bengaluru,Karnataka,299.00,Mouse,Electronics,7.00,"$20,989.00 ",1000.00%,"$132,230.70","$116,048.33","$16,182.37",Credit Card,July,7,2025,87.76%,,,,
14794,8/27/2025,1402.00,Customer 286,Bengaluru,Karnataka,237.00,Paper,Office,4.00,"$14,967.00 ",500.00%,"$56,874.60","$38,064.89","$18,809.71",UPI,August,8,2025,66.93%,,,,
14795,1/1/2027,1414.00,Customer 493,Bengaluru,Karnataka,250.00,Chair,Furniture,2.00,"$41,994.00 ",2000.00%,"$67,190.40","$57,577.47","$9,612.93",Credit Card,January,1,2027,85.69%,,,,
14796,5/15/2025,1038.00,Customer 465,Mumbai,Maharashtra,217.00,Laptop,Electronics,3.00,"$12,131.00 ",0.00%,"$36,393.00","$29,962.10","$6,430.90",Debit Card,May,5,2025,82.33%,,,,
14797,5/14/2026,1103.00,Customer 305,Mumbai,Maharashtra,242.00,Notebook,Office,3.00,"$34,716.00 ",500.00%,"$98,940.60","$82,541.43","$16,399.17",UPI,May,5,2026,83.43%,,,,
14798,2/8/2025,1467.00,Customer 315,Hyderabad,Telangana,292.00,Chair,Furniture,7.00,"$30,960.00 ",1000.00%,"$195,048.00","$127,848.89","$67,199.11",Credit Card,February,2,2025,65.55%,,,,
14799,11/14/2026,1433.00,Customer 456,Delhi,Delhi,224.00,Table,Furniture,1.00,"$36,661.00 ",1500.00%,"$31,161.85","$22,708.81","$8,453.04",Debit Card,November,11,2026,72.87%,,,,
14800,11/15/2025,1457.00,Customer 389,Pune,Maharashtra,203.00,Paper,Office,2.00,"$31,324.00 ",1000.00%,"$56,383.20","$48,788.37","$7,594.83",Credit Card,November,11,2025,86.53%,,,,
14801,1/29/2025,1073.00,Customer 61,Mumbai,Maharashtra,279.00,Notebook,Office,6.00,"$22,549.00 ",500.00%,"$128,529.30","$115,652.43","$12,876.87",Cash,January,1,2025,89.98%,,,,
14802,12/16/2025,1053.00,Customer 37,Delhi,Delhi,229.00,Desk,Furniture,3.00,"$28,812.00 ",1500.00%,"$73,470.60","$49,313.17","$24,157.43",UPI,December,12,2025,67.12%,,,,
14803,12/6/2025,1177.00,Customer 179,Pune,Maharashtra,238.00,Table,Furniture,4.00,"$20,126.00 ",1000.00%,"$72,453.60","$48,870.74","$23,582.86",Debit Card,December,12,2025,67.45%,,,,
14804,5/9/2026,1016.00,Customer 161,Bengaluru,Karnataka,257.00,Notebook,Office,2.00,"$15,033.00 ",0.00%,"$30,066.00","$23,252.35","$6,813.65",Cash,May,5,2026,77.34%,,,,
14805,8/16/2026,1267.00,Customer 21,Mumbai,Maharashtra,281.00,Desk,Furniture,7.00,"$38,315.00 ",2000.00%,"$214,564.00","$145,628.22","$68,935.78",Credit Card,August,8,2026,67.87%,,,,
14806,10/6/2026,1248.00,Customer 367,Chennai,Tamil Nadu,287.00,Chair,Furniture,3.00,"$7,978.00 ",1000.00%,"$21,540.60","$15,320.36","$6,220.24",Debit Card,October,10,2026,71.12%,,,,
14807,9/17/2025,1038.00,Customer 277,Pune,Maharashtra,243.00,Paper,Office,8.00,"$16,642.00 ",1500.00%,"$113,165.60","$92,796.33","$20,369.27",UPI,September,9,2025,82.00%,,,,
14808,12/27/2026,1170.00,Customer 264,Pune,Maharashtra,233.00,Chair,Furniture,5.00,"$38,062.00 ",0.00%,"$190,310.00","$167,601.70","$22,708.30",Debit Card,December,12,2026,88.07%,,,,
14809,6/14/2026,1077.00,Customer 143,Delhi,Delhi,294.00,Keyboard,Electronics,4.00,"$42,224.00 ",0.00%,"$168,896.00","$123,934.02","$44,961.98",UPI,June,6,2026,73.38%,,,,
14810,9/13/2026,1258.00,Customer 186,Mumbai,Maharashtra,201.00,Pen,Office,3.00,"$14,465.00 ",1000.00%,"$39,055.50","$32,439.21","$6,616.29",UPI,September,9,2026,83.06%,,,,
14811,9/26/2025,1032.00,Customer 98,Mumbai,Maharashtra,275.00,Laptop,Electronics,2.00,"$42,387.00 ",500.00%,"$80,535.30","$59,125.08","$21,410.22",Cash,September,9,2025,73.42%,,,,
14812,5/28/2026,1424.00,Customer 99,Mumbai,Maharashtra,238.00,Table,Furniture,1.00,"$35,767.00 ",0.00%,"$35,767.00","$29,490.00","$6,277.00",Credit Card,May,5,2026,82.45%,,,,
14813,11/21/2026,1096.00,Customer 468,Delhi,Delhi,278.00,Desk,Furniture,5.00,$512.00 ,1000.00%,"$2,304.00","$2,052.75",$251.25,UPI,November,11,2026,89.10%,,,,
14814,1/4/2025,1408.00,Customer 128,Bengaluru,Karnataka,266.00,Chair,Furniture,6.00,"$15,321.00 ",1000.00%,"$82,733.40","$62,505.88","$20,227.52",UPI,January,1,2025,75.55%,,,,
14815,5/1/2026,1072.00,Customer 408,Chennai,Tamil Nadu,279.00,Monitor,Electronics,8.00,"$14,652.00 ",1000.00%,"$105,494.40","$63,447.05","$42,047.35",Debit Card,May,5,2026,60.14%,,,,
14816,7/6/2026,1358.00,Customer 229,Chennai,Tamil Nadu,221.00,Chair,Furniture,7.00,"$8,692.00 ",0.00%,"$60,844.00","$38,510.05","$22,333.95",Cash,July,7,2026,63.29%,,,,
14817,8/6/2026,1204.00,Customer 217,Chennai,Tamil Nadu,215.00,Laptop,Electronics,5.00,"$46,356.00 ",1000.00%,"$208,602.00","$133,546.72","$75,055.28",Cash,August,8,2026,64.02%,,,,
14818,2/12/2025,1251.00,Customer 456,Delhi,Delhi,210.00,Mouse,Electronics,3.00,"$47,725.00 ",1500.00%,"$121,698.75","$94,217.21","$27,481.54",Cash,February,2,2025,77.42%,,,,
14819,5/27/2025,1065.00,Customer 412,Hyderabad,Telangana,242.00,Monitor,Electronics,1.00,"$11,427.00 ",0.00%,"$11,427.00","$7,850.33","$3,576.67",Credit Card,May,5,2025,68.70%,,,,
14820,9/17/2026,1467.00,Customer 301,Mumbai,Maharashtra,250.00,Chair,Furniture,2.00,"$2,881.00 ",0.00%,"$5,762.00","$4,426.32","$1,335.68",UPI,September,9,2026,76.82%,,,,
14821,7/22/2026,1202.00,Customer 186,Delhi,Delhi,272.00,Pen,Office,2.00,"$34,783.00 ",1000.00%,"$62,609.40","$50,929.15","$11,680.25",Debit Card,July,7,2026,81.34%,,,,
14822,10/13/2026,1126.00,Customer 34,Hyderabad,Telangana,258.00,Laptop,Electronics,5.00,"$14,122.00 ",2000.00%,"$56,488.00","$38,932.91","$17,555.09",Debit Card,October,10,2026,68.92%,,,,
14823,8/5/2026,1385.00,Customer 205,Pune,Maharashtra,236.00,Notebook,Office,3.00,"$16,541.00 ",500.00%,"$47,141.85","$33,617.67","$13,524.18",Debit Card,August,8,2026,71.31%,,,,
14824,11/15/2026,1325.00,Customer 290,Chennai,Tamil Nadu,213.00,Notebook,Office,8.00,"$43,379.00 ",0.00%,"$347,032.00","$258,405.87","$88,626.13",Debit Card,November,11,2026,74.46%,,,,
14825,6/3/2025,1426.00,Customer 270,Bengaluru,Karnataka,230.00,Laptop,Electronics,4.00,"$49,129.00 ",1500.00%,"$167,038.60","$136,481.42","$30,557.18",UPI,June,6,2025,81.71%,,,,
14826,5/24/2025,1161.00,Customer 153,Bengaluru,Karnataka,245.00,Notebook,Office,8.00,"$24,127.00 ",2000.00%,"$154,412.80","$98,360.46","$56,052.34",UPI,May,5,2025,63.70%,,,,
14827,9/23/2025,1475.00,Customer 370,Bengaluru,Karnataka,290.00,Pen,Office,7.00,"$19,089.00 ",1500.00%,"$113,579.55","$75,188.30","$38,391.25",Cash,September,9,2025,66.20%,,,,
14828,6/2/2025,1014.00,Customer 430,Pune,Maharashtra,222.00,Desk,Furniture,2.00,"$47,288.00 ",2000.00%,"$75,660.80","$59,913.85","$15,746.95",Credit Card,June,6,2025,79.19%,,,,
14829,2/28/2025,1239.00,Customer 375,Pune,Maharashtra,292.00,Chair,Furniture,8.00,"$1,816.00 ",1000.00%,"$13,075.20","$8,701.14","$4,374.06",Cash,February,2,2025,66.55%,,,,
14830,4/20/2025,1191.00,Customer 113,Mumbai,Maharashtra,241.00,Table,Furniture,6.00,"$3,071.00 ",1000.00%,"$16,583.40","$14,535.79","$2,047.61",Cash,April,4,2025,87.65%,,,,
14831,8/15/2026,1396.00,Customer 126,Delhi,Delhi,217.00,Table,Furniture,5.00,"$33,751.00 ",1000.00%,"$151,879.50","$114,504.53","$37,374.97",Debit Card,August,8,2026,75.39%,,,,
14832,5/19/2025,1244.00,Customer 151,Hyderabad,Telangana,291.00,Pen,Office,8.00,"$30,461.00 ",500.00%,"$231,503.60","$142,924.01","$88,579.59",Debit Card,May,5,2025,61.74%,,,,
14833,10/12/2026,1046.00,Customer 201,Hyderabad,Telangana,237.00,Desk,Furniture,3.00,"$4,457.00 ",0.00%,"$13,371.00","$8,209.86","$5,161.14",UPI,October,10,2026,61.40%,,,,
14834,10/16/2025,1117.00,Customer 71,Bengaluru,Karnataka,261.00,Paper,Office,8.00,"$19,386.00 ",500.00%,"$147,333.60","$116,212.12","$31,121.48",UPI,October,10,2025,78.88%,,,,
14835,7/15/2026,1483.00,Customer 308,Mumbai,Maharashtra,206.00,Pen,Office,5.00,"$17,059.00 ",500.00%,"$81,030.25","$57,065.23","$23,965.02",Debit Card,July,7,2026,70.42%,,,,
14836,1/29/2026,1173.00,Customer 425,Bengaluru,Karnataka,241.00,Desk,Furniture,8.00,"$2,883.00 ",500.00%,"$21,910.80","$15,789.51","$6,121.29",Cash,January,1,2026,72.06%,,,,
14837,1/7/2025,1236.00,Customer 430,Delhi,Delhi,274.00,Laptop,Electronics,6.00,"$12,182.00 ",0.00%,"$73,092.00","$44,825.81","$28,266.19",UPI,January,1,2025,61.33%,,,,
14838,9/7/2026,1444.00,Customer 433,Chennai,Tamil Nadu,268.00,Desk,Furniture,5.00,"$39,426.00 ",2000.00%,"$157,704.00","$129,333.71","$28,370.29",Debit Card,September,9,2026,82.01%,,,,
14839,7/5/2025,1373.00,Customer 483,Pune,Maharashtra,201.00,Chair,Furniture,8.00,"$18,489.00 ",500.00%,"$140,516.40","$96,481.45","$44,034.95",Debit Card,July,7,2025,68.66%,,,,
14840,3/16/2025,1064.00,Customer 471,Mumbai,Maharashtra,225.00,Notebook,Office,7.00,"$30,352.00 ",2000.00%,"$169,971.20","$130,504.93","$39,466.27",UPI,March,3,2025,76.78%,,,,
14841,1/17/2026,1257.00,Customer 418,Bengaluru,Karnataka,210.00,Laptop,Electronics,5.00,"$16,806.00 ",2000.00%,"$67,224.00","$42,446.80","$24,777.20",Debit Card,January,1,2026,63.14%,,,,
14842,6/11/2026,1463.00,Customer 435,Chennai,Tamil Nadu,220.00,Monitor,Electronics,3.00,"$16,987.00 ",1000.00%,"$45,864.90","$32,772.32","$13,092.58",Credit Card,June,6,2026,71.45%,,,,
14843,4/28/2026,1088.00,Customer 146,Bengaluru,Karnataka,223.00,Pen,Office,3.00,"$15,636.00 ",500.00%,"$44,562.60","$35,463.62","$9,098.98",Cash,April,4,2026,79.58%,,,,
14844,2/11/2026,1315.00,Customer 206,Bengaluru,Karnataka,259.00,Paper,Office,5.00,"$41,521.00 ",1500.00%,"$176,464.25","$151,304.71","$25,159.54",Cash,February,2,2026,85.74%,,,,
14845,1/18/2025,1431.00,Customer 157,Delhi,Delhi,204.00,Paper,Office,3.00,"$5,153.00 ",1500.00%,"$13,140.15","$9,544.53","$3,595.62",Credit Card,January,1,2025,72.64%,,,,
14846,11/15/2026,1031.00,Customer 227,Delhi,Delhi,296.00,Keyboard,Electronics,2.00,"$10,460.00 ",0.00%,"$20,920.00","$14,623.63","$6,296.37",Credit Card,November,11,2026,69.90%,,,,
14847,11/29/2025,1336.00,Customer 173,Pune,Maharashtra,274.00,Mouse,Electronics,2.00,"$41,587.00 ",2000.00%,"$66,539.20","$56,391.29","$10,147.91",Cash,November,11,2025,84.75%,,,,
14848,12/8/2025,1480.00,Customer 24,Hyderabad,Telangana,230.00,Laptop,Electronics,8.00,"$45,032.00 ",2000.00%,"$288,204.80","$201,125.29","$87,079.51",Cash,December,12,2025,69.79%,,,,
14849,3/23/2025,1040.00,Customer 480,Delhi,Delhi,285.00,Chair,Furniture,4.00,"$38,759.00 ",2000.00%,"$124,028.80","$105,971.17","$18,057.63",Debit Card,March,3,2025,85.44%,,,,
14850,8/12/2025,1375.00,Customer 72,Chennai,Tamil Nadu,274.00,Paper,Office,6.00,"$8,461.00 ",1500.00%,"$43,151.10","$37,265.72","$5,885.38",Debit Card,August,8,2025,86.36%,,,,
14851,11/8/2026,1181.00,Customer 442,Pune,Maharashtra,281.00,Notebook,Office,5.00,"$8,224.00 ",1500.00%,"$34,952.00","$31,422.01","$3,529.99",Debit Card,November,11,2026,89.90%,,,,
14852,2/20/2026,1398.00,Customer 159,Bengaluru,Karnataka,286.00,Paper,Office,6.00,"$7,708.00 ",1000.00%,"$41,623.20","$36,706.76","$4,916.44",Cash,February,2,2026,88.19%,,,,
14853,7/29/2025,1374.00,Customer 218,Bengaluru,Karnataka,252.00,Desk,Furniture,7.00,"$17,940.00 ",0.00%,"$125,580.00","$84,557.28","$41,022.72",UPI,July,7,2025,67.33%,,,,
14854,11/22/2025,1176.00,Customer 348,Hyderabad,Telangana,233.00,Chair,Furniture,5.00,"$45,368.00 ",1500.00%,"$192,814.00","$153,143.66","$39,670.34",UPI,November,11,2025,79.43%,,,,
14855,7/7/2025,1094.00,Customer 317,Hyderabad,Telangana,253.00,Table,Furniture,7.00,"$16,039.00 ",500.00%,"$106,659.35","$69,727.40","$36,931.95",Debit Card,July,7,2025,65.37%,,,,
14856,11/9/2025,1068.00,Customer 10,Chennai,Tamil Nadu,208.00,Desk,Furniture,8.00,"$31,432.00 ",500.00%,"$238,883.20","$214,915.26","$23,967.94",UPI,November,11,2025,89.97%,,,,
14857,6/11/2026,1004.00,Customer 179,Bengaluru,Karnataka,224.00,Chair,Furniture,2.00,"$47,478.00 ",0.00%,"$94,956.00","$64,731.16","$30,224.84",Debit Card,June,6,2026,68.17%,,,,
14858,11/8/2026,1210.00,Customer 486,Bengaluru,Karnataka,281.00,Laptop,Electronics,2.00,"$2,651.00 ",2000.00%,"$4,241.60","$3,686.32",$555.28,Credit Card,November,11,2026,86.91%,,,,
14859,2/13/2025,1362.00,Customer 392,Delhi,Delhi,278.00,Keyboard,Electronics,5.00,"$16,719.00 ",500.00%,"$79,415.25","$52,807.10","$26,608.15",Credit Card,February,2,2025,66.49%,,,,
14860,9/8/2025,1269.00,Customer 346,Mumbai,Maharashtra,203.00,Pen,Office,1.00,"$9,812.00 ",1500.00%,"$8,340.20","$6,462.43","$1,877.77",Credit Card,September,9,2025,77.49%,,,,
14861,11/7/2026,1055.00,Customer 77,Chennai,Tamil Nadu,300.00,Desk,Furniture,3.00,"$18,999.00 ",2000.00%,"$45,597.60","$36,477.43","$9,120.17",Cash,November,11,2026,80.00%,,,,
14862,6/6/2026,1142.00,Customer 435,Mumbai,Maharashtra,234.00,Mouse,Electronics,2.00,"$49,408.00 ",2000.00%,"$79,052.80","$53,121.54","$25,931.26",UPI,June,6,2026,67.20%,,,,
14863,11/26/2025,1024.00,Customer 164,Chennai,Tamil Nadu,233.00,Desk,Furniture,7.00,"$18,071.00 ",1000.00%,"$113,847.30","$70,543.71","$43,303.59",Credit Card,November,11,2025,61.96%,,,,
14864,7/2/2026,1207.00,Customer 202,Mumbai,Maharashtra,290.00,Pen,Office,7.00,"$14,931.00 ",0.00%,"$104,517.00","$83,944.61","$20,572.39",Credit Card,July,7,2026,80.32%,,,,
14865,4/23/2026,1219.00,Customer 183,Bengaluru,Karnataka,248.00,Pen,Office,3.00,"$23,451.00 ",1500.00%,"$59,800.05","$36,873.30","$22,926.75",UPI,April,4,2026,61.66%,,,,
14866,3/21/2025,1130.00,Customer 94,Mumbai,Maharashtra,250.00,Desk,Furniture,5.00,"$7,117.00 ",2000.00%,"$28,468.00","$22,304.00","$6,164.00",Cash,March,3,2025,78.35%,,,,
14867,2/19/2026,1129.00,Customer 242,Chennai,Tamil Nadu,224.00,Table,Furniture,3.00,"$34,949.00 ",1500.00%,"$89,119.95","$64,743.57","$24,376.38",Credit Card,February,2,2026,72.65%,,,,
14868,3/20/2026,1419.00,Customer 460,Hyderabad,Telangana,285.00,Table,Furniture,4.00,"$41,511.00 ",1500.00%,"$141,137.40","$124,296.33","$16,841.07",Debit Card,March,3,2026,88.07%,,,,
14869,10/22/2026,1202.00,Customer 70,Mumbai,Maharashtra,276.00,Notebook,Office,2.00,"$19,328.00 ",1500.00%,"$32,857.60","$21,837.05","$11,020.55",UPI,October,10,2026,66.46%,,,,
14870,5/30/2025,1171.00,Customer 433,Delhi,Delhi,226.00,Chair,Furniture,7.00,"$41,368.00 ",1500.00%,"$246,139.60","$150,922.55","$95,217.05",Credit Card,May,5,2025,61.32%,,,,
14871,11/30/2026,1448.00,Customer 315,Hyderabad,Telangana,291.00,Desk,Furniture,5.00,"$42,173.00 ",1500.00%,"$179,235.25","$137,416.00","$41,819.25",Credit Card,November,11,2026,76.67%,,,,
14872,11/18/2026,1198.00,Customer 117,Mumbai,Maharashtra,264.00,Monitor,Electronics,6.00,"$19,571.00 ",1000.00%,"$105,683.40","$93,723.44","$11,959.96",Debit Card,November,11,2026,88.68%,,,,
14873,11/30/2025,1197.00,Customer 139,Hyderabad,Telangana,299.00,Keyboard,Electronics,3.00,"$49,817.00 ",1500.00%,"$127,033.35","$85,770.14","$41,263.21",Debit Card,November,11,2025,67.52%,,,,
14874,12/3/2025,1498.00,Customer 433,Mumbai,Maharashtra,219.00,Chair,Furniture,3.00,"$49,097.00 ",500.00%,"$139,926.45","$109,225.75","$30,700.70",Debit Card,December,12,2025,78.06%,,,,
14875,9/25/2025,1272.00,Customer 31,Pune,Maharashtra,219.00,Desk,Furniture,4.00,"$29,087.00 ",1000.00%,"$104,713.20","$85,816.90","$18,896.30",Debit Card,September,9,2025,81.95%,,,,
14876,11/9/2026,1095.00,Customer 486,Bengaluru,Karnataka,264.00,Chair,Furniture,8.00,"$29,727.00 ",2000.00%,"$190,252.80","$137,527.40","$52,725.40",Cash,November,11,2026,72.29%,,,,
14877,5/9/2026,1262.00,Customer 425,Delhi,Delhi,215.00,Table,Furniture,7.00,"$26,411.00 ",2000.00%,"$147,901.60","$115,923.04","$31,978.56",UPI,May,5,2026,78.38%,,,,
14878,8/1/2025,1240.00,Customer 245,Bengaluru,Karnataka,293.00,Pen,Office,2.00,"$8,284.00 ",1000.00%,"$14,911.20","$12,479.36","$2,431.84",UPI,August,8,2025,83.69%,,,,
14879,2/18/2025,1455.00,Customer 408,Pune,Maharashtra,279.00,Desk,Furniture,1.00,"$30,741.00 ",2000.00%,"$24,592.80","$18,306.40","$6,286.40",Credit Card,February,2,2025,74.44%,,,,
14880,10/30/2025,1440.00,Customer 441,Chennai,Tamil Nadu,234.00,Chair,Furniture,5.00,"$33,950.00 ",1500.00%,"$144,287.50","$128,926.46","$15,361.04",Cash,October,10,2025,89.35%,,,,
14881,12/25/2025,1201.00,Customer 430,Bengaluru,Karnataka,276.00,Pen,Office,5.00,"$44,808.00 ",0.00%,"$224,040.00","$179,110.52","$44,929.48",Cash,December,12,2025,79.95%,,,,
14882,8/14/2025,1289.00,Customer 41,Mumbai,Maharashtra,279.00,Paper,Office,6.00,"$32,387.00 ",0.00%,"$194,322.00","$150,287.87","$44,034.13",Credit Card,August,8,2025,77.34%,,,,
14883,10/21/2026,1425.00,Customer 161,Mumbai,Maharashtra,262.00,Pen,Office,2.00,"$3,516.00 ",1500.00%,"$5,977.20","$4,444.04","$1,533.16",Credit Card,October,10,2026,74.35%,,,,
14884,10/22/2025,1234.00,Customer 380,Mumbai,Maharashtra,235.00,Keyboard,Electronics,2.00,"$9,606.00 ",1500.00%,"$16,330.20","$10,893.96","$5,436.24",UPI,October,10,2025,66.71%,,,,
14885,2/22/2025,1070.00,Customer 156,Pune,Maharashtra,247.00,Notebook,Office,7.00,"$22,688.00 ",1000.00%,"$142,934.40","$96,872.74","$46,061.66",Cash,February,2,2025,67.77%,,,,
14886,1/18/2026,1460.00,Customer 253,Pune,Maharashtra,300.00,Keyboard,Electronics,3.00,"$46,462.00 ",1000.00%,"$125,447.40","$82,062.41","$43,384.99",Debit Card,January,1,2026,65.42%,,,,
14887,9/15/2026,1408.00,Customer 128,Bengaluru,Karnataka,274.00,Paper,Office,8.00,"$47,677.00 ",2000.00%,"$305,132.80","$253,401.28","$51,731.52",Cash,September,9,2026,83.05%,,,,
14888,9/15/2025,1252.00,Customer 455,Mumbai,Maharashtra,209.00,Keyboard,Electronics,2.00,"$47,818.00 ",0.00%,"$95,636.00","$85,511.42","$10,124.58",Cash,September,9,2025,89.41%,,,,
14889,6/12/2025,1282.00,Customer 14,Chennai,Tamil Nadu,300.00,Desk,Furniture,8.00,"$11,307.00 ",500.00%,"$85,933.20","$56,556.31","$29,376.89",UPI,June,6,2025,65.81%,,,,
14890,11/21/2026,1167.00,Customer 214,Mumbai,Maharashtra,208.00,Keyboard,Electronics,8.00,"$4,809.00 ",0.00%,"$38,472.00","$27,753.77","$10,718.23",Debit Card,November,11,2026,72.14%,,,,
14891,3/13/2026,1283.00,Customer 117,Bengaluru,Karnataka,300.00,Paper,Office,8.00,"$43,486.00 ",500.00%,"$330,493.60","$229,019.25","$101,474.35",UPI,March,3,2026,69.30%,,,,
14892,5/26/2026,1020.00,Customer 424,Mumbai,Maharashtra,262.00,Chair,Furniture,6.00,"$35,322.00 ",0.00%,"$211,932.00","$127,971.30","$83,960.70",Cash,May,5,2026,60.38%,,,,
14893,11/16/2025,1209.00,Customer 90,Mumbai,Maharashtra,282.00,Mouse,Electronics,3.00,"$26,491.00 ",2000.00%,"$63,578.40","$47,755.51","$15,822.89",Cash,November,11,2025,75.11%,,,,
14894,12/19/2025,1482.00,Customer 370,Bengaluru,Karnataka,263.00,Desk,Furniture,3.00,"$9,962.00 ",2000.00%,"$23,908.80","$17,282.75","$6,626.05",UPI,December,12,2025,72.29%,,,,
14895,8/13/2025,1040.00,Customer 72,Pune,Maharashtra,235.00,Notebook,Office,8.00,"$8,425.00 ",500.00%,"$64,030.00","$50,172.26","$13,857.74",Cash,August,8,2025,78.36%,,,,
14896,8/2/2025,1290.00,Customer 330,Mumbai,Maharashtra,296.00,Chair,Furniture,2.00,"$45,753.00 ",500.00%,"$86,930.70","$66,453.30","$20,477.40",UPI,August,8,2025,76.44%,,,,
14897,5/13/2025,1207.00,Customer 70,Chennai,Tamil Nadu,288.00,Mouse,Electronics,8.00,"$2,875.00 ",500.00%,"$21,850.00","$17,599.89","$4,250.11",Credit Card,May,5,2025,80.55%,,,,
14898,12/8/2025,1243.00,Customer 98,Bengaluru,Karnataka,234.00,Table,Furniture,7.00,"$24,967.00 ",1500.00%,"$148,553.65","$123,699.41","$24,854.24",UPI,December,12,2025,83.27%,,,,
14899,9/25/2026,1301.00,Customer 63,Bengaluru,Karnataka,217.00,Pen,Office,7.00,$500.00 ,1500.00%,"$2,975.00","$1,859.08","$1,115.92",Credit Card,September,9,2026,62.49%,,,,
14900,1/28/2026,1046.00,Customer 88,Bengaluru,Karnataka,238.00,Paper,Office,1.00,"$33,696.00 ",1000.00%,"$30,326.40","$20,323.91","$10,002.49",Cash,January,1,2026,67.02%,,,,
14901,2/26/2026,1102.00,Customer 59,Hyderabad,Telangana,266.00,Desk,Furniture,2.00,"$10,100.00 ",1500.00%,"$17,170.00","$14,495.36","$2,674.64",Debit Card,February,2,2026,84.42%,,,,
14902,1/16/2026,1025.00,Customer 196,Bengaluru,Karnataka,234.00,Notebook,Office,6.00,"$24,218.00 ",2000.00%,"$116,246.40","$98,761.11","$17,485.29",Credit Card,January,1,2026,84.96%,,,,
14903,3/12/2025,1087.00,Customer 133,Mumbai,Maharashtra,212.00,Keyboard,Electronics,4.00,"$36,331.00 ",2000.00%,"$116,259.20","$86,802.43","$29,456.77",UPI,March,3,2025,74.66%,,,,
14904,10/8/2026,1415.00,Customer 121,Delhi,Delhi,281.00,Chair,Furniture,7.00,"$3,621.00 ",0.00%,"$25,347.00","$15,765.86","$9,581.14",Credit Card,October,10,2026,62.20%,,,,
14905,1/16/2025,1467.00,Customer 344,Delhi,Delhi,256.00,Keyboard,Electronics,5.00,"$22,225.00 ",0.00%,"$111,125.00","$91,036.34","$20,088.66",UPI,January,1,2025,81.92%,,,,
14906,2/11/2025,1228.00,Customer 262,Chennai,Tamil Nadu,247.00,Table,Furniture,8.00,"$19,076.00 ",0.00%,"$152,608.00","$117,850.10","$34,757.90",Debit Card,February,2,2025,77.22%,,,,
14907,1/1/2027,1458.00,Customer 360,Delhi,Delhi,231.00,Notebook,Office,4.00,"$12,440.00 ",0.00%,"$49,760.00","$32,320.00","$17,440.00",Cash,January,1,2027,64.95%,,,,
14908,10/28/2025,1108.00,Customer 186,Delhi,Delhi,282.00,Keyboard,Electronics,3.00,"$42,470.00 ",500.00%,"$121,039.50","$84,561.56","$36,477.94",Credit Card,October,10,2025,69.86%,,,,
14909,4/21/2026,1157.00,Customer 470,Mumbai,Maharashtra,202.00,Notebook,Office,5.00,"$49,378.00 ",500.00%,"$234,545.50","$157,980.37","$76,565.13",Debit Card,April,4,2026,67.36%,,,,
14910,2/13/2025,1499.00,Customer 261,Hyderabad,Telangana,254.00,Table,Furniture,4.00,"$29,311.00 ",500.00%,"$111,381.80","$77,550.97","$33,830.83",Debit Card,February,2,2025,69.63%,,,,
14911,7/21/2026,1438.00,Customer 203,Bengaluru,Karnataka,282.00,Desk,Furniture,6.00,"$16,467.00 ",500.00%,"$93,861.90","$62,050.56","$31,811.34",Cash,July,7,2026,66.11%,,,,
14912,4/20/2026,1272.00,Customer 70,Bengaluru,Karnataka,239.00,Notebook,Office,2.00,"$36,901.00 ",1000.00%,"$66,421.80","$46,960.31","$19,461.49",Debit Card,April,4,2026,70.70%,,,,
14913,9/6/2025,1191.00,Customer 280,Bengaluru,Karnataka,210.00,Notebook,Office,1.00,"$7,754.00 ",1500.00%,"$6,590.90","$4,330.99","$2,259.91",Debit Card,September,9,2025,65.71%,,,,
14914,9/22/2026,1184.00,Customer 246,Chennai,Tamil Nadu,266.00,Paper,Office,6.00,"$28,219.00 ",2000.00%,"$135,451.20","$101,498.87","$33,952.33",UPI,September,9,2026,74.93%,,,,
14915,2/26/2026,1171.00,Customer 249,Hyderabad,Telangana,227.00,Keyboard,Electronics,5.00,"$13,903.00 ",500.00%,"$66,039.25","$54,821.53","$11,217.72",UPI,February,2,2026,83.01%,,,,
14916,6/1/2025,1281.00,Customer 317,Bengaluru,Karnataka,207.00,Notebook,Office,2.00,"$24,364.00 ",1500.00%,"$41,418.80","$28,781.47","$12,637.33",Cash,June,6,2025,69.49%,,,,
14917,10/23/2026,1061.00,Customer 224,Hyderabad,Telangana,220.00,Pen,Office,6.00,"$47,279.00 ",0.00%,"$283,674.00","$178,377.37","$105,296.63",UPI,October,10,2026,62.88%,,,,
14918,11/17/2026,1126.00,Customer 206,Delhi,Delhi,239.00,Notebook,Office,7.00,"$40,157.00 ",2000.00%,"$224,879.20","$198,491.36","$26,387.84",Credit Card,November,11,2026,88.27%,,,,
14919,11/22/2025,1456.00,Customer 41,Bengaluru,Karnataka,264.00,Table,Furniture,5.00,"$29,017.00 ",1000.00%,"$130,576.50","$103,003.18","$27,573.32",UPI,November,11,2025,78.88%,,,,
14920,4/7/2026,1477.00,Customer 183,Hyderabad,Telangana,250.00,Keyboard,Electronics,4.00,"$49,038.00 ",1000.00%,"$176,536.80","$143,687.92","$32,848.88",Debit Card,April,4,2026,81.39%,,,,
14921,2/11/2025,1161.00,Customer 365,Bengaluru,Karnataka,220.00,Chair,Furniture,4.00,"$23,267.00 ",0.00%,"$93,068.00","$76,157.02","$16,910.98",Credit Card,February,2,2025,81.83%,,,,
14922,9/26/2025,1068.00,Customer 439,Hyderabad,Telangana,292.00,Notebook,Office,5.00,"$33,940.00 ",0.00%,"$169,700.00","$114,814.70","$54,885.30",UPI,September,9,2025,67.66%,,,,
14923,3/20/2026,1203.00,Customer 93,Hyderabad,Telangana,240.00,Notebook,Office,7.00,"$6,892.00 ",0.00%,"$48,244.00","$39,882.32","$8,361.68",UPI,March,3,2026,82.67%,,,,
14924,8/27/2026,1121.00,Customer 479,Mumbai,Maharashtra,276.00,Keyboard,Electronics,2.00,"$28,010.00 ",1500.00%,"$47,617.00","$37,546.67","$10,070.33",Cash,August,8,2026,78.85%,,,,
14925,4/9/2025,1256.00,Customer 233,Bengaluru,Karnataka,257.00,Pen,Office,8.00,"$22,024.00 ",2000.00%,"$140,953.60","$90,238.88","$50,714.72",Debit Card,April,4,2025,64.02%,,,,
14926,6/16/2025,1114.00,Customer 111,Chennai,Tamil Nadu,247.00,Table,Furniture,3.00,"$3,738.00 ",1500.00%,"$9,531.90","$7,415.38","$2,116.52",Cash,June,6,2025,77.80%,,,,
14927,8/20/2026,1269.00,Customer 36,Hyderabad,Telangana,232.00,Notebook,Office,6.00,"$23,100.00 ",1000.00%,"$124,740.00","$103,251.57","$21,488.43",UPI,August,8,2026,82.77%,,,,
14928,12/18/2026,1478.00,Customer 385,Delhi,Delhi,299.00,Chair,Furniture,3.00,"$3,142.00 ",1000.00%,"$8,483.40","$5,648.04","$2,835.36",Cash,December,12,2026,66.58%,,,,
14929,3/23/2026,1077.00,Customer 311,Pune,Maharashtra,239.00,Chair,Furniture,7.00,"$17,905.00 ",1000.00%,"$112,801.50","$77,996.04","$34,805.46",Debit Card,March,3,2026,69.14%,,,,
14930,3/22/2026,1098.00,Customer 401,Hyderabad,Telangana,223.00,Paper,Office,6.00,"$38,996.00 ",500.00%,"$222,277.20","$146,932.95","$75,344.25",Credit Card,March,3,2026,66.10%,,,,
14931,1/20/2025,1039.00,Customer 299,Mumbai,Maharashtra,210.00,Keyboard,Electronics,3.00,"$21,899.00 ",0.00%,"$65,697.00","$51,000.59","$14,696.41",Credit Card,January,1,2025,77.63%,,,,
14932,4/12/2026,1267.00,Customer 129,Delhi,Delhi,239.00,Laptop,Electronics,4.00,"$48,699.00 ",2000.00%,"$155,836.80","$111,937.75","$43,899.05",Debit Card,April,4,2026,71.83%,,,,
14933,10/21/2025,1422.00,Customer 235,Delhi,Delhi,218.00,Laptop,Electronics,6.00,"$45,601.00 ",500.00%,"$259,925.70","$225,202.15","$34,723.55",UPI,October,10,2025,86.64%,,,,
14934,11/14/2025,1395.00,Customer 174,Hyderabad,Telangana,272.00,Chair,Furniture,5.00,"$4,380.00 ",0.00%,"$21,900.00","$16,746.24","$5,153.76",Debit Card,November,11,2025,76.47%,,,,
14935,9/28/2025,1458.00,Customer 216,Bengaluru,Karnataka,265.00,Pen,Office,2.00,"$26,014.00 ",1000.00%,"$46,825.20","$37,413.99","$9,411.21",Cash,September,9,2025,79.90%,,,,
14936,1/8/2025,1474.00,Customer 350,Mumbai,Maharashtra,258.00,Table,Furniture,2.00,"$38,479.00 ",0.00%,"$76,958.00","$64,616.20","$12,341.80",Credit Card,January,1,2025,83.96%,,,,
14937,12/22/2025,1025.00,Customer 126,Chennai,Tamil Nadu,264.00,Pen,Office,7.00,"$6,882.00 ",500.00%,"$45,765.30","$38,877.02","$6,888.28",UPI,December,12,2025,84.95%,,,,
14938,9/24/2026,1185.00,Customer 177,Delhi,Delhi,218.00,Laptop,Electronics,5.00,"$27,654.00 ",1500.00%,"$117,529.50","$86,503.83","$31,025.67",Debit Card,September,9,2026,73.60%,,,,
14939,12/11/2026,1466.00,Customer 399,Mumbai,Maharashtra,212.00,Pen,Office,3.00,"$32,971.00 ",1500.00%,"$84,076.05","$73,061.12","$11,014.93",Debit Card,December,12,2026,86.90%,,,,
14940,2/28/2025,1399.00,Customer 293,Hyderabad,Telangana,260.00,Table,Furniture,3.00,"$18,008.00 ",2000.00%,"$43,219.20","$38,717.35","$4,501.85",Credit Card,February,2,2025,89.58%,,,,
14941,12/6/2026,1099.00,Customer 313,Chennai,Tamil Nadu,246.00,Keyboard,Electronics,4.00,"$10,946.00 ",500.00%,"$41,594.80","$36,827.38","$4,767.42",Debit Card,December,12,2026,88.54%,,,,
14942,7/20/2026,1055.00,Customer 226,Mumbai,Maharashtra,231.00,Notebook,Office,7.00,"$38,965.00 ",2000.00%,"$218,204.00","$179,012.32","$39,191.68",Debit Card,July,7,2026,82.04%,,,,
14943,3/1/2026,1457.00,Customer 191,Hyderabad,Telangana,289.00,Laptop,Electronics,4.00,"$19,217.00 ",2000.00%,"$61,494.40","$41,147.33","$20,347.07",Credit Card,March,3,2026,66.91%,,,,
14944,6/20/2026,1311.00,Customer 378,Delhi,Delhi,290.00,Table,Furniture,2.00,"$34,611.00 ",500.00%,"$65,760.90","$49,685.19","$16,075.71",Credit Card,June,6,2026,75.55%,,,,
14945,9/26/2025,1089.00,Customer 126,Chennai,Tamil Nadu,265.00,Desk,Furniture,4.00,"$9,426.00 ",2000.00%,"$30,163.20","$25,326.67","$4,836.53",Debit Card,September,9,2025,83.97%,,,,
14946,9/27/2025,1047.00,Customer 340,Hyderabad,Telangana,272.00,Notebook,Office,6.00,"$7,040.00 ",500.00%,"$40,128.00","$31,057.92","$9,070.08",UPI,September,9,2025,77.40%,,,,
14947,12/15/2025,1059.00,Customer 420,Chennai,Tamil Nadu,261.00,Chair,Furniture,4.00,"$47,385.00 ",0.00%,"$189,540.00","$140,325.75","$49,214.25",Cash,December,12,2025,74.03%,,,,
14948,7/15/2025,1316.00,Customer 79,Pune,Maharashtra,227.00,Notebook,Office,4.00,"$41,048.00 ",0.00%,"$164,192.00","$100,225.21","$63,966.79",Cash,July,7,2025,61.04%,,,,
14949,9/9/2025,1032.00,Customer 451,Mumbai,Maharashtra,244.00,Mouse,Electronics,2.00,"$48,777.00 ",500.00%,"$92,676.30","$59,362.96","$33,313.34",Debit Card,September,9,2025,64.05%,,,,
14950,9/28/2025,1223.00,Customer 415,Bengaluru,Karnataka,286.00,Mouse,Electronics,2.00,"$14,515.00 ",1500.00%,"$24,675.50","$20,033.58","$4,641.92",Credit Card,September,9,2025,81.19%,,,,
14951,12/15/2025,1262.00,Customer 341,Mumbai,Maharashtra,245.00,Mouse,Electronics,8.00,"$30,375.00 ",1000.00%,"$218,700.00","$174,499.55","$44,200.45",UPI,December,12,2025,79.79%,,,,
14952,4/10/2026,1078.00,Customer 455,Mumbai,Maharashtra,264.00,Monitor,Electronics,8.00,"$23,087.00 ",0.00%,"$184,696.00","$162,251.04","$22,444.96",Credit Card,April,4,2026,87.85%,,,,
14953,10/16/2026,1404.00,Customer 217,Pune,Maharashtra,218.00,Keyboard,Electronics,2.00,"$3,361.00 ",1000.00%,"$6,049.80","$4,709.30","$1,340.50",Cash,October,10,2026,77.84%,,,,
14954,6/15/2026,1107.00,Customer 190,Pune,Maharashtra,259.00,Notebook,Office,4.00,"$1,198.00 ",500.00%,"$4,552.40","$3,569.76",$982.64,UPI,June,6,2026,78.41%,,,,
14955,1/14/2025,1008.00,Customer 375,Delhi,Delhi,214.00,Notebook,Office,5.00,"$45,733.00 ",500.00%,"$217,231.75","$132,626.38","$84,605.37",UPI,January,1,2025,61.05%,,,,
14956,5/24/2025,1353.00,Customer 4,Delhi,Delhi,249.00,Paper,Office,8.00,"$35,129.00 ",500.00%,"$266,980.40","$182,799.80","$84,180.60",Credit Card,May,5,2025,68.47%,,,,
14957,8/1/2025,1092.00,Customer 243,Bengaluru,Karnataka,202.00,Paper,Office,6.00,"$32,533.00 ",1000.00%,"$175,678.20","$108,675.42","$67,002.78",Debit Card,August,8,2025,61.86%,,,,
14958,12/30/2025,1123.00,Customer 267,Bengaluru,Karnataka,208.00,Pen,Office,8.00,"$41,136.00 ",1500.00%,"$279,724.80","$171,760.60","$107,964.20",Debit Card,December,12,2025,61.40%,,,,
14959,5/3/2025,1482.00,Customer 367,Delhi,Delhi,205.00,Monitor,Electronics,5.00,"$9,881.00 ",500.00%,"$46,934.75","$29,038.42","$17,896.33",Cash,May,5,2025,61.87%,,,,
14960,11/3/2026,1482.00,Customer 13,Pune,Maharashtra,230.00,Notebook,Office,7.00,"$39,306.00 ",2000.00%,"$220,113.60","$177,552.21","$42,561.39",Cash,November,11,2026,80.66%,,,,
14961,2/1/2025,1338.00,Customer 25,Delhi,Delhi,225.00,Monitor,Electronics,8.00,"$5,051.00 ",2000.00%,"$32,326.40","$19,561.03","$12,765.37",Credit Card,February,2,2025,60.51%,,,,
14962,3/19/2026,1474.00,Customer 152,Pune,Maharashtra,236.00,Notebook,Office,3.00,"$4,190.00 ",0.00%,"$12,570.00","$10,552.15","$2,017.85",Credit Card,March,3,2026,83.95%,,,,
14963,7/11/2026,1468.00,Customer 394,Bengaluru,Karnataka,263.00,Mouse,Electronics,8.00,"$24,076.00 ",1500.00%,"$163,716.80","$100,105.72","$63,611.08",Debit Card,July,7,2026,61.15%,,,,
14964,2/6/2025,1209.00,Customer 166,Chennai,Tamil Nadu,236.00,Monitor,Electronics,3.00,"$34,048.00 ",2000.00%,"$81,715.20","$57,318.33","$24,396.87",Cash,February,2,2025,70.14%,,,,
14965,8/2/2025,1043.00,Customer 61,Delhi,Delhi,295.00,Laptop,Electronics,2.00,"$14,890.00 ",0.00%,"$29,780.00","$19,902.16","$9,877.84",Cash,August,8,2025,66.83%,,,,
14966,9/12/2026,1321.00,Customer 206,Bengaluru,Karnataka,251.00,Keyboard,Electronics,6.00,"$31,692.00 ",1500.00%,"$161,629.20","$127,118.71","$34,510.49",UPI,September,9,2026,78.65%,,,,
14967,11/24/2026,1237.00,Customer 247,Pune,Maharashtra,242.00,Chair,Furniture,6.00,$536.00 ,1500.00%,"$2,733.60","$2,222.11",$511.49,Credit Card,November,11,2026,81.29%,,,,
14968,9/8/2026,1277.00,Customer 96,Mumbai,Maharashtra,257.00,Paper,Office,1.00,"$44,499.00 ",500.00%,"$42,274.05","$36,522.14","$5,751.91",Cash,September,9,2026,86.39%,,,,
14969,11/15/2025,1421.00,Customer 40,Delhi,Delhi,270.00,Chair,Furniture,8.00,"$29,637.00 ",500.00%,"$225,241.20","$169,222.92","$56,018.28",Debit Card,November,11,2025,75.13%,,,,
14970,12/3/2025,1338.00,Customer 319,Mumbai,Maharashtra,276.00,Notebook,Office,1.00,"$49,217.00 ",1000.00%,"$44,295.30","$27,981.53","$16,313.77",UPI,December,12,2025,63.17%,,,,
14971,1/7/2026,1090.00,Customer 129,Delhi,Delhi,211.00,Paper,Office,1.00,"$48,713.00 ",1000.00%,"$43,841.70","$26,777.92","$17,063.78",Credit Card,January,1,2026,61.08%,,,,
14972,8/3/2026,1028.00,Customer 437,Hyderabad,Telangana,275.00,Chair,Furniture,2.00,"$34,456.00 ",500.00%,"$65,466.40","$39,869.75","$25,596.65",Debit Card,August,8,2026,60.90%,,,,
14973,6/28/2025,1402.00,Customer 79,Delhi,Delhi,208.00,Mouse,Electronics,4.00,"$1,676.00 ",1000.00%,"$6,033.60","$5,343.51",$690.09,Cash,June,6,2025,88.56%,,,,
14974,2/8/2026,1475.00,Customer 381,Mumbai,Maharashtra,207.00,Chair,Furniture,6.00,"$48,791.00 ",0.00%,"$292,746.00","$179,630.86","$113,115.14",UPI,February,2,2026,61.36%,,,,
14975,10/24/2026,1113.00,Customer 468,Hyderabad,Telangana,225.00,Chair,Furniture,6.00,"$30,732.00 ",500.00%,"$175,172.40","$126,181.43","$48,990.97",Debit Card,October,10,2026,72.03%,,,,
14976,10/27/2025,1347.00,Customer 188,Hyderabad,Telangana,246.00,Paper,Office,3.00,"$47,184.00 ",1000.00%,"$127,396.80","$77,908.69","$49,488.11",Credit Card,October,10,2025,61.15%,,,,
14977,9/21/2026,1276.00,Customer 370,Delhi,Delhi,271.00,Paper,Office,5.00,"$11,115.00 ",500.00%,"$52,796.25","$46,742.92","$6,053.33",UPI,September,9,2026,88.53%,,,,
14978,12/5/2026,1439.00,Customer 412,Mumbai,Maharashtra,296.00,Pen,Office,3.00,"$23,840.00 ",500.00%,"$67,944.00","$58,564.84","$9,379.16",UPI,December,12,2026,86.20%,,,,
14979,10/28/2026,1333.00,Customer 111,Bengaluru,Karnataka,271.00,Keyboard,Electronics,6.00,"$47,361.00 ",500.00%,"$269,957.70","$169,402.91","$100,554.79",UPI,October,10,2026,62.75%,,,,
14980,1/4/2026,1248.00,Customer 32,Mumbai,Maharashtra,273.00,Table,Furniture,6.00,"$12,239.00 ",2000.00%,"$58,747.20","$48,437.96","$10,309.24",Credit Card,January,1,2026,82.45%,,,,
14981,7/22/2026,1063.00,Customer 494,Bengaluru,Karnataka,244.00,Keyboard,Electronics,4.00,"$10,049.00 ",1000.00%,"$36,176.40","$22,188.57","$13,987.83",Cash,July,7,2026,61.33%,,,,
14982,7/26/2025,1080.00,Customer 65,Delhi,Delhi,237.00,Notebook,Office,7.00,"$45,602.00 ",0.00%,"$319,214.00","$279,586.38","$39,627.62",Cash,July,7,2025,87.59%,,,,
14983,9/28/2026,1145.00,Customer 241,Chennai,Tamil Nadu,285.00,Keyboard,Electronics,2.00,"$40,616.00 ",1000.00%,"$73,108.80","$55,430.65","$17,678.15",UPI,September,9,2026,75.82%,,,,
14984,10/5/2025,1277.00,Customer 298,Mumbai,Maharashtra,248.00,Monitor,Electronics,4.00,"$21,072.00 ",1000.00%,"$75,859.20","$63,035.27","$12,823.93",Cash,October,10,2025,83.10%,,,,
14985,4/16/2026,1069.00,Customer 235,Bengaluru,Karnataka,258.00,Mouse,Electronics,7.00,"$4,137.00 ",0.00%,"$28,959.00","$18,416.72","$10,542.28",Cash,April,4,2026,63.60%,,,,
14986,8/8/2026,1404.00,Customer 346,Chennai,Tamil Nadu,243.00,Pen,Office,4.00,"$10,685.00 ",2000.00%,"$34,192.00","$24,975.51","$9,216.49",Credit Card,August,8,2026,73.04%,,,,
14987,6/9/2025,1044.00,Customer 136,Pune,Maharashtra,237.00,Pen,Office,3.00,$321.00 ,500.00%,$914.85,$627.69,$287.16,Debit Card,June,6,2025,68.61%,,,,
14988,5/17/2026,1191.00,Customer 462,Chennai,Tamil Nadu,287.00,Laptop,Electronics,4.00,"$6,210.00 ",500.00%,"$23,598.00","$14,361.40","$9,236.60",Debit Card,May,5,2026,60.86%,,,,
14989,6/14/2026,1382.00,Customer 322,Chennai,Tamil Nadu,250.00,Pen,Office,8.00,"$34,499.00 ",500.00%,"$262,192.40","$173,573.65","$88,618.75",Cash,June,6,2026,66.20%,,,,
14990,12/31/2025,1017.00,Customer 280,Mumbai,Maharashtra,251.00,Chair,Furniture,8.00,"$33,878.00 ",500.00%,"$257,472.80","$222,133.76","$35,339.04",UPI,December,12,2025,86.27%,,,,
14991,4/30/2025,1459.00,Customer 248,Pune,Maharashtra,232.00,Chair,Furniture,4.00,"$4,252.00 ",0.00%,"$17,008.00","$12,948.51","$4,059.49",UPI,April,4,2025,76.13%,,,,
14992,9/15/2025,1373.00,Customer 122,Delhi,Delhi,256.00,Laptop,Electronics,4.00,"$31,418.00 ",0.00%,"$125,672.00","$88,187.80","$37,484.20",Credit Card,September,9,2025,70.17%,,,,
14993,2/27/2026,1019.00,Customer 401,Hyderabad,Telangana,289.00,Notebook,Office,3.00,"$12,035.00 ",2000.00%,"$28,884.00","$22,229.82","$6,654.18",UPI,February,2,2026,76.96%,,,,
14994,8/29/2026,1256.00,Customer 160,Hyderabad,Telangana,276.00,Chair,Furniture,7.00,"$5,714.00 ",1000.00%,"$35,998.20","$23,877.60","$12,120.60",Credit Card,August,8,2026,66.33%,,,,
14995,9/13/2026,1406.00,Customer 53,Bengaluru,Karnataka,257.00,Keyboard,Electronics,3.00,"$46,484.00 ",0.00%,"$139,452.00","$124,862.00","$14,590.00",UPI,September,9,2026,89.54%,,,,
14996,2/16/2025,1075.00,Customer 464,Chennai,Tamil Nadu,223.00,Pen,Office,4.00,"$38,657.00 ",2000.00%,"$123,702.40","$100,693.86","$23,008.54",Credit Card,February,2,2025,81.40%,,,,
14997,5/11/2025,1245.00,Customer 280,Pune,Maharashtra,230.00,Laptop,Electronics,6.00,"$8,721.00 ",500.00%,"$49,709.70","$41,029.43","$8,680.27",UPI,May,5,2025,82.54%,,,,
14998,3/19/2026,1076.00,Customer 195,Hyderabad,Telangana,287.00,Laptop,Electronics,2.00,"$7,364.00 ",500.00%,"$13,991.60","$8,584.10","$5,407.50",UPI,March,3,2026,61.35%,,,,
14999,2/24/2026,1457.00,Customer 205,Chennai,Tamil Nadu,253.00,Notebook,Office,1.00,"$23,896.00 ",500.00%,"$22,701.20","$16,663.44","$6,037.76",Credit Card,February,2,2026,73.40%,,,,
15000,11/12/2025,1185.00,Customer 272,Chennai,Tamil Nadu,287.00,Table,Furniture,5.00,"$29,127.00 ",500.00%,"$138,353.25","$116,492.83","$21,860.42",Credit Card,November,11,2025,84.20%,,,,
